listing_status,list_price,beds,baths,sqft_living,lot_sqft,year_built,city,zip_code,latitude,longitude,hoa_fee,days_on_market,price_per_sqft,listing_type,parking_garage,stories,property_type_LAND,property_type_MOBILE,property_type_MULTI_FAMILY,property_type_SINGLE_FAMILY,property_type_TOWNHOMES,house_age,baths_per_bed
FOR_SALE,1674999,2.0,2.0,1587.0,131.0,2011.0,Austin,78701,30.265737,-97.74657,1808.0,149.0,1055.0,for_sale,1.0,1.0,0,0,0,0,0,15.0,1.0
FOR_SALE,1495000,4.0,3.0,2057.0,144.0,2008.0,Austin,78701,30.267661,-97.749622,1976.0,58.0,727.0,for_sale,4.0,1.0,0,0,0,0,0,18.0,0.75
FOR_SALE,495000,2.0,2.0,1169.0,301.0,1964.0,Austin,78701,30.28065,-97.740283,1404.0,96.0,423.0,for_sale,1.0,1.0,0,0,0,0,0,62.0,1.0
FOR_SALE,560000,2.0,2.0,791.0,61.0,2019.0,Austin,78701,30.255947,-97.738936,669.0,88.0,708.0,for_sale,1.0,1.0,0,0,0,0,0,7.0,1.0
FOR_SALE,264900,1.0,1.0,728.0,113.0,2007.0,Austin,78701,30.265427,-97.73614,583.0,38.0,364.0,for_sale,1.0,1.0,0,0,0,0,0,19.0,1.0
FOR_SALE,500000,1.0,1.0,770.0,100.0,2008.0,Austin,78701,30.267661,-97.749622,725.0,57.0,649.0,for_sale,1.0,1.0,0,0,0,0,0,18.0,1.0
FOR_SALE,550000,1.0,1.0,1176.0,148.0,2002.0,Austin,78701,30.26789,-97.746508,1209.0,185.0,468.0,for_sale,1.0,1.0,0,0,0,0,0,24.0,1.0
FOR_SALE,399000,2.0,1.0,880.0,566.0,1964.0,Austin,78701,30.270079,-97.747568,733.0,8.0,453.0,for_sale,1.0,1.0,0,0,0,0,0,62.0,0.5
PENDING,550000,2.0,2.0,1341.0,335.0,2005.0,Austin,78701,30.257382,-97.739444,965.0,90.0,410.0,for_sale,2.0,1.0,0,0,0,0,0,21.0,1.0
PENDING,1050000,2.0,2.0,1251.0,7048.0,2024.0,Austin,78701,30.279578,-97.742213,1080.0,188.0,839.0,for_sale,2.0,1.0,0,0,0,0,0,2.0,1.0
FOR_SALE,260000,2.0,2.0,880.0,270.0,1966.0,Austin,78701,30.280731,-97.741356,768.0,130.0,295.0,for_sale,1.0,1.0,0,0,0,0,0,60.0,1.0
FOR_SALE,369000,2.0,2.0,1288.0,1011.0,1983.0,Austin,78701,30.255205,-97.738057,1011.0,159.0,286.0,for_sale,2.0,1.0,0,0,0,0,0,43.0,1.0
FOR_SALE,969000,2.0,2.0,1224.0,7048.0,2024.0,Austin,78701,30.259644,-97.737477,967.0,10.0,792.0,for_sale,2.0,1.0,0,0,0,0,0,2.0,1.0
FOR_SALE,360000,1.0,1.0,891.0,7048.0,1949.0,Austin,78701,30.269973,-97.740841,623.0,6.0,404.0,for_sale,2.0,1.0,0,0,0,0,0,77.0,1.0
FOR_SALE,899000,2.0,2.0,1221.0,87.0,2020.0,Austin,78701,30.255947,-97.738936,898.0,34.0,736.0,for_sale,2.0,1.0,0,0,0,0,0,6.0,1.0
FOR_SALE,420000,1.0,1.0,728.0,100.0,2008.0,Austin,78701,30.267661,-97.749622,704.0,94.0,577.0,for_sale,1.0,1.0,0,0,0,0,0,18.0,1.0
FOR_SALE,475900,1.0,1.0,667.0,39.0,2023.0,Austin,78701,30.259644,-97.737477,508.0,33.0,713.0,for_sale,1.0,1.0,0,0,0,0,0,3.0,1.0
FOR_SALE,679900,1.0,1.0,893.0,74.0,2021.0,Austin,78701,30.256396,-97.738839,817.0,116.0,761.0,for_sale,1.0,1.0,0,0,0,0,0,5.0,1.0
PENDING,850000,1.0,1.0,1225.0,7048.0,2008.0,Austin,78701,30.264605,-97.744431,1251.0,38.0,694.0,for_sale,1.0,1.0,0,0,0,0,0,18.0,1.0
PENDING,875000,3.0,2.0,1743.0,1359.0,1983.0,Austin,78701,30.255205,-97.738057,1369.0,47.0,502.0,for_sale,2.0,1.0,0,0,0,0,0,43.0,0.6666666666666666
FOR_SALE,599000,1.0,1.0,892.0,17154.0,2024.0,Austin,78701,30.259644,-97.737477,705.0,168.0,672.0,for_sale,1.0,1.0,0,0,0,0,0,2.0,1.0
FOR_SALE,499000,1.0,1.0,893.0,74.0,2021.0,Austin,78701,30.256396,-97.738839,796.0,156.0,559.0,for_sale,2.0,1.0,0,0,0,0,0,5.0,1.0
FOR_SALE,565000,1.0,1.0,614.0,7048.0,2025.0,Austin,78701,30.260347,-97.738564,473.0,61.0,920.0,for_sale,2.0,1.0,0,0,0,0,0,1.0,1.0
FOR_SALE,735000,2.0,2.0,1058.0,87.0,2024.0,Austin,78701,30.259644,-97.737477,835.0,167.0,695.0,for_sale,1.0,1.0,0,0,0,0,0,2.0,1.0
FOR_SALE,995000,2.0,2.0,1454.0,7048.0,2004.0,Austin,78701,30.265377,-97.737817,1229.0,101.0,684.0,for_sale,2.0,1.0,0,0,0,0,0,22.0,1.0
FOR_SALE,325000,2.0,2.0,1360.0,1059.0,1983.0,Austin,78701,30.255205,-97.738057,1092.0,3.0,239.0,for_sale,2.0,1.0,0,0,0,0,0,43.0,1.0
FOR_SALE,485000,1.0,1.0,685.0,196.0,2014.0,Austin,78701,30.267402,-97.752016,679.0,94.0,708.0,for_sale,1.0,1.0,0,0,0,0,0,12.0,1.0
FOR_SALE,1070000,2.0,2.0,1897.0,240.0,2002.0,Austin,78701,30.26789,-97.746508,1951.0,103.0,564.0,for_sale,2.0,1.0,0,0,0,0,0,24.0,1.0
FOR_SALE,519000,1.0,1.0,801.0,87.0,2008.0,Austin,78701,30.267661,-97.749622,764.0,18.0,648.0,for_sale,1.0,1.0,0,0,0,0,0,18.0,1.0
FOR_SALE,1663500,3.0,3.0,1820.0,7048.0,2025.0,Austin,78701,30.260429,-97.73848,1400.0,65.0,914.0,for_sale,2.0,1.0,0,0,0,0,0,1.0,1.0
FOR_SALE,1500000,2.0,2.0,1464.0,87.0,2008.0,Austin,78701,30.264604,-97.744431,1648.0,296.0,1025.0,for_sale,2.0,1.0,0,0,0,0,0,18.0,1.0
FOR_SALE,875000,2.0,2.0,1174.0,7048.0,2025.0,Austin,78701,30.260429,-97.73848,904.0,80.0,745.0,for_sale,1.0,1.0,0,0,0,0,0,1.0,1.0
FOR_SALE,775000,2.0,2.0,1115.0,131.0,2008.0,Austin,78701,30.267661,-97.749622,1048.0,178.0,695.0,for_sale,2.0,1.0,0,0,0,0,0,18.0,1.0
FOR_SALE,850000,2.0,2.0,1224.0,74.0,2024.0,Austin,78701,30.259644,-97.737477,967.0,138.0,694.0,for_sale,2.0,1.0,0,0,0,0,0,2.0,1.0
FOR_SALE,174000,1.0,1.0,592.0,7048.0,1966.0,Austin,78701,30.280731,-97.741356,517.0,171.0,294.0,for_sale,1.0,1.0,0,0,0,0,0,60.0,1.0
FOR_SALE,189000,2.0,1.0,608.0,270.0,1966.0,Austin,78701,30.280731,-97.741356,792.0,150.0,311.0,for_sale,1.0,1.0,0,0,0,0,0,60.0,0.5
FOR_SALE,1053000,2.0,2.0,1176.0,7048.0,2024.0,Austin,78701,30.259644,-97.737477,869.0,204.0,895.0,for_sale,2.0,1.0,0,0,0,0,0,2.0,1.0
FOR_SALE,635000,2.0,2.0,793.0,61.0,2019.0,Austin,78701,30.255883,-97.73894,675.0,35.0,801.0,for_sale,2.0,1.0,0,0,0,0,0,7.0,1.0
FOR_SALE,379000,0.0,1.0,558.0,157.0,2014.0,Austin,78701,30.267402,-97.752016,556.0,100.0,679.0,for_sale,1.0,1.0,0,0,0,0,0,12.0,1.0
FOR_SALE,349900,1.0,1.0,709.0,440.0,1964.0,Austin,78701,30.270079,-97.747568,568.0,65.0,494.0,for_sale,1.0,1.0,0,0,0,0,0,62.0,1.0
FOR_SALE,369000,1.0,1.0,637.0,78.0,1940.0,Austin,78701,30.270082,-97.743708,631.0,4.0,579.0,for_sale,1.0,1.0,0,0,0,0,0,86.0,1.0
FOR_SALE,849000,2.0,2.0,1115.0,131.0,2008.0,Austin,78701,30.267661,-97.749622,964.0,118.0,761.0,for_sale,2.0,1.0,0,0,0,0,0,18.0,1.0
FOR_SALE,1300000,1.0,1.0,1060.0,244.0,2010.0,Austin,78701,30.261884,-97.742441,1164.0,171.0,1226.0,for_sale,1.0,1.0,0,0,0,0,0,16.0,1.0
FOR_SALE,675000,2.0,2.0,1225.0,161.0,2008.0,Austin,78701,30.267661,-97.749622,1209.0,4.0,551.0,for_sale,2.0,1.0,0,0,0,0,0,18.0,1.0
FOR_SALE,455000,1.0,1.0,1245.0,131.0,2004.0,Austin,78701,30.265377,-97.737817,1244.0,305.0,365.0,for_sale,1.0,1.0,0,0,0,0,0,22.0,1.0
FOR_SALE,474900,2.0,2.0,1169.0,301.0,1964.0,Austin,78701,30.28065,-97.740283,1435.0,31.0,406.0,for_sale,1.0,1.0,0,0,0,0,0,62.0,1.0
FOR_SALE,549900,2.0,2.0,1150.0,12023.0,2017.0,Austin,78701,30.273187,-97.747333,621.0,240.0,478.0,for_sale,1.0,1.0,0,0,0,0,0,9.0,1.0
FOR_SALE,595000,2.0,2.0,793.0,7048.0,2022.0,Austin,78701,30.255883,-97.73894,669.0,53.0,750.0,for_sale,1.0,1.0,0,0,0,0,0,4.0,1.0
FOR_SALE,495000,2.0,1.0,995.0,619.0,1964.0,Austin,78701,30.270079,-97.747568,777.0,58.0,497.0,for_sale,2.0,1.0,0,0,0,0,0,62.0,0.5
FOR_SALE,825000,2.0,2.0,1221.0,96.0,2019.0,Austin,78701,30.255947,-97.738936,1020.0,17.0,676.0,for_sale,2.0,1.0,0,0,0,0,0,7.0,1.0
FOR_SALE,924900,1.0,1.0,1000.0,152.0,2018.0,Austin,78701,30.267758,-97.750937,749.0,74.0,925.0,for_sale,2.0,1.0,0,0,0,0,0,8.0,1.0
PENDING,1249900,2.0,2.0,1474.0,7048.0,2018.0,Austin,78701,30.267758,-97.750937,1044.0,116.0,848.0,for_sale,2.0,1.0,0,0,0,0,0,8.0,1.0
FOR_SALE,630000,1.0,1.0,1520.0,161.0,2004.0,Austin,78701,30.265377,-97.737817,1277.0,34.0,414.0,for_sale,2.0,1.0,0,0,0,0,0,22.0,1.0
FOR_SALE,349000,1.0,1.0,756.0,192.0,2005.0,Austin,78701,30.257382,-97.739444,627.0,65.0,462.0,for_sale,1.0,1.0,0,0,0,0,0,21.0,1.0
FOR_SALE,649500,3.0,2.0,1450.0,1529.0,1966.0,Austin,78701,30.273701,-97.749765,883.0,172.0,448.0,for_sale,2.0,1.0,0,0,0,0,0,60.0,0.6666666666666666
FOR_SALE,500000,2.0,2.0,1459.0,1128.0,1983.0,Austin,78701,30.255205,-97.738057,0.0,65.0,343.0,for_sale,2.0,1.0,0,0,0,0,0,43.0,1.0
FOR_SALE,725000,2.0,2.0,1128.0,105.0,2018.0,Austin,78701,30.258399,-97.739048,1201.0,165.0,643.0,for_sale,1.0,1.0,0,0,0,0,0,8.0,1.0
FOR_SALE,1625000,3.0,3.0,1594.0,131.0,2019.0,Austin,78701,30.255802,-97.73912,1349.0,157.0,1019.0,for_sale,2.0,3.0,0,0,0,0,0,7.0,1.0
FOR_SALE,437500,1.0,1.0,621.0,7048.0,2024.0,Austin,78701,30.260347,-97.738564,478.0,279.0,705.0,for_sale,2.0,1.0,0,0,0,0,0,2.0,1.0
FOR_SALE,1145000,2.0,2.0,1360.0,388.0,2014.0,Austin,78701,30.267402,-97.752016,1347.0,130.0,842.0,for_sale,2.0,1.0,0,0,0,0,0,12.0,1.0
FOR_SALE,1049000,2.0,2.0,1106.0,7048.0,2019.0,Austin,78701,30.267758,-97.750937,830.0,96.0,948.0,for_sale,2.0,1.0,0,0,0,0,0,7.0,1.0
FOR_SALE,650000,1.0,1.0,688.0,196.0,2014.0,Austin,78701,30.267402,-97.752016,683.0,30.0,945.0,for_sale,1.0,1.0,0,0,0,0,0,12.0,1.0
FOR_SALE,204999,1.0,1.0,573.0,253.0,1966.0,Austin,78701,30.280731,-97.741356,496.0,47.0,358.0,for_sale,1.0,1.0,0,0,0,0,0,60.0,1.0
FOR_SALE,1099999,1.0,1.0,1060.0,244.0,2010.0,Austin,78701,30.261884,-97.742441,1126.0,34.0,1038.0,for_sale,1.0,1.0,0,0,0,0,0,16.0,1.0
FOR_SALE,599000,2.0,2.0,1459.0,1128.0,1983.0,Austin,78701,30.255205,-97.738057,1145.0,39.0,411.0,for_sale,2.0,1.0,0,0,0,0,0,43.0,1.0
FOR_SALE,499900,1.0,1.0,663.0,61.0,2018.0,Austin,78701,30.258399,-97.739048,704.0,80.0,754.0,for_sale,1.0,1.0,0,0,0,0,0,8.0,1.0
PENDING,298000,1.0,1.0,607.0,7048.0,2007.0,Austin,78701,30.282731,-97.746159,442.0,31.0,491.0,for_sale,1.0,1.0,0,0,0,0,0,19.0,1.0
FOR_SALE,435000,1.0,1.0,760.0,100.0,2008.0,Austin,78701,30.267661,-97.749622,724.0,150.0,572.0,for_sale,1.0,1.0,0,0,0,0,0,18.0,1.0
FOR_SALE,1699900,3.0,3.0,2009.0,126.0,2018.0,Austin,78701,30.269536,-97.750525,1811.0,73.0,846.0,for_sale,2.0,1.0,0,0,0,0,0,8.0,1.0
FOR_SALE,515000,2.0,2.0,1164.0,292.0,2005.0,Austin,78701,30.257382,-97.739444,965.0,58.0,442.0,for_sale,2.0,1.0,0,0,0,0,0,21.0,1.0
FOR_SALE,895000,2.0,2.0,1059.0,131.0,2008.0,Austin,78701,30.267661,-97.749622,1031.0,128.0,845.0,for_sale,2.0,1.0,0,0,0,0,0,18.0,1.0
FOR_SALE,465000,1.0,1.0,687.0,196.0,2014.0,Austin,78701,30.267402,-97.752016,681.0,36.0,677.0,for_sale,1.0,1.0,0,0,0,0,0,12.0,1.0
FOR_SALE,434000,2.0,2.0,1234.0,967.0,1983.0,Austin,78701,30.255205,-97.738057,909.0,344.0,352.0,for_sale,2.0,1.0,0,0,0,0,0,43.0,1.0
FOR_SALE,1390000,2.0,2.0,1434.0,139.0,2019.0,Austin,78701,30.258399,-97.739048,1607.0,107.0,969.0,for_sale,2.0,1.0,0,0,0,0,0,7.0,1.0
FOR_SALE,1395000,2.0,2.0,1648.0,126.0,2021.0,Austin,78701,30.279578,-97.742213,1466.0,25.0,846.0,for_sale,2.0,1.0,0,0,0,0,0,5.0,1.0
PENDING,919000,2.0,2.0,1516.0,205.0,2008.0,Austin,78701,30.267661,-97.749622,1452.0,33.0,606.0,for_sale,2.0,1.0,0,0,0,0,0,18.0,1.0
FOR_SALE,600000,1.0,1.0,688.0,196.0,2014.0,Austin,78701,30.267402,-97.752016,682.0,130.0,872.0,for_sale,1.0,1.0,0,0,0,0,0,12.0,1.0
SOLD,799000,2.0,2.0,1244.0,174.0,2008.0,Austin,78701,30.267661,-97.749622,1227.0,161.0,343.0,sold,2.0,1.0,0,0,0,0,0,18.0,1.0
SOLD,999000,2.0,2.0,1260.0,100.0,2022.0,Austin,78701,30.255947,-97.738936,1050.0,131.0,343.0,sold,2.0,1.0,0,0,0,0,0,4.0,1.0
SOLD,395000,1.0,1.0,879.0,166.0,2006.0,Austin,78701,30.26001,-97.739409,541.0,167.0,343.0,sold,1.0,1.0,0,0,0,0,0,20.0,1.0
SOLD,1625000,3.0,3.0,2032.0,157.0,2019.0,Austin,78701,30.255883,-97.73894,1698.0,78.0,343.0,sold,2.0,1.0,0,0,0,0,0,7.0,1.0
SOLD,649000,3.0,2.0,796.0,65.0,2022.0,Austin,78701,30.255947,-97.738936,674.0,148.0,343.0,sold,1.0,1.0,0,0,0,0,0,4.0,0.6666666666666666
SOLD,295000,1.0,1.0,469.0,139.0,1973.0,Austin,78701,30.275789,-97.744133,409.0,42.0,343.0,sold,1.0,1.0,0,0,0,0,0,53.0,1.0
SOLD,1300000,2.0,2.0,1579.0,126.0,2011.0,Austin,78701,30.265737,-97.74657,2431.0,443.0,343.0,sold,2.0,1.0,0,0,0,0,0,15.0,1.0
SOLD,550000,1.0,1.0,699.0,57.0,2021.0,Austin,78701,30.256396,-97.738839,612.0,128.0,343.0,sold,1.0,1.0,0,0,0,0,0,5.0,1.0
SOLD,600000,2.0,2.0,791.0,61.0,2022.0,Austin,78701,30.255802,-97.73912,669.0,465.0,343.0,sold,1.0,1.0,0,0,0,0,0,4.0,1.0
SOLD,888000,2.0,2.0,1221.0,96.0,2022.0,Austin,78701,30.255883,-97.73894,1020.0,121.0,343.0,sold,2.0,1.0,0,0,0,0,0,4.0,1.0
SOLD,669000,2.0,2.0,1225.0,7048.0,2008.0,Austin,78701,30.267661,-97.749622,1146.0,153.0,343.0,sold,2.0,1.0,0,0,0,0,0,18.0,1.0
SOLD,599000,1.0,1.0,910.0,70.0,2024.0,Austin,78701,30.279578,-97.742213,713.0,16.0,343.0,sold,1.0,1.0,0,0,0,0,0,2.0,1.0
SOLD,470000,1.0,1.0,852.0,131.0,2008.0,Austin,78701,30.267661,-97.749622,815.0,97.0,343.0,sold,1.0,1.0,0,0,0,0,0,18.0,1.0
SOLD,445000,1.0,1.0,748.0,87.0,2008.0,Austin,78701,30.267661,-97.749622,722.0,44.0,343.0,sold,1.0,1.0,0,0,0,0,0,18.0,1.0
SOLD,220000,1.0,1.0,454.0,135.0,1973.0,Austin,78701,30.275789,-97.744133,366.0,41.0,343.0,sold,1.0,1.0,0,0,0,0,0,53.0,1.0
SOLD,550000,2.0,2.0,1286.0,261.0,2006.0,Austin,78701,30.26001,-97.739409,884.0,109.0,343.0,sold,2.0,1.0,0,0,0,0,0,20.0,1.0
SOLD,849000,2.0,2.0,1250.0,96.0,2019.0,Austin,78701,30.255947,-97.738936,1020.0,125.0,343.0,sold,2.0,1.0,0,0,0,0,0,7.0,1.0
SOLD,950000,1.0,1.0,1169.0,83.0,2011.0,Austin,78701,30.265737,-97.74657,1579.0,265.0,343.0,sold,1.0,1.0,0,0,0,0,0,15.0,1.0
SOLD,550000,2.0,2.0,1189.0,296.0,2006.0,Austin,78701,30.257382,-97.739444,985.0,29.0,343.0,sold,2.0,1.0,0,0,0,0,0,20.0,1.0
SOLD,675000,2.0,2.0,1219.0,231.0,2006.0,Austin,78701,30.26001,-97.739409,838.0,42.0,343.0,sold,2.0,1.0,0,0,0,0,0,20.0,1.0
SOLD,998000,1.0,2.0,1280.0,166.0,2008.0,Austin,78701,30.267661,-97.749622,1179.0,81.0,343.0,sold,2.0,1.0,0,0,0,0,0,18.0,2.0
SOLD,655000,2.0,2.0,793.0,61.0,2019.0,Austin,78701,30.255947,-97.738936,669.0,118.0,343.0,sold,2.0,1.0,0,0,0,0,0,7.0,1.0
SOLD,685000,2.0,2.0,1164.0,292.0,2005.0,Austin,78701,30.257382,-97.739444,965.0,150.0,343.0,sold,2.0,1.0,0,0,0,0,0,21.0,1.0
SOLD,599000,2.0,2.0,1270.0,2004.0,1980.0,Austin,78701,30.281328,-97.743496,400.0,35.0,343.0,sold,2.0,3.0,0,0,0,0,0,46.0,1.0
SOLD,399000,1.0,2.0,954.0,305.0,1973.0,Austin,78701,30.275789,-97.744133,770.0,65.0,343.0,sold,2.0,1.0,0,0,0,0,0,53.0,2.0
SOLD,1699999,2.0,2.0,1759.0,7048.0,2018.0,Austin,78701,30.269536,-97.750525,1549.0,28.0,343.0,sold,2.0,1.0,0,0,0,0,0,8.0,1.0
SOLD,399000,1.0,1.0,1301.0,1437.0,1986.0,Austin,78701,30.281524,-97.746834,584.0,55.0,343.0,sold,1.0,2.0,0,0,0,0,0,40.0,1.0
SOLD,599990,1.0,1.0,860.0,70.0,2024.0,Austin,78701,30.279578,-97.742213,715.0,124.0,343.0,sold,1.0,1.0,0,0,0,0,0,2.0,1.0
SOLD,674000,1.0,1.0,821.0,235.0,2014.0,Austin,78701,30.267402,-97.752016,813.0,36.0,343.0,sold,1.0,1.0,0,0,0,0,0,12.0,1.0
SOLD,330000,1.0,1.0,725.0,714.0,1966.0,Austin,78701,30.273701,-97.749765,430.0,307.0,343.0,sold,1.0,1.0,0,0,0,0,0,60.0,1.0
SOLD,600000,1.0,1.0,1176.0,148.0,2002.0,Austin,78701,30.26789,-97.746508,1094.0,83.0,343.0,sold,1.0,1.0,0,0,0,0,0,24.0,1.0
SOLD,399900,2.0,1.0,960.0,610.0,1964.0,Austin,78701,30.270079,-97.747568,568.0,50.0,343.0,sold,1.0,1.0,0,0,0,0,0,62.0,0.5
SOLD,645000,1.0,1.0,641.0,43560.0,2011.0,Austin,78701,30.265737,-97.74657,800.0,234.0,343.0,sold,1.0,1.0,0,0,0,0,0,15.0,1.0
SOLD,875000,1.0,1.0,1225.0,87.0,2008.0,Austin,78701,30.264604,-97.744431,1462.0,150.0,343.0,sold,1.0,1.0,0,0,0,0,0,18.0,1.0
SOLD,480000,1.0,1.0,852.0,113.0,2008.0,Austin,78701,30.267661,-97.749622,815.0,74.0,343.0,sold,1.0,1.0,0,0,0,0,0,18.0,1.0
SOLD,1499000,1.0,1.0,921.0,148.0,2018.0,Austin,78701,30.26626,-97.749883,1050.0,64.0,343.0,sold,1.0,1.0,0,0,0,0,0,8.0,1.0
SOLD,619999,2.0,2.0,796.0,44.0,2022.0,Austin,78701,30.255947,-97.738936,695.0,179.0,343.0,sold,1.0,1.0,0,0,0,0,0,4.0,1.0
SOLD,1700000,2.0,2.0,1428.0,405.0,2014.0,Austin,78701,30.267402,-97.752016,1414.0,471.0,343.0,sold,2.0,1.0,0,0,0,0,0,12.0,1.0
SOLD,515000,2.0,2.0,1014.0,157.0,1965.0,Austin,78701,30.274085,-97.742871,1098.0,95.0,343.0,sold,1.0,1.0,0,0,0,0,0,61.0,1.0
SOLD,429000,1.0,1.0,849.0,105.0,1940.0,Austin,78701,30.270082,-97.743708,784.0,42.0,343.0,sold,1.0,1.0,0,0,0,0,0,86.0,1.0
SOLD,845000,2.0,2.0,1016.0,157.0,2018.0,Austin,78701,30.267758,-97.750937,798.0,121.0,343.0,sold,2.0,1.0,0,0,0,0,0,8.0,1.0
SOLD,925000,2.0,2.0,1244.0,174.0,2008.0,Austin,78701,30.267661,-97.749622,1163.0,100.0,343.0,sold,2.0,1.0,0,0,0,0,0,18.0,1.0
SOLD,475000,1.0,1.0,745.0,1024.0,2017.0,Austin,78701,30.277954,-97.748131,330.0,89.0,343.0,sold,1.0,1.0,0,0,0,0,0,9.0,1.0
SOLD,999000,2.0,2.0,1897.0,240.0,2002.0,Austin,78701,30.26789,-97.746508,1764.0,59.0,343.0,sold,1.0,1.0,0,0,0,0,0,24.0,1.0
SOLD,1180000,2.0,2.0,1376.0,392.0,2014.0,Austin,78701,30.267402,-97.752016,1363.0,52.0,343.0,sold,2.0,1.0,0,0,0,0,0,12.0,1.0
SOLD,629999,2.0,1.0,846.0,52.0,2018.0,Austin,78701,30.269536,-97.750525,758.0,104.0,343.0,sold,1.0,1.0,0,0,0,0,0,8.0,0.5
SOLD,1099900,2.0,2.0,1293.0,100.0,2019.0,Austin,78701,30.255802,-97.73912,952.0,104.0,343.0,sold,2.0,1.0,0,0,0,0,0,7.0,1.0
SOLD,1099999,2.0,2.0,1260.0,87.0,2022.0,Austin,78701,30.255947,-97.738936,1051.0,49.0,343.0,sold,2.0,1.0,0,0,0,0,0,4.0,1.0
SOLD,314900,0.0,1.0,558.0,174.0,2014.0,Austin,78701,30.267402,-97.752016,553.0,152.0,343.0,sold,1.0,1.0,0,0,0,0,0,12.0,1.0
SOLD,559000,1.0,1.0,832.0,148.0,2008.0,Austin,78701,30.267661,-97.749622,1049.0,48.0,343.0,sold,1.0,1.0,0,0,0,0,0,18.0,1.0
SOLD,460000,1.0,1.0,1005.0,131.0,2006.0,Austin,78701,30.26001,-97.739409,618.0,131.0,343.0,sold,1.0,1.0,0,0,0,0,0,20.0,1.0
SOLD,199000,1.0,1.0,608.0,270.0,1966.0,Austin,78701,30.280731,-97.741356,530.0,131.0,343.0,sold,1.0,1.0,0,0,0,0,0,60.0,1.0
SOLD,674900,2.0,2.0,1128.0,87.0,2018.0,Austin,78701,30.258399,-97.739048,1174.0,141.0,343.0,sold,1.0,1.0,0,0,0,0,0,8.0,1.0
SOLD,435000,2.0,2.0,1459.0,1133.0,1983.0,Austin,78701,30.255205,-97.738057,1075.0,328.0,343.0,sold,2.0,1.0,0,0,0,0,0,43.0,1.0
SOLD,1400000,2.0,2.0,1457.0,222.0,2018.0,Austin,78701,30.267758,-97.750937,1144.0,19.0,343.0,sold,2.0,1.0,0,0,0,0,0,8.0,1.0
SOLD,446000,1.0,1.0,852.0,213.0,2005.0,Austin,78701,30.257382,-97.739444,658.0,192.0,343.0,sold,1.0,1.0,0,0,0,0,0,21.0,1.0
SOLD,530000,1.0,1.0,641.0,52.0,2022.0,Austin,78701,30.256396,-97.738839,487.0,9.0,343.0,sold,1.0,1.0,0,0,0,0,0,4.0,1.0
SOLD,1650000,3.0,3.0,1930.0,7048.0,2021.0,Austin,78701,30.279578,-97.742213,1612.0,23.0,343.0,sold,2.0,1.0,0,0,0,0,0,5.0,1.0
SOLD,439000,1.0,1.0,760.0,100.0,2008.0,Austin,78701,30.267661,-97.749622,724.0,480.0,343.0,sold,1.0,1.0,0,0,0,0,0,18.0,1.0
SOLD,1499000,2.0,2.0,1457.0,222.0,2019.0,Austin,78701,30.267758,-97.750937,1114.0,20.0,343.0,sold,2.0,1.0,0,0,0,0,0,7.0,1.0
SOLD,515000,1.0,1.0,801.0,105.0,2008.0,Austin,78701,30.267661,-97.749622,764.0,23.0,343.0,sold,1.0,1.0,0,0,0,0,0,18.0,1.0
SOLD,680000,1.0,1.0,727.0,113.0,2018.0,Austin,78701,30.267758,-97.750937,570.0,75.0,343.0,sold,1.0,1.0,0,0,0,0,0,8.0,1.0
SOLD,535000,2.0,2.0,1311.0,575.0,2007.0,Austin,78701,30.282731,-97.746159,711.0,51.0,343.0,sold,2.0,1.0,0,0,0,0,0,19.0,1.0
SOLD,469000,1.0,1.0,652.0,39.0,2018.0,Austin,78701,30.269536,-97.750525,587.0,69.0,343.0,sold,1.0,1.0,0,0,0,0,0,8.0,1.0
SOLD,179900,1.0,1.0,573.0,261.0,1966.0,Austin,78701,30.280731,-97.741356,496.0,278.0,343.0,sold,1.0,1.0,0,0,0,0,0,60.0,1.0
SOLD,1495000,4.0,2.0,2057.0,279.0,2008.0,Austin,78701,30.267661,-97.749622,1976.0,255.0,343.0,sold,4.0,1.0,0,0,0,0,0,18.0,0.5
SOLD,349900,2.0,2.0,1459.0,1150.0,1983.0,Austin,78701,30.255205,-97.738057,1145.0,27.0,343.0,sold,2.0,1.0,0,0,0,0,0,43.0,1.0
SOLD,339700,2.0,2.0,1288.0,1011.0,1983.0,Austin,78701,30.255205,-97.738057,1011.0,101.0,343.0,sold,2.0,1.0,0,0,0,0,0,43.0,1.0
SOLD,1299000,2.0,2.0,1281.0,7048.0,2019.0,Austin,78701,30.267758,-97.750937,991.0,67.0,343.0,sold,2.0,1.0,0,0,0,0,0,7.0,1.0
SOLD,699000,2.0,2.0,1059.0,144.0,2008.0,Austin,78701,30.267661,-97.749622,1031.0,207.0,343.0,sold,2.0,1.0,0,0,0,0,0,18.0,1.0
SOLD,445000,1.0,1.0,732.0,87.0,2008.0,Austin,78701,30.267661,-97.749622,776.0,402.0,343.0,sold,1.0,1.0,0,0,0,0,0,18.0,1.0
SOLD,875000,2.0,2.0,1106.0,166.0,2018.0,Austin,78701,30.267758,-97.750937,859.0,54.0,343.0,sold,2.0,1.0,0,0,0,0,0,8.0,1.0
SOLD,568500,0.0,1.0,821.0,4356.0,2016.0,Austin,78701,30.267402,-97.752016,813.0,45.0,343.0,sold,1.0,2.0,0,0,0,0,0,10.0,1.0
SOLD,425000,1.0,1.0,760.0,87.0,2008.0,Austin,78701,30.267661,-97.749622,710.0,59.0,343.0,sold,1.0,1.0,0,0,0,0,0,18.0,1.0
SOLD,495000,2.0,2.0,1288.0,1002.0,1983.0,Austin,78701,30.255205,-97.738057,949.0,287.0,343.0,sold,2.0,1.0,0,0,0,0,0,43.0,1.0
SOLD,385000,1.0,1.0,832.0,7048.0,1949.0,Austin,78701,30.269973,-97.740841,624.0,89.0,343.0,sold,2.0,1.0,0,0,0,1,0,77.0,1.0
SOLD,520000,1.0,1.0,740.0,7048.0,2022.0,Austin,78701,30.256384,-97.738876,487.0,529.0,343.0,sold,1.0,1.0,0,0,0,0,0,4.0,1.0
SOLD,470000,1.0,1.0,699.0,57.0,2021.0,Austin,78701,30.256396,-97.738839,590.0,52.0,343.0,sold,1.0,1.0,0,0,0,0,0,5.0,1.0
SOLD,549000,1.0,1.0,821.0,7048.0,2016.0,Austin,78701,30.267402,-97.752016,813.0,245.0,343.0,sold,245.0,1.0,0,0,0,0,0,10.0,1.0
SOLD,420000,2.0,2.0,1533.0,1198.0,1983.0,Austin,78701,30.255205,-97.738057,1200.0,245.0,343.0,sold,2.0,1.0,0,0,0,0,0,43.0,1.0
SOLD,485000,1.0,1.0,699.0,57.0,2021.0,Austin,78701,30.256396,-97.738839,650.0,74.0,343.0,sold,2.0,1.0,0,0,0,0,0,5.0,1.0
FOR_SALE,825000,3.0,3.0,1820.0,4369.0,2019.0,Austin,78702,30.261062,-97.69654,41.0,1.0,453.0,for_sale,2.0,2.0,0,0,0,1,0,7.0,1.0
PENDING,285000,4.0,3.0,1925.0,7048.0,2025.0,Austin,78702,30.257824,-97.70134,10.0,167.0,148.0,for_sale,1.0,3.0,0,0,0,0,1,1.0,0.75
FOR_SALE,1100000,4.0,2.0,2538.0,2309.0,2026.0,Austin,78702,30.265224,-97.703499,41.0,19.0,433.0,for_sale,1.0,3.0,0,0,0,1,0,0.0,0.5
FOR_SALE,950000,4.0,4.0,2364.0,6578.0,2022.0,Austin,78702,30.262581,-97.704863,0.0,2.0,402.0,for_sale,2.0,2.0,0,0,0,1,0,4.0,1.0
FOR_SALE,1100000,4.0,2.0,2538.0,2309.0,2026.0,Austin,78702,30.265224,-97.703499,41.0,47.0,433.0,for_sale,1.0,3.0,0,0,0,1,0,0.0,0.5
FOR_SALE,161000,0.0,1.0,485.0,7048.0,2020.0,Austin,78702,30.273187,-97.725174,143.0,162.0,332.0,for_sale,2.0,1.0,0,0,0,0,0,6.0,1.0
FOR_SALE,495000,2.0,2.0,840.0,3424.0,2017.0,Austin,78702,30.264743,-97.719282,0.0,22.0,589.0,for_sale,1.0,2.0,0,0,0,1,0,9.0,1.0
FOR_SALE,1099000,3.0,2.0,2041.0,5049.0,2026.0,Austin,78702,30.263038,-97.713132,0.0,30.0,538.0,for_sale,2.0,2.0,0,0,0,1,0,0.0,0.6666666666666666
FOR_SALE,1385000,4.0,3.0,2468.0,6050.0,2026.0,Austin,78702,30.274845,-97.705346,0.0,96.0,561.0,for_sale,1.0,2.0,0,0,0,1,0,0.0,0.75
FOR_SALE,375000,3.0,2.0,738.0,3376.0,1939.0,Austin,78702,30.256791,-97.716432,0.0,4.0,508.0,for_sale,2.0,1.0,0,0,0,1,0,87.0,0.6666666666666666
FOR_SALE,599000,2.0,2.0,1789.0,5319.0,2007.0,Austin,78702,30.280521,-97.705597,345.0,6.0,335.0,for_sale,2.0,2.0,0,0,0,1,0,19.0,1.0
FOR_SALE,725000,3.0,2.0,1868.0,3777.0,2015.0,Austin,78702,30.265975,-97.702721,41.0,3.0,388.0,for_sale,2.0,3.0,0,0,0,1,0,11.0,0.6666666666666666
FOR_SALE,724900,4.0,2.0,2033.0,6447.0,2004.0,Austin,78702,30.262004,-97.708029,0.0,23.0,357.0,for_sale,2.0,1.0,0,0,0,1,0,22.0,0.5
PENDING,749000,3.0,2.0,1274.0,4356.0,2006.0,Austin,78702,30.265294,-97.71412,0.0,25.0,588.0,for_sale,2.0,1.0,0,0,0,1,0,20.0,0.6666666666666666
FOR_SALE,224000,1.0,1.0,480.0,3223.0,2009.0,Austin,78702,30.268248,-97.716087,125.0,65.0,467.0,for_sale,2.0,1.0,0,0,0,1,0,17.0,1.0
PENDING,925000,3.0,2.0,1988.0,3668.0,2019.0,Austin,78702,30.253079,-97.718284,41.0,26.0,465.0,for_sale,2.0,2.0,0,0,0,1,0,7.0,0.6666666666666666
FOR_SALE,495000,2.0,1.0,810.0,5340.0,1940.0,Austin,78702,30.261556,-97.713118,0.0,59.0,611.0,for_sale,2.0,1.0,0,0,0,1,0,86.0,0.5
FOR_SALE,1659000,3.0,2.0,2400.0,3794.0,2023.0,Austin,78702,30.265501,-97.717647,0.0,15.0,691.0,for_sale,2.0,3.0,0,0,0,1,0,3.0,0.6666666666666666
FOR_SALE,695000,3.0,3.0,1911.0,2178.0,2014.0,Austin,78702,30.258219,-97.725241,265.0,66.0,364.0,for_sale,2.0,3.0,0,0,0,0,0,12.0,1.0
PENDING,699000,3.0,2.0,1680.0,6199.0,2006.0,Austin,78702,30.27584,-97.715993,0.0,33.0,416.0,for_sale,2.0,2.0,0,0,0,1,0,20.0,0.6666666666666666
FOR_SALE,1070000,4.0,2.0,2219.0,3485.0,2016.0,Austin,78702,30.277189,-97.72187,0.0,80.0,482.0,for_sale,2.0,2.0,0,0,0,1,0,10.0,0.5
FOR_SALE,1200000,4.0,3.0,2180.0,4190.0,2026.0,Austin,78702,30.25375,-97.720444,41.0,5.0,550.0,for_sale,2.0,1.0,0,0,0,1,0,0.0,0.75
FOR_SALE,624500,2.0,2.0,1050.0,2422.0,2022.0,Austin,78702,30.257022,-97.720777,0.0,30.0,595.0,for_sale,1.0,2.0,0,0,0,1,0,4.0,1.0
FOR_SALE,775000,3.0,2.0,1503.0,2618.0,2026.0,Austin,78702,30.25375,-97.720444,41.0,4.0,516.0,for_sale,2.0,2.0,0,0,0,1,0,0.0,0.6666666666666666
PENDING,1325000,4.0,3.0,2421.0,6486.0,1925.0,Austin,78702,30.257176,-97.722818,0.0,59.0,547.0,for_sale,2.0,2.0,0,0,0,1,0,101.0,0.75
FOR_SALE,775000,3.0,2.0,1548.0,6129.0,2012.0,Austin,78702,30.267415,-97.7174,0.0,65.0,501.0,for_sale,2.0,2.0,0,0,0,1,0,14.0,0.6666666666666666
FOR_SALE,1399000,4.0,3.0,2294.0,7070.0,2022.0,Austin,78702,30.26729,-97.700518,0.0,17.0,610.0,for_sale,2.0,2.0,0,0,0,1,0,4.0,0.75
FOR_SALE,1275000,4.0,3.0,2524.0,3977.0,2023.0,Austin,78702,30.277031,-97.717405,0.0,32.0,505.0,for_sale,1.0,3.0,0,0,0,1,0,3.0,0.75
FOR_SALE,350000,0.0,2.0,780.0,4439.0,1948.0,Austin,78702,30.253759,-97.712636,0.0,21.0,449.0,for_sale,2.0,1.0,0,0,0,1,0,78.0,2.0
FOR_SALE,1299000,6.0,3.0,2550.0,3772.0,2019.0,Austin,78702,30.275048,-97.72448,0.0,129.0,509.0,for_sale,1.0,2.0,0,0,0,1,0,7.0,0.5
CONTINGENT,1050000,3.0,2.0,2036.0,6373.0,1906.0,Austin,78702,30.261369,-97.734904,0.0,59.0,516.0,for_sale,2.0,2.0,0,0,0,1,0,120.0,0.6666666666666666
FOR_SALE,895000,3.0,3.0,1681.0,1742.0,2026.0,Austin,78702,30.255873,-97.718575,41.0,3.0,532.0,for_sale,1.0,3.0,0,0,0,0,0,0.0,1.0
PENDING,699999,3.0,2.0,1671.0,1725.0,2020.0,Austin,78702,30.262176,-97.732158,41.0,51.0,419.0,for_sale,2.0,3.0,0,0,0,1,0,6.0,0.6666666666666666
PENDING,675000,4.0,3.0,1614.0,8329.0,1985.0,Austin,78702,30.266404,-97.71104,0.0,136.0,418.0,for_sale,2.0,1.0,0,0,0,1,0,41.0,0.75
FOR_SALE,693000,3.0,2.0,1373.0,6861.0,1955.0,Austin,78702,30.270698,-97.699699,0.0,40.0,505.0,for_sale,2.0,1.0,0,0,0,1,0,71.0,0.6666666666666666
PENDING,765000,2.0,2.0,1044.0,2631.0,2019.0,Austin,78702,30.25116403,-97.72633662,0.0,52.0,733.0,for_sale,1.0,2.0,0,0,0,1,0,7.0,1.0
FOR_SALE,700000,4.0,2.0,2006.0,7536.0,1955.0,Austin,78702,30.270038,-97.700033,0.0,2.0,349.0,for_sale,2.0,2.0,0,0,0,1,0,71.0,0.5
PENDING,325000,3.0,2.0,1300.0,5584.0,1954.0,Austin,78702,30.27012,-97.69806,0.0,37.0,250.0,for_sale,2.0,1.0,0,0,0,1,0,72.0,0.6666666666666666
FOR_SALE,499000,4.0,3.0,1392.0,7963.0,1922.0,Austin,78702,30.273856,-97.717557,0.0,319.0,358.0,for_sale,2.0,1.0,0,0,0,1,0,104.0,0.75
FOR_SALE,464000,2.0,2.0,975.0,3241.0,2023.0,Austin,78702,30.276588,-97.706844,41.0,157.0,476.0,for_sale,2.0,2.0,0,0,0,1,0,3.0,1.0
FOR_SALE,769000,6.0,3.0,2129.0,7850.0,2011.0,Austin,78702,30.275238,-97.718483,0.0,18.0,361.0,for_sale,2.0,1.0,0,0,1,0,0,15.0,0.5
FOR_SALE,449900,2.0,1.0,1013.0,3467.0,2018.0,Austin,78702,30.26697,-97.704325,0.0,115.0,444.0,for_sale,2.0,2.0,0,0,0,1,0,8.0,0.5
FOR_SALE,1000000,3.0,3.0,1977.0,2614.0,2026.0,Austin,78702,30.275226,-97.72892,41.0,24.0,506.0,for_sale,2.0,3.0,0,0,0,1,0,0.0,1.0
FOR_SALE,359000,1.0,1.0,480.0,2052.0,1951.0,Austin,78702,30.256535,-97.714495,41.0,47.0,748.0,for_sale,2.0,2.0,0,0,0,0,0,75.0,1.0
FOR_SALE,1300000,4.0,4.0,2202.0,7349.0,2026.0,Austin,78702,30.25526,-97.715637,41.0,10.0,590.0,for_sale,1.0,1.0,0,0,0,1,0,0.0,1.0
FOR_SALE,1299000,4.0,3.0,2146.0,6656.0,2012.0,Austin,78702,30.257361,-97.723215,0.0,156.0,605.0,for_sale,2.0,2.0,0,0,0,1,0,14.0,0.75
FOR_SALE,850000,3.0,2.0,1519.0,7492.0,2017.0,Austin,78702,30.250241,-97.725116,0.0,33.0,560.0,for_sale,1.0,2.0,0,0,0,0,0,9.0,0.6666666666666666
PENDING,899950,4.0,3.0,1650.0,6011.0,2026.0,Austin,78702,30.279533,-97.7146,41.0,68.0,545.0,for_sale,1.0,2.0,0,0,0,1,0,0.0,0.75
FOR_SALE,424900,2.0,1.0,1162.0,967.0,2017.0,Austin,78702,30.26243,-97.720137,251.0,45.0,366.0,for_sale,2.0,2.0,0,0,0,0,0,9.0,0.5
FOR_SALE,679900,4.0,3.0,2090.0,5576.0,1945.0,Austin,78702,30.276542,-97.717309,0.0,89.0,325.0,for_sale,2.0,2.0,0,0,0,1,0,81.0,0.75
PENDING,550000,3.0,2.0,1470.0,6220.0,1947.0,Austin,78702,30.260247,-97.695858,0.0,76.0,374.0,for_sale,2.0,1.0,0,0,0,1,0,79.0,0.6666666666666666
FOR_SALE,495000,2.0,1.0,1225.0,1459.0,2005.0,Austin,78702,30.261718,-97.726567,365.0,4.0,404.0,for_sale,2.0,3.0,0,0,0,0,1,21.0,0.5
FOR_SALE,829500,3.0,2.0,1400.0,6743.0,2026.0,Austin,78702,30.254454,-97.723656,41.0,114.0,593.0,for_sale,1.0,2.0,0,0,0,1,0,0.0,0.6666666666666666
FOR_SALE,575000,2.0,2.0,933.0,12632.0,2017.0,Austin,78702,30.259576,-97.69623,41.0,11.0,616.0,for_sale,1.0,2.0,0,0,0,1,0,9.0,1.0
FOR_SALE,495000,2.0,1.0,792.0,6499.0,1951.0,Austin,78702,30.273674,-97.710629,0.0,132.0,625.0,for_sale,2.0,1.0,0,0,0,1,0,75.0,0.5
FOR_SALE,269900,1.0,1.0,665.0,409.0,2020.0,Austin,78702,30.262042,-97.716929,227.0,79.0,406.0,for_sale,1.0,1.0,0,0,0,0,0,6.0,1.0
FOR_SALE,639900,3.0,2.0,1495.0,3176.0,2016.0,Austin,78702,30.274707,-97.721663,41.0,58.0,428.0,for_sale,2.0,2.0,0,0,0,1,0,10.0,0.6666666666666666
FOR_SALE,525000,2.0,1.0,744.0,5001.0,1940.0,Austin,78702,30.27527,-97.705366,0.0,4.0,706.0,for_sale,2.0,1.0,0,0,0,1,0,86.0,0.5
FOR_SALE,799000,4.0,3.0,2009.0,3250.0,2020.0,Austin,78702,30.265491,-97.70562,41.0,129.0,398.0,for_sale,1.0,3.0,0,0,0,0,0,6.0,0.75
FOR_SALE,845000,3.0,2.0,1507.0,3920.0,2002.0,Austin,78702,30.257847,-97.729958,29.0,107.0,561.0,for_sale,2.0,2.0,0,0,0,1,0,24.0,0.6666666666666666
FOR_SALE,884000,3.0,2.0,1635.0,3790.0,2004.0,Austin,78702,30.267701,-97.724556,0.0,19.0,541.0,for_sale,2.0,3.0,0,0,0,1,0,22.0,0.6666666666666666
FOR_SALE,624950,2.0,2.0,1562.0,3502.0,2009.0,Austin,78702,30.275799,-97.721199,0.0,110.0,400.0,for_sale,2.0,2.0,0,0,0,1,0,17.0,1.0
FOR_SALE,815000,3.0,2.0,1720.0,11012.0,2026.0,Austin,78702,30.259827,-97.706123,41.0,31.0,474.0,for_sale,1.0,2.0,0,0,0,1,0,0.0,0.6666666666666666
FOR_SALE,739000,2.0,2.0,1531.0,6743.0,1919.0,Austin,78702,30.253493,-97.725466,0.0,43.0,483.0,for_sale,2.0,1.0,0,0,0,1,0,107.0,1.0
FOR_SALE,519000,2.0,1.0,774.0,5968.0,2024.0,Austin,78702,30.258411,-97.733067,0.0,55.0,671.0,for_sale,2.0,1.0,0,0,0,1,0,2.0,0.5
FOR_SALE,577000,2.0,2.0,1083.0,3607.0,2019.0,Austin,78702,30.255059,-97.713176,33.0,338.0,533.0,for_sale,2.0,2.0,0,0,0,1,0,7.0,1.0
FOR_SALE,595000,3.0,2.0,1417.0,3790.0,1930.0,Austin,78702,30.271597,-97.727805,0.0,17.0,420.0,for_sale,2.0,1.0,0,0,0,1,0,96.0,0.6666666666666666
PENDING,400000,2.0,1.0,824.0,5915.0,1918.0,Austin,78702,30.264682,-97.720793,0.0,151.0,485.0,for_sale,2.0,1.0,0,0,0,1,0,108.0,0.5
FOR_SALE,670000,3.0,2.0,1352.0,11012.0,2026.0,Austin,78702,30.259827,-97.706123,41.0,31.0,496.0,for_sale,1.0,2.0,0,0,0,1,0,0.0,0.6666666666666666
FOR_SALE,450000,2.0,2.0,882.0,3001.0,1940.0,Austin,78702,30.257356,-97.71804,0.0,207.0,510.0,for_sale,2.0,1.0,0,0,0,1,0,86.0,1.0
FOR_SALE,1345000,4.0,3.0,2400.0,9148.0,2015.0,Austin,78702,30.255772,-97.734832,0.0,6.0,560.0,for_sale,1.0,3.0,0,0,0,0,0,11.0,0.75
FOR_SALE,625000,4.0,3.0,1391.0,6055.0,1925.0,Austin,78702,30.275119,-97.712397,0.0,249.0,449.0,for_sale,2.0,1.0,0,0,0,1,0,101.0,0.75
FOR_SALE,525000,3.0,2.0,1275.0,6787.0,2026.0,Austin,78702,30.255443,-97.709519,41.0,66.0,412.0,for_sale,2.0,2.0,0,0,0,1,0,0.0,0.6666666666666666
FOR_SALE,599950,2.0,1.0,1302.0,1433.0,2019.0,Austin,78702,30.279219,-97.722771,400.0,31.0,461.0,for_sale,1.0,2.0,0,0,0,0,0,7.0,0.5
FOR_SALE,385000,0.0,1.0,549.0,1080.0,2008.0,Austin,78702,30.268784,-97.727592,229.0,10.0,701.0,for_sale,2.0,1.0,0,0,0,0,0,18.0,1.0
FOR_SALE,899000,3.0,3.0,1240.0,3933.0,1922.0,Austin,78702,30.252835,-97.720736,0.0,31.0,725.0,for_sale,1.0,1.0,0,0,0,0,0,104.0,1.0
FOR_SALE,560000,2.0,2.0,938.0,6403.0,2022.0,Austin,78702,30.262141,-97.707298,0.0,79.0,597.0,for_sale,1.0,2.0,0,0,0,1,0,4.0,1.0
FOR_SALE,765500,2.0,2.0,1041.0,3315.0,2019.0,Austin,78702,30.261067,-97.728781,41.0,152.0,735.0,for_sale,2.0,2.0,0,0,0,0,0,7.0,1.0
FOR_SALE,550000,2.0,2.0,1344.0,549.0,2018.0,Austin,78702,30.267459,-97.73239,1000.0,332.0,409.0,for_sale,2.0,1.0,0,0,0,0,0,8.0,1.0
FOR_SALE,465000,2.0,2.0,1124.0,1747.0,2020.0,Austin,78702,30.26717,-97.705594,380.0,17.0,414.0,for_sale,2.0,1.0,0,0,0,0,0,6.0,1.0
FOR_SALE,389900,2.0,1.0,1208.0,12327.0,1945.0,Austin,78702,30.261102,-97.700414,0.0,71.0,323.0,for_sale,2.0,1.0,0,0,0,1,0,81.0,0.5
FOR_SALE,299000,1.0,1.0,560.0,7048.0,2018.0,Austin,78702,30.267459,-97.73239,388.0,11.0,534.0,for_sale,1.0,1.0,0,0,0,0,0,8.0,1.0
FOR_SALE,750000,3.0,2.0,1664.0,3459.0,2017.0,Austin,78702,30.255758,-97.709874,41.0,3.0,451.0,for_sale,1.0,2.0,0,0,0,0,0,9.0,0.6666666666666666
PENDING,415000,3.0,1.0,950.0,5223.0,1950.0,Austin,78702,30.280758,-97.704218,0.0,45.0,437.0,for_sale,2.0,1.0,0,0,0,1,0,76.0,0.3333333333333333
FOR_SALE,449000,2.0,2.0,886.0,3023.0,2016.0,Austin,78702,30.27611,-97.712507,0.0,51.0,507.0,for_sale,1.0,2.0,0,0,0,1,0,10.0,1.0
FOR_SALE,899000,5.0,3.0,1617.0,5837.0,1952.0,Austin,78702,30.261718,-97.732621,0.0,24.0,556.0,for_sale,2.0,1.0,0,0,0,1,0,74.0,0.6
FOR_SALE,769000,4.0,3.0,1944.0,7013.0,2017.0,Austin,78702,30.274549,-97.704382,0.0,125.0,396.0,for_sale,1.0,2.0,0,0,0,1,0,9.0,0.75
FOR_SALE,679900,2.0,2.0,1860.0,5554.0,2012.0,Austin,78702,30.263638,-97.719933,0.0,23.0,366.0,for_sale,2.0,3.0,0,0,1,0,0,14.0,1.0
FOR_SALE,450000,2.0,1.0,850.0,2574.0,2015.0,Austin,78702,30.275936,-97.717993,15.0,90.0,529.0,for_sale,2.0,1.0,0,0,0,1,0,11.0,0.5
FOR_SALE,699900,4.0,2.0,2067.0,6273.0,2023.0,Austin,78702,30.267127,-97.708353,0.0,100.0,339.0,for_sale,1.0,3.0,0,0,0,1,0,3.0,0.5
FOR_SALE,1150737,4.0,3.0,2028.0,5009.0,2024.0,Austin,78702,30.253816,-97.726535,0.0,8.0,567.0,for_sale,1.0,2.0,0,0,0,1,0,2.0,0.75
FOR_SALE,299000,1.0,1.0,560.0,7048.0,2018.0,Austin,78702,30.267459,-97.73239,388.0,32.0,534.0,for_sale,1.0,1.0,0,0,0,0,0,8.0,1.0
FOR_SALE,899000,3.0,3.0,1556.0,3903.0,2013.0,Austin,78702,30.267484,-97.716752,0.0,107.0,578.0,for_sale,1.0,2.0,0,0,0,0,0,13.0,1.0
FOR_SALE,310000,1.0,1.0,571.0,7048.0,2018.0,Austin,78702,30.267459,-97.73239,0.0,59.0,543.0,for_sale,1.0,1.0,0,0,0,0,0,8.0,1.0
PENDING,650000,3.0,2.0,1636.0,8059.0,1946.0,Austin,78702,30.260127,-97.69701,0.0,33.0,397.0,for_sale,2.0,1.0,0,0,0,1,0,80.0,0.6666666666666666
SOLD,485000,2.0,1.0,624.0,5746.0,1936.0,Austin,78702,30.2657,-97.71631,0.0,29.0,343.0,sold,2.0,1.0,0,0,0,1,0,90.0,0.5
SOLD,1190000,4.0,4.0,2836.0,2958.0,2016.0,Austin,78702,30.26973,-97.728967,125.0,137.0,343.0,sold,2.0,3.0,0,0,0,1,0,10.0,1.0
SOLD,474900,2.0,1.0,672.0,3433.0,1937.0,Austin,78702,30.2526,-97.715219,0.0,53.0,343.0,sold,2.0,1.0,0,0,0,1,0,89.0,0.5
SOLD,549000,3.0,2.0,1275.0,6787.0,2026.0,Austin,78702,30.255443,-97.709519,41.0,137.0,343.0,sold,2.0,2.0,0,0,0,1,0,0.0,0.6666666666666666
SOLD,785000,2.0,2.0,2024.0,3912.0,2016.0,Austin,78702,30.279212,-97.716104,0.0,43.0,343.0,sold,2.0,3.0,0,0,0,1,0,10.0,1.0
SOLD,650000,3.0,2.0,1479.0,2875.0,2015.0,Austin,78702,30.280569,-97.71213,41.0,49.0,343.0,sold,1.0,2.0,0,0,0,1,0,11.0,0.6666666666666666
SOLD,995000,3.0,2.0,2164.0,3472.0,2013.0,Austin,78702,30.277391,-97.706989,0.0,50.0,343.0,sold,1.0,2.0,0,0,0,1,0,13.0,0.6666666666666666
SOLD,699900,3.0,2.0,1456.0,12197.0,2026.0,Austin,78702,30.255152,-97.703041,0.0,83.0,343.0,sold,1.0,2.0,0,0,0,1,0,0.0,0.6666666666666666
SOLD,833000,3.0,3.0,1915.0,3668.0,2020.0,Austin,78702,30.274982,-97.703139,0.0,28.0,343.0,sold,2.0,2.0,0,0,0,1,0,6.0,1.0
SOLD,699000,4.0,2.0,1894.0,4439.0,2015.0,Austin,78702,30.278789,-97.704103,41.0,59.0,343.0,sold,2.0,2.0,0,0,0,1,0,11.0,0.5
SOLD,750000,2.0,2.0,1097.0,3790.0,2025.0,Austin,78702,30.252131,-97.727142,41.0,143.0,343.0,sold,1.0,2.0,0,0,0,0,0,1.0,1.0
SOLD,599000,2.0,2.0,1549.0,3746.0,2010.0,Austin,78702,30.253835,-97.729248,41.0,108.0,343.0,sold,2.0,2.0,0,0,0,1,0,16.0,1.0
SOLD,849000,4.0,2.0,2091.0,5828.0,2013.0,Austin,78702,30.273697,-97.728648,448.0,46.0,343.0,sold,1.0,2.0,0,0,0,1,0,13.0,0.5
SOLD,525000,2.0,1.0,940.0,6970.0,1953.0,Austin,78702,30.266677,-97.6984,0.0,93.0,343.0,sold,2.0,1.0,0,0,0,1,0,73.0,0.5
SOLD,869000,3.0,2.0,1790.0,6882.0,2012.0,Austin,78702,30.25701,-97.728073,41.0,149.0,343.0,sold,2.0,2.0,0,0,0,1,0,14.0,0.6666666666666666
SOLD,889000,3.0,2.0,1846.0,5380.0,2017.0,Austin,78702,30.270691,-97.718072,0.0,90.0,343.0,sold,2.0,2.0,0,0,0,1,0,9.0,0.6666666666666666
SOLD,948000,3.0,2.0,1902.0,3973.0,2020.0,Austin,78702,30.254259,-97.729355,0.0,67.0,343.0,sold,1.0,2.0,0,0,0,1,0,6.0,0.6666666666666666
SOLD,224990,3.0,1.0,1161.0,3023.0,1944.0,Austin,78702,30.276209,-97.712723,0.0,56.0,343.0,sold,2.0,1.0,0,0,0,1,0,82.0,0.3333333333333333
SOLD,399000,2.0,2.0,1516.0,3912.0,2007.0,Austin,78702,30.275151,-97.718827,41.0,171.0,343.0,sold,2.0,2.0,0,0,0,0,0,19.0,1.0
SOLD,270000,1.0,1.0,640.0,2265.0,2008.0,Austin,78702,30.278255,-97.710694,232.0,368.0,343.0,sold,1.0,2.0,0,0,0,0,0,18.0,1.0
SOLD,1100000,4.0,3.0,2479.0,8276.0,2026.0,Austin,78702,30.262486,-97.703262,41.0,62.0,343.0,sold,2.0,2.0,0,0,0,1,0,0.0,0.75
SOLD,499000,3.0,2.0,1770.5,6508.0,1993.0,Austin,78702,30.26022,-97.735756,0.0,130.0,343.0,sold,2.0,1.0,1,0,0,0,0,33.0,0.6666666666666666
SOLD,1050000,4.0,3.0,2217.0,6342.0,1910.0,Austin,78702,30.257866,-97.732711,0.0,154.0,343.0,sold,2.0,1.0,0,0,0,1,0,116.0,0.75
SOLD,599000,3.0,2.0,1504.0,6839.0,1940.0,Austin,78702,30.253992,-97.713512,0.0,137.0,343.0,sold,2.0,2.0,0,0,0,1,0,86.0,0.6666666666666666
SOLD,769500,4.0,2.0,2405.0,9283.0,2005.0,Austin,78702,30.267631,-97.704206,0.0,72.0,343.0,sold,2.0,2.0,0,0,0,1,0,21.0,0.5
SOLD,399000,1.0,1.0,1190.0,7048.0,2005.0,Austin,78702,30.259191,-97.716186,385.0,31.0,343.0,sold,2.0,1.0,0,0,0,0,0,21.0,1.0
SOLD,769500,6.0,3.0,2405.0,9283.0,2005.0,Austin,78702,30.267631,-97.704205,0.0,72.0,343.0,sold,2.0,2.0,0,0,1,0,0,21.0,0.5
SOLD,639900,3.0,2.0,1152.0,6490.0,2018.0,Austin,78702,30.255064,-97.731646,41.0,31.0,343.0,sold,2.0,2.0,0,0,0,0,0,8.0,0.6666666666666666
SOLD,1699000,5.0,3.0,2670.0,5558.0,2023.0,Austin,78702,30.280243,-97.71346,0.0,69.0,343.0,sold,2.0,2.0,0,0,0,1,0,3.0,0.6
SOLD,925000,3.0,2.0,1951.0,10437.0,2026.0,Austin,78702,30.279842,-97.705376,41.0,120.0,343.0,sold,1.0,2.0,0,0,0,1,0,0.0,0.6666666666666666
SOLD,799000,2.0,1.0,768.0,6138.0,1920.0,Austin,78702,30.258421,-97.733826,0.0,61.0,343.0,sold,2.0,1.0,0,0,0,1,0,106.0,0.5
SOLD,825000,3.0,3.0,1782.0,5663.0,2008.0,Austin,78702,30.272539,-97.71835,0.0,34.0,343.0,sold,2.0,2.0,0,0,0,1,0,18.0,1.0
SOLD,689000,3.0,2.0,1584.0,3006.0,2018.0,Austin,78702,30.276593,-97.713155,41.0,62.0,343.0,sold,2.0,2.0,0,0,0,1,0,8.0,0.6666666666666666
SOLD,839995,3.0,3.0,1484.0,6608.0,1999.0,Austin,78702,30.254957,-97.728355,0.0,40.0,343.0,sold,2.0,1.0,0,0,0,1,0,27.0,1.0
SOLD,1599990,4.0,3.0,2800.0,6743.0,2009.0,Austin,78702,30.251331,-97.725267,0.0,61.0,343.0,sold,2.0,2.0,0,0,0,1,0,17.0,0.75
SOLD,869000,3.0,2.0,2068.0,6247.0,2015.0,Austin,78702,30.264459,-97.705581,0.0,53.0,343.0,sold,2.0,2.0,0,0,0,1,0,11.0,0.6666666666666666
SOLD,649000,3.0,3.0,1445.0,7963.0,2026.0,Austin,78702,30.271223,-97.717674,0.0,108.0,343.0,sold,1.0,2.0,0,0,0,1,0,0.0,1.0
SOLD,495000,1.0,2.0,1394.0,3376.0,1935.0,Austin,78702,30.257224,-97.716075,0.0,238.0,343.0,sold,2.0,1.0,0,0,0,1,0,91.0,2.0
SOLD,719900,3.0,2.0,1651.0,5271.0,2013.0,Austin,78702,30.264175,-97.710484,0.0,66.0,343.0,sold,2.0,2.0,0,0,0,1,0,13.0,0.6666666666666666
SOLD,1099000,4.0,3.0,2183.0,4321.0,2025.0,Austin,78702,30.271662,-97.721035,0.0,256.0,343.0,sold,1.0,2.0,0,0,0,1,0,1.0,0.75
SOLD,429000,1.0,1.0,1170.0,7048.0,2019.0,Austin,78702,30.273187,-97.725174,273.0,60.0,343.0,sold,2.0,1.0,0,0,0,0,0,7.0,1.0
SOLD,950000,3.0,2.0,2096.0,7048.0,2025.0,Austin,78702,30.26379,-97.699409,41.0,264.0,343.0,sold,1.0,2.0,0,0,0,0,0,1.0,0.6666666666666666
SOLD,199900,1.0,1.0,658.0,1002.0,2008.0,Austin,78702,30.279568,-97.719686,204.0,145.0,343.0,sold,2.0,1.0,0,0,0,0,0,18.0,1.0
SOLD,1099000,4.0,3.0,2480.0,5232.0,2015.0,Austin,78702,30.264592,-97.718295,0.0,82.0,343.0,sold,2.0,2.0,0,0,0,1,0,11.0,0.75
SOLD,625000,2.0,2.0,1479.0,6852.0,2026.0,Austin,78702,30.256811,-97.731026,41.0,26.0,343.0,sold,1.0,3.0,0,0,0,1,0,0.0,1.0
SOLD,365000,2.0,1.0,754.0,305.0,2018.0,Austin,78702,30.267459,-97.73239,535.0,76.0,343.0,sold,2.0,1.0,0,0,0,0,0,8.0,0.5
SOLD,600000,2.0,2.0,1080.0,3576.0,2020.0,Austin,78702,30.259794,-97.696659,41.0,37.0,343.0,sold,2.0,2.0,0,0,0,0,0,6.0,1.0
SOLD,335000,1.0,1.0,748.0,492.0,2006.0,Austin,78702,30.260737,-97.718835,197.0,97.0,343.0,sold,1.0,1.0,0,0,0,0,0,20.0,1.0
SOLD,420000,4.0,2.0,1248.0,6190.0,1938.0,Austin,78702,30.268351,-97.720153,0.0,171.0,343.0,sold,2.0,1.0,0,0,0,1,0,88.0,0.5
SOLD,750000,3.0,2.0,1992.0,6891.0,2018.0,Austin,78702,30.266229,-97.705802,0.0,41.0,343.0,sold,2.0,1.0,0,0,0,1,0,8.0,0.6666666666666666
SOLD,699900,3.0,2.0,2213.0,6730.0,2022.0,Austin,78702,30.266644,-97.70562,0.0,128.0,343.0,sold,2.0,3.0,0,0,0,1,0,4.0,0.6666666666666666
SOLD,899000,3.0,3.0,1797.0,4704.0,2016.0,Austin,78702,30.277694,-97.720446,41.0,68.0,343.0,sold,1.0,2.0,0,0,0,1,0,10.0,1.0
SOLD,1199000,3.0,2.0,1739.0,6460.0,2010.0,Austin,78702,30.277939,-97.715407,0.0,39.0,343.0,sold,1.0,1.0,0,0,0,1,0,16.0,0.6666666666666666
SOLD,575000,2.0,2.0,991.0,2736.0,2019.0,Austin,78702,30.276626,-97.720004,41.0,31.0,343.0,sold,1.0,2.0,0,0,0,0,0,7.0,1.0
SOLD,500000,2.0,1.0,850.0,3136.0,2014.0,Austin,78702,30.256313,-97.715697,41.0,49.0,343.0,sold,2.0,1.0,0,0,0,1,0,12.0,0.5
SOLD,1250000,3.0,2.0,2333.0,3916.0,2016.0,Austin,78702,30.275237,-97.711982,0.0,42.0,343.0,sold,2.0,2.0,0,0,0,1,0,10.0,0.6666666666666666
SOLD,659000,3.0,2.0,1756.0,4587.0,2018.0,Austin,78702,30.27592,-97.73011,41.0,118.0,343.0,sold,1.0,2.0,0,0,0,0,0,8.0,0.6666666666666666
SOLD,699000,3.0,2.0,1869.0,9540.0,2018.0,Austin,78702,30.27592,-97.73011,41.0,118.0,343.0,sold,2.0,2.0,0,0,0,0,0,8.0,0.6666666666666666
SOLD,875000,3.0,2.0,1725.0,6952.0,2026.0,Austin,78702,30.27437,-97.704399,41.0,83.0,343.0,sold,1.0,2.0,0,0,0,1,0,0.0,0.6666666666666666
SOLD,425000,3.0,2.0,1770.5,3337.0,1993.0,Austin,78702,30.256701,-97.732498,0.0,173.0,343.0,sold,2.0,1.0,1,0,0,0,0,33.0,0.6666666666666666
SOLD,1075000,3.0,2.0,1710.0,5401.0,2007.0,Austin,78702,30.251701,-97.71675,0.0,66.0,343.0,sold,2.0,1.0,0,0,0,1,0,19.0,0.6666666666666666
SOLD,809500,3.0,2.0,1886.0,2509.0,2018.0,Austin,78702,30.276051,-97.713004,0.0,45.0,343.0,sold,2.0,2.0,0,0,0,1,0,8.0,0.6666666666666666
SOLD,1370000,4.0,3.0,2072.0,3485.0,2026.0,Austin,78702,30.26125,-97.696693,41.0,6.0,343.0,sold,1.0,2.0,0,0,0,1,0,0.0,0.75
SOLD,874000,3.0,2.0,1920.0,9496.0,2026.0,Austin,78702,30.268518,-97.712128,41.0,56.0,343.0,sold,1.0,3.0,0,0,0,0,0,0.0,0.6666666666666666
SOLD,649900,4.0,3.0,1463.0,3877.0,2008.0,Austin,78702,30.276506,-97.716806,41.0,107.0,343.0,sold,2.0,2.0,0,0,0,0,0,18.0,0.75
SOLD,1190000,3.0,3.0,2408.0,7501.0,1930.0,Austin,78702,30.274038,-97.730184,0.0,62.0,343.0,sold,2.0,2.0,0,0,0,1,0,96.0,1.0
SOLD,699000,3.0,2.0,1065.0,5153.0,2025.0,Austin,78702,30.261346,-97.712767,0.0,190.0,343.0,sold,2.0,1.0,0,0,0,1,0,1.0,0.6666666666666666
SOLD,650000,3.0,2.0,1770.5,9030.0,1993.0,Austin,78702,30.259872,-97.706339,41.0,140.0,343.0,sold,2.0,1.0,1,0,0,0,0,33.0,0.6666666666666666
SOLD,595000,3.0,2.0,1056.0,5802.0,1930.0,Austin,78702,30.266944,-97.715645,0.0,27.0,343.0,sold,2.0,1.0,0,0,0,1,0,96.0,0.6666666666666666
SOLD,754900,3.0,2.0,1488.0,12606.0,2026.0,Austin,78702,30.255253,-97.703003,0.0,105.0,343.0,sold,1.0,2.0,0,0,0,1,0,0.0,0.6666666666666666
SOLD,929000,3.0,3.0,2082.0,4147.0,2013.0,Austin,78702,30.265,-97.720187,0.0,85.0,343.0,sold,1.0,2.0,0,0,0,1,0,13.0,1.0
SOLD,725000,2.0,2.0,1003.0,3354.0,2022.0,Austin,78702,30.254849,-97.72454,41.0,211.0,343.0,sold,1.0,2.0,0,0,0,1,0,4.0,1.0
SOLD,650000,2.0,2.0,1280.0,1520.0,2006.0,Austin,78702,30.265613,-97.733144,721.0,338.0,343.0,sold,2.0,3.0,0,0,0,0,0,20.0,1.0
SOLD,639000,2.0,2.0,1204.0,3093.0,2007.0,Austin,78702,30.275027,-97.717474,0.0,32.0,343.0,sold,1.0,2.0,0,0,0,1,0,19.0,1.0
SOLD,579000,2.0,2.0,1080.0,5445.0,2019.0,Austin,78702,30.26454,-97.703142,0.0,34.0,343.0,sold,1.0,2.0,0,0,0,0,0,7.0,1.0
SOLD,460000,1.0,1.0,1040.0,6778.0,1942.0,Austin,78702,30.261578,-97.706687,0.0,89.0,343.0,sold,2.0,1.0,0,0,0,1,0,84.0,1.0
SOLD,725000,2.0,2.0,1479.0,6852.0,2026.0,Austin,78702,30.256811,-97.731026,41.0,132.0,343.0,sold,1.0,3.0,0,0,0,1,0,0.0,1.0
SOLD,509900,3.0,2.0,1476.0,3197.0,2013.0,Austin,78702,30.277896,-97.707736,41.0,99.0,343.0,sold,1.0,2.0,0,0,0,1,0,13.0,0.6666666666666666
SOLD,699000,3.0,2.0,1342.0,8059.0,1950.0,Austin,78702,30.252426,-97.728377,0.0,44.0,343.0,sold,2.0,1.0,0,0,0,1,0,76.0,0.6666666666666666
SOLD,775000,3.0,2.0,1248.0,8250.0,1945.0,Austin,78702,30.256591,-97.736024,0.0,317.0,343.0,sold,2.0,1.0,0,0,0,1,0,81.0,0.6666666666666666
SOLD,650000,3.0,1.0,1508.0,6804.0,1946.0,Austin,78702,30.253928,-97.720701,0.0,90.0,343.0,sold,2.0,1.0,0,0,0,1,0,80.0,0.3333333333333333
SOLD,625000,3.0,2.0,1324.0,4125.0,2005.0,Austin,78702,30.269637,-97.7278,0.0,60.0,343.0,sold,2.0,2.0,0,0,0,1,0,21.0,0.6666666666666666
SOLD,674990,2.0,1.0,1044.0,6460.0,1935.0,Austin,78702,30.257337,-97.732272,0.0,60.0,343.0,sold,2.0,1.0,0,0,0,1,0,91.0,0.5
SOLD,800000,3.0,3.0,1850.0,3533.0,2010.0,Austin,78702,30.277569,-97.715856,0.0,40.0,343.0,sold,2.0,2.0,0,0,0,1,0,16.0,1.0
SOLD,625000,3.0,2.0,1525.0,4182.0,2011.0,Austin,78702,30.279459,-97.711399,0.0,128.0,343.0,sold,2.0,1.0,0,0,0,1,0,15.0,0.6666666666666666
SOLD,629000,2.0,2.0,1285.0,5227.0,2025.0,Austin,78702,30.273988,-97.716679,0.0,146.0,343.0,sold,2.0,1.0,0,0,0,1,0,1.0,1.0
SOLD,865000,3.0,2.0,1800.0,9962.0,2025.0,Austin,78702,30.258104,-97.702812,0.0,74.0,343.0,sold,2.0,2.0,0,0,0,0,0,1.0,0.6666666666666666
FOR_SALE,1295000,2.0,2.0,1584.0,6011.0,1938.0,Austin,78703,30.301832,-97.752479,0.0,2.0,818.0,for_sale,2.0,1.0,0,0,0,1,0,88.0,1.0
FOR_SALE,1675000,4.0,4.0,2590.0,6220.0,2015.0,Austin,78703,30.293799,-97.761247,0.0,4.0,647.0,for_sale,1.0,2.0,0,0,0,1,0,11.0,1.0
PENDING,999000,2.0,2.0,1665.0,2235.0,2021.0,Austin,78703,30.28799,-97.767294,406.0,52.0,600.0,for_sale,2.0,3.0,0,0,0,0,0,5.0,1.0
FOR_SALE,719000,3.0,3.0,1860.0,7048.0,1968.0,Austin,78703,30.31002,-97.767436,485.0,261.0,387.0,for_sale,2.0,2.0,0,0,0,0,0,58.0,1.0
FOR_SALE,399000,2.0,2.0,1017.0,1568.0,1985.0,Austin,78703,30.287588,-97.765804,393.0,20.0,392.0,for_sale,1.0,2.0,0,0,0,0,0,41.0,1.0
PENDING,595000,2.0,1.0,1520.0,1925.0,1971.0,Austin,78703,30.294653,-97.779984,475.0,29.0,391.0,for_sale,2.0,2.0,0,0,0,0,0,55.0,0.5
PENDING,1250000,3.0,2.0,1799.0,11922.0,1956.0,Austin,78703,30.302163,-97.761586,0.0,100.0,695.0,for_sale,2.0,1.0,0,0,0,1,0,70.0,0.6666666666666666
FOR_SALE,899000,2.0,1.0,1544.0,10781.0,1953.0,Austin,78703,30.290298,-97.762714,0.0,31.0,582.0,for_sale,2.0,1.0,0,0,0,1,0,73.0,0.5
FOR_SALE,374900,2.0,2.0,1031.0,1620.0,1981.0,Austin,78703,30.289603,-97.772199,337.0,6.0,364.0,for_sale,2.0,1.0,0,0,0,0,0,45.0,1.0
PENDING,1275000,2.0,2.0,1865.0,5955.0,1933.0,Austin,78703,30.285417,-97.762083,0.0,156.0,684.0,for_sale,2.0,1.0,0,0,0,1,0,93.0,1.0
FOR_SALE,1585000,3.0,2.0,2019.0,9453.0,1950.0,Austin,78703,30.294465,-97.760682,0.0,82.0,785.0,for_sale,2.0,1.0,0,0,0,1,0,76.0,0.6666666666666666
FOR_SALE,1425000,3.0,3.0,3075.0,2762.0,1992.0,Austin,78703,30.302911,-97.766418,165.0,194.0,463.0,for_sale,2.0,3.0,0,0,0,1,0,34.0,1.0
FOR_SALE,1600000,3.0,2.0,2241.0,553.0,2003.0,Austin,78703,30.269664,-97.751262,1791.0,12.0,714.0,for_sale,2.0,1.0,0,0,0,0,0,23.0,0.6666666666666666
PENDING,1100000,4.0,1.0,2729.0,10986.0,1940.0,Austin,78703,30.291526,-97.762517,0.0,150.0,403.0,for_sale,2.0,2.0,0,0,0,1,0,86.0,0.25
FOR_SALE,1220000,3.0,2.0,2133.0,6926.0,1948.0,Austin,78703,30.296922,-97.777063,0.0,69.0,572.0,for_sale,1.0,2.0,0,0,0,1,0,78.0,0.6666666666666666
FOR_SALE,449000,2.0,2.0,1251.0,1830.0,1972.0,Austin,78703,30.275413,-97.754639,518.0,136.0,359.0,for_sale,2.0,1.0,0,0,0,0,0,54.0,1.0
FOR_SALE,665000,3.0,2.0,1415.0,3659.0,1968.0,Austin,78703,30.310008,-97.76746,416.0,149.0,470.0,for_sale,2.0,1.0,0,0,0,0,0,58.0,0.6666666666666666
FOR_SALE,825000,2.0,2.0,1460.0,3354.0,2012.0,Austin,78703,30.299582,-97.75075,121.0,47.0,565.0,for_sale,1.0,2.0,0,0,0,0,0,14.0,1.0
FOR_SALE,1099000,4.0,4.0,2643.0,7231.0,1952.0,Austin,78703,30.281949,-97.767874,0.0,40.0,416.0,for_sale,2.0,1.0,0,0,0,1,0,74.0,1.0
FOR_SALE,1145000,3.0,2.0,1909.0,6007.0,1938.0,Austin,78703,30.285544,-97.76202,0.0,108.0,600.0,for_sale,2.0,1.0,0,0,0,1,0,88.0,0.6666666666666666
FOR_SALE,699000,2.0,1.0,1146.0,1681.0,1979.0,Austin,78703,30.272511,-97.755399,772.0,13.0,610.0,for_sale,2.0,2.0,0,0,0,0,1,47.0,0.5
PENDING,1350000,4.0,3.0,2544.0,9496.0,2008.0,Austin,78703,30.300939,-97.757176,0.0,33.0,531.0,for_sale,2.0,2.0,0,0,0,1,0,18.0,0.75
FOR_SALE,1145000,3.0,3.0,1687.0,87.0,2007.0,Austin,78703,30.268788,-97.753925,1147.0,71.0,679.0,for_sale,3.0,1.0,0,0,0,0,0,19.0,1.0
FOR_SALE,1450000,5.0,3.0,3712.0,12327.0,1950.0,Austin,78703,30.291016,-97.758667,0.0,24.0,391.0,for_sale,2.0,2.0,0,0,1,0,0,76.0,0.6
FOR_SALE,850000,2.0,2.0,1620.0,1847.0,1999.0,Austin,78703,30.273299,-97.755738,822.0,266.0,525.0,for_sale,2.0,1.0,0,0,0,0,0,27.0,1.0
FOR_SALE,1349999,3.0,3.0,2381.0,3345.0,2007.0,Austin,78703,30.28588,-97.760705,325.0,45.0,567.0,for_sale,2.0,3.0,0,0,0,0,0,19.0,1.0
FOR_SALE,1250000,5.0,3.0,2203.0,6713.0,1935.0,Austin,78703,30.283378,-97.770745,0.0,125.0,567.0,for_sale,2.0,2.0,0,0,0,1,0,91.0,0.6
FOR_SALE,699000,2.0,2.0,1217.0,17163.0,2020.0,Austin,78703,30.284163,-97.761676,614.0,33.0,574.0,for_sale,2.0,1.0,0,0,0,0,0,6.0,1.0
FOR_SALE,367650,1.0,1.0,565.0,13068.0,2007.0,Austin,78703,30.268788,-97.753925,505.0,105.0,651.0,for_sale,1.0,1.0,0,0,0,0,0,19.0,1.0
FOR_SALE,1175000,3.0,2.0,1454.0,6534.0,1954.0,Austin,78703,30.279305,-97.771165,0.0,60.0,808.0,for_sale,1.0,1.0,0,0,0,1,0,72.0,0.6666666666666666
FOR_SALE,1375000,4.0,4.0,3240.0,3311.0,2005.0,Austin,78703,30.295001,-97.766793,41.0,121.0,424.0,for_sale,2.0,2.0,0,0,0,0,0,21.0,1.0
FOR_SALE,243500,2.0,1.0,876.0,1451.0,1963.0,Austin,78703,30.287928,-97.766656,350.0,82.0,278.0,for_sale,2.0,1.0,0,0,0,0,0,63.0,0.5
FOR_SALE,390000,3.0,2.0,1044.0,1590.0,1963.0,Austin,78703,30.28828,-97.77221,500.0,31.0,374.0,for_sale,2.0,1.0,0,0,0,0,0,63.0,0.6666666666666666
FOR_SALE,1400000,3.0,2.0,2747.0,6621.0,2006.0,Austin,78703,30.287473,-97.772534,576.0,118.0,510.0,for_sale,2.0,2.0,0,0,0,0,0,20.0,0.6666666666666666
FOR_SALE,995000,3.0,2.0,1624.0,9291.0,1957.0,Austin,78703,30.301556,-97.7573,0.0,101.0,613.0,for_sale,2.0,1.0,0,0,0,1,0,69.0,0.6666666666666666
FOR_SALE,1269000,2.0,2.0,2215.0,553.0,2003.0,Austin,78703,30.269664,-97.751262,2154.0,193.0,573.0,for_sale,2.0,2.0,0,0,0,0,0,23.0,1.0
FOR_SALE,625000,2.0,1.0,846.0,3049.0,2019.0,Austin,78703,30.303711,-97.75746,41.0,54.0,739.0,for_sale,2.0,1.0,0,0,0,1,0,7.0,0.5
FOR_SALE,724000,3.0,3.0,1725.0,4487.0,1968.0,Austin,78703,30.309794,-97.767301,485.0,171.0,420.0,for_sale,2.0,3.0,0,0,0,0,0,58.0,1.0
FOR_SALE,167000,1.0,1.0,300.0,614.0,1972.0,Austin,78703,30.27528,-97.754384,225.0,38.0,557.0,for_sale,2.0,1.0,0,0,0,0,0,54.0,1.0
FOR_SALE,689000,2.0,2.0,1462.0,1568.0,1983.0,Austin,78703,30.280846,-97.757241,707.0,283.0,471.0,for_sale,1.0,1.0,0,0,0,0,0,43.0,1.0
PENDING,945000,2.0,1.0,1316.0,5506.0,1948.0,Austin,78703,30.305175,-97.753406,0.0,65.0,718.0,for_sale,1.0,1.0,0,0,0,1,0,78.0,0.5
FOR_SALE,549900,1.0,1.0,1161.0,279.0,2003.0,Austin,78703,30.269664,-97.751262,1230.0,115.0,474.0,for_sale,1.0,1.0,0,0,0,0,0,23.0,1.0
FOR_SALE,415000,2.0,1.0,951.0,2143.0,1981.0,Austin,78703,30.289586,-97.769562,332.0,80.0,436.0,for_sale,2.0,2.0,0,0,0,0,0,45.0,0.5
FOR_SALE,1100000,4.0,3.0,2606.0,9474.0,1952.0,Austin,78703,30.303318,-97.757633,0.0,269.0,422.0,for_sale,2.0,2.0,0,0,0,1,0,74.0,0.75
FOR_SALE,425000,1.0,1.0,933.0,2121.0,1979.0,Austin,78703,30.275801,-97.76265,538.0,87.0,456.0,for_sale,2.0,1.0,0,0,0,0,0,47.0,1.0
FOR_SALE,1495000,3.0,3.0,2196.0,436.0,2018.0,Austin,78703,30.283467,-97.76069,269.0,150.0,681.0,for_sale,2.0,3.0,0,0,0,1,0,8.0,1.0
FOR_SALE,549000,2.0,2.0,1146.0,2605.0,1979.0,Austin,78703,30.275801,-97.76265,680.0,118.0,479.0,for_sale,2.0,2.0,0,0,0,0,0,47.0,1.0
PENDING,329000,1.0,1.0,773.0,1233.0,2012.0,Austin,78703,30.282627,-97.75828,331.0,185.0,426.0,for_sale,1.0,1.0,0,0,0,0,0,14.0,1.0
PENDING,1189000,3.0,1.0,1676.0,6403.0,1947.0,Austin,78703,30.293868,-97.775159,0.0,95.0,709.0,for_sale,2.0,1.0,0,0,0,1,0,79.0,0.3333333333333333
FOR_SALE,399000,2.0,2.0,1048.0,1542.0,1982.0,Austin,78703,30.281228,-97.759374,120.0,0.0,381.0,for_sale,2.0,2.0,0,0,0,0,0,44.0,1.0
FOR_SALE,730000,2.0,2.0,1061.0,105.0,2007.0,Austin,78703,30.268788,-97.753925,857.0,85.0,688.0,for_sale,2.0,1.0,0,0,0,0,0,19.0,1.0
FOR_SALE,430000,2.0,2.0,967.0,1494.0,1983.0,Austin,78703,30.28996,-97.770198,306.0,114.0,445.0,for_sale,2.0,1.0,0,0,0,0,0,43.0,1.0
FOR_SALE,1399000,6.0,4.0,3031.0,4792.0,1930.0,Austin,78703,30.276201,-97.760162,0.0,214.0,462.0,for_sale,2.0,1.0,0,0,1,0,0,96.0,0.6666666666666666
FOR_SALE,1395000,6.0,4.0,3570.0,8930.0,2006.0,Austin,78703,30.303434,-97.757935,0.0,26.0,391.0,for_sale,2.0,2.0,0,0,1,0,0,20.0,0.6666666666666666
PENDING,1350000,3.0,2.0,1919.0,3006.0,2003.0,Austin,78703,30.27508,-97.760565,0.0,52.0,703.0,for_sale,1.0,3.0,0,0,0,1,0,23.0,0.6666666666666666
FOR_SALE,990000,1.0,1.0,962.0,1529.0,1981.0,Austin,78703,30.277327,-97.753763,740.0,89.0,1029.0,for_sale,2.0,1.0,0,0,0,0,0,45.0,1.0
FOR_SALE,265000,0.0,1.0,373.0,653.0,1972.0,Austin,78703,30.284019,-97.762428,300.0,26.0,710.0,for_sale,2.0,1.0,0,0,0,0,0,54.0,1.0
FOR_SALE,1395000,2.0,2.0,1579.0,7048.0,2021.0,Austin,78703,30.284811,-97.759191,405.0,213.0,883.0,for_sale,2.0,3.0,0,0,0,0,0,5.0,1.0
FOR_SALE,1350000,3.0,3.0,1631.0,166.0,2007.0,Austin,78703,30.268788,-97.753925,1158.0,25.0,828.0,for_sale,4.0,1.0,0,0,0,0,0,19.0,1.0
FOR_SALE,1725000,3.0,3.0,3057.0,2866.0,1985.0,Austin,78703,30.302904,-97.765439,150.0,198.0,564.0,for_sale,2.0,3.0,0,0,0,1,0,41.0,1.0
FOR_SALE,1449000,3.0,3.0,1550.0,5580.0,1979.0,Austin,78703,30.281044,-97.764703,0.0,211.0,935.0,for_sale,2.0,1.0,0,0,0,1,0,47.0,1.0
FOR_SALE,399900,2.0,2.0,1028.0,1324.0,1983.0,Austin,78703,30.290065,-97.771932,357.0,110.0,389.0,for_sale,1.0,2.0,0,0,0,0,0,43.0,1.0
SOLD,1600000,3.0,2.0,2240.0,9043.0,1951.0,Austin,78703,30.302464,-97.780384,0.0,35.0,343.0,sold,2.0,1.0,0,0,0,1,0,75.0,0.6666666666666666
SOLD,1700000,4.0,3.0,2623.0,8211.0,2014.0,Austin,78703,30.304065,-97.752942,0.0,34.0,343.0,sold,1.0,2.0,0,0,0,1,0,12.0,0.75
SOLD,674000,3.0,2.0,2086.0,9126.0,2004.0,Austin,78703,30.2911,-97.761238,0.0,153.0,343.0,sold,1.0,2.0,0,0,0,0,0,22.0,0.6666666666666666
SOLD,400000,2.0,2.0,1085.0,1786.0,1960.0,Austin,78703,30.278857,-97.75437,709.0,96.0,343.0,sold,2.0,1.0,0,0,0,0,0,66.0,1.0
SOLD,775000,1.0,2.0,1538.0,362.0,2003.0,Austin,78703,30.269664,-97.751262,1534.0,110.0,343.0,sold,2.0,1.0,0,0,0,0,0,23.0,2.0
SOLD,585000,3.0,2.0,1716.0,4164.0,1976.0,Austin,78703,30.298599,-97.757644,41.0,161.0,343.0,sold,2.0,2.0,0,0,0,0,0,50.0,0.6666666666666666
SOLD,899000,3.0,2.0,1800.0,7048.0,2007.0,Austin,78703,30.289379,-97.769966,367.0,178.0,343.0,sold,2.0,2.0,0,0,0,0,1,19.0,0.6666666666666666
SOLD,689900,2.0,2.0,1845.0,3472.0,2006.0,Austin,78703,30.288352,-97.760978,41.0,40.0,343.0,sold,1.0,2.0,0,0,0,0,0,20.0,1.0
SOLD,1195000,3.0,2.0,2007.0,9370.0,1948.0,Austin,78703,30.298233,-97.75942,0.0,66.0,343.0,sold,2.0,1.0,0,0,0,1,0,78.0,0.6666666666666666
SOLD,950000,2.0,1.0,1144.0,6517.0,1923.0,Austin,78703,30.278114,-97.755805,0.0,60.0,343.0,sold,1.0,1.0,0,0,0,1,0,103.0,0.5
SOLD,1695000,4.0,3.0,2176.0,7231.0,1939.0,Austin,78703,30.303014,-97.753103,0.0,28.0,343.0,sold,2.0,1.0,0,0,0,1,0,87.0,0.75
SOLD,409000,3.0,2.0,1000.0,1525.0,1963.0,Austin,78703,30.28828,-97.772217,500.0,182.0,343.0,sold,2.0,1.0,0,0,0,0,0,63.0,0.6666666666666666
SOLD,999995,4.0,5.0,2860.0,7492.0,1943.0,Austin,78703,30.284392,-97.763448,0.0,88.0,343.0,sold,2.0,1.0,0,0,1,0,0,83.0,1.25
SOLD,1395000,4.0,3.0,2493.0,8181.0,1939.0,Austin,78703,30.29762,-97.770954,0.0,28.0,343.0,sold,2.0,2.0,0,0,0,1,0,87.0,0.75
SOLD,495000,2.0,1.0,1164.0,8181.0,1938.0,Austin,78703,30.283992,-97.763877,0.0,280.0,343.0,sold,2.0,1.0,0,0,0,1,0,88.0,0.5
SOLD,895000,4.0,2.0,2366.0,13870.0,1958.0,Austin,78703,30.291241,-97.759278,0.0,60.0,343.0,sold,2.0,1.0,0,0,1,0,0,68.0,0.5
SOLD,889000,3.0,3.0,1800.0,6761.0,1977.0,Austin,78703,30.310055,-97.763844,41.0,60.0,343.0,sold,2.0,1.0,0,0,0,1,0,49.0,1.0
SOLD,1495000,2.0,2.0,1652.0,6752.0,1940.0,Austin,78703,30.300755,-97.753568,0.0,32.0,343.0,sold,2.0,1.0,0,0,0,1,0,86.0,1.0
SOLD,749000,2.0,2.0,1410.0,1616.0,1981.0,Austin,78703,30.273796,-97.761742,812.0,98.0,343.0,sold,2.0,1.0,0,0,0,0,0,45.0,1.0
SOLD,1249000,3.0,3.0,2494.0,2670.0,1983.0,Austin,78703,30.280846,-97.757241,1255.0,107.0,343.0,sold,1.0,1.0,0,0,0,0,0,43.0,1.0
SOLD,1275000,3.0,3.0,1721.0,5881.0,1937.0,Austin,78703,30.287053,-97.76154,0.0,58.0,343.0,sold,2.0,1.0,0,0,0,1,0,89.0,1.0
SOLD,945000,3.0,3.0,2186.0,3716.0,2007.0,Austin,78703,30.310384,-97.767529,250.0,42.0,343.0,sold,1.0,2.0,0,0,0,0,0,19.0,1.0
SOLD,649000,2.0,1.0,1520.0,1925.0,1971.0,Austin,78703,30.294588,-97.780024,475.0,102.0,343.0,sold,2.0,2.0,0,0,0,0,0,55.0,0.5
SOLD,809900,4.0,4.0,2481.0,9879.0,1942.0,Austin,78703,30.30111,-97.757474,0.0,235.0,343.0,sold,2.0,1.0,0,0,0,1,0,84.0,1.0
SOLD,895000,2.0,2.0,1506.0,392.0,2003.0,Austin,78703,30.269664,-97.751262,1581.0,125.0,343.0,sold,2.0,1.0,0,0,0,0,0,23.0,1.0
SOLD,625000,3.0,2.0,1439.0,3454.0,1958.0,Austin,78703,30.289022,-97.768076,250.0,29.0,343.0,sold,2.0,2.0,0,0,0,0,0,68.0,0.6666666666666666
SOLD,1375000,3.0,2.0,1710.0,6669.0,1929.0,Austin,78703,30.281306,-97.757355,0.0,35.0,343.0,sold,2.0,2.0,0,0,0,1,0,97.0,0.6666666666666666
SOLD,1275000,4.0,4.0,2658.0,11439.0,1951.0,Austin,78703,30.303023,-97.763284,0.0,265.0,343.0,sold,2.0,1.0,0,0,0,1,0,75.0,1.0
SOLD,824995,2.0,2.0,1366.0,1995.0,2015.0,Austin,78703,30.280165,-97.757646,265.0,61.0,343.0,sold,2.0,2.0,0,0,0,0,1,11.0,1.0
SOLD,745000,2.0,1.0,1008.0,3690.0,1928.0,Austin,78703,30.277553,-97.761134,0.0,90.0,343.0,sold,2.0,1.0,0,0,0,1,0,98.0,0.5
SOLD,1300000,3.0,2.0,1732.0,6377.0,1987.0,Austin,78703,30.296373,-97.776806,0.0,36.0,343.0,sold,2.0,2.0,0,0,0,1,0,39.0,0.6666666666666666
SOLD,1250000,3.0,2.0,2097.0,7275.0,1940.0,Austin,78703,30.302074,-97.751218,0.0,55.0,343.0,sold,2.0,1.0,0,0,0,1,0,86.0,0.6666666666666666
SOLD,1650000,4.0,3.0,2674.0,7388.0,1939.0,Austin,78703,30.29365,-97.766081,0.0,19.0,343.0,sold,2.0,2.0,0,0,0,1,0,87.0,0.75
SOLD,1590000,3.0,2.0,2522.0,8551.0,1945.0,Austin,78703,30.307199,-97.752643,0.0,91.0,343.0,sold,2.0,2.0,0,0,0,1,0,81.0,0.6666666666666666
SOLD,1149000,3.0,3.0,1704.0,174.0,2009.0,Austin,78703,30.268788,-97.753925,1212.0,74.0,343.0,sold,2.0,1.0,0,0,0,0,0,17.0,1.0
SOLD,1250000,3.0,2.0,1930.0,8250.0,1939.0,Austin,78703,30.298697,-97.75687,0.0,40.0,343.0,sold,2.0,1.0,0,0,0,1,0,87.0,0.6666666666666666
SOLD,875000,2.0,2.0,1061.0,105.0,2007.0,Austin,78703,30.268788,-97.753925,888.0,41.0,343.0,sold,2.0,1.0,0,0,0,0,0,19.0,1.0
SOLD,1295000,3.0,3.0,1704.0,170.0,2007.0,Austin,78703,30.268788,-97.753925,1207.0,34.0,343.0,sold,2.0,1.0,0,0,0,0,0,19.0,1.0
SOLD,1395000,5.0,2.0,3030.0,7836.0,1947.0,Austin,78703,30.279713,-97.758514,0.0,37.0,343.0,sold,2.0,2.0,0,0,0,1,0,79.0,0.4
SOLD,1395000,4.0,4.0,3030.0,7836.0,1947.0,Austin,78703,30.279713,-97.758514,0.0,38.0,343.0,sold,2.0,2.0,0,0,1,0,0,79.0,1.0
SOLD,810000,2.0,2.0,983.0,100.0,2007.0,Austin,78703,30.268788,-97.753925,800.0,39.0,343.0,sold,2.0,1.0,0,0,0,0,0,19.0,1.0
SOLD,1000000,5.0,5.0,2647.0,9879.0,1959.0,Austin,78703,30.283922,-97.759598,0.0,332.0,343.0,sold,2.0,1.0,0,0,0,1,0,67.0,1.0
SOLD,279000,2.0,1.0,647.0,1568.0,1960.0,Austin,78703,30.288912,-97.772635,365.0,38.0,343.0,sold,2.0,1.0,0,0,0,0,0,66.0,0.5
SOLD,1000000,3.0,2.0,1770.5,9879.0,1993.0,Austin,78703,30.283922,-97.759598,0.0,550.0,343.0,sold,2.0,1.0,1,0,0,0,0,33.0,0.6666666666666666
SOLD,1000000,5.0,4.0,2647.0,9879.0,1959.0,Austin,78703,30.28392,-97.759667,0.0,332.0,343.0,sold,2.0,1.0,0,0,1,0,0,67.0,0.8
SOLD,1295000,3.0,2.0,1887.0,11970.0,1951.0,Austin,78703,30.302118,-97.761366,0.0,125.0,343.0,sold,2.0,1.0,0,0,0,1,0,75.0,0.6666666666666666
SOLD,1195000,2.0,2.0,2085.0,9322.0,2006.0,Austin,78703,30.282945,-97.770769,41.0,247.0,343.0,sold,2.0,2.0,0,0,0,1,0,20.0,1.0
SOLD,998888,4.0,2.0,1780.0,7645.0,1947.0,Austin,78703,30.293838,-97.778284,0.0,29.0,343.0,sold,2.0,1.0,0,0,0,1,0,79.0,0.5
SOLD,1350000,3.0,2.0,2302.0,5902.0,1985.0,Austin,78703,30.299519,-97.753002,0.0,20.0,343.0,sold,2.0,2.0,0,0,0,1,0,41.0,0.6666666666666666
SOLD,875000,3.0,3.0,2231.0,3027.0,2008.0,Austin,78703,30.288537,-97.772907,425.0,22.0,343.0,sold,2.0,3.0,0,0,0,0,0,18.0,1.0
SOLD,759000,3.0,2.0,1470.0,1686.0,1981.0,Austin,78703,30.273796,-97.761742,869.0,84.0,343.0,sold,2.0,1.0,0,0,0,0,0,45.0,0.6666666666666666
SOLD,1295000,3.0,2.0,2451.0,13660.0,1956.0,Austin,78703,30.300314,-97.749803,0.0,50.0,343.0,sold,2.0,1.0,0,0,0,1,0,70.0,0.6666666666666666
SOLD,1449900,3.0,2.0,2000.0,7187.0,1939.0,Austin,78703,30.300767,-97.755634,0.0,34.0,343.0,sold,2.0,1.0,0,0,0,1,0,87.0,0.6666666666666666
SOLD,998000,3.0,2.0,1923.0,5001.0,1938.0,Austin,78703,30.278597,-97.766473,42.0,39.0,343.0,sold,2.0,1.0,0,0,0,0,0,88.0,0.6666666666666666
FOR_SALE,875000,4.0,3.0,2340.0,8455.0,2006.0,Austin,78704,30.22676,-97.76338,0.0,13.0,374.0,for_sale,2.0,2.0,0,0,0,1,0,20.0,0.75
FOR_SALE,695000,3.0,1.0,1567.0,7078.0,1956.0,Austin,78704,30.243905,-97.765678,0.0,65.0,444.0,for_sale,1.0,1.0,0,0,0,1,0,70.0,0.3333333333333333
FOR_SALE,1199000,3.0,2.0,1632.0,6843.0,1939.0,Austin,78704,30.25727,-97.762083,0.0,124.0,735.0,for_sale,2.0,1.0,0,0,0,1,0,87.0,0.6666666666666666
FOR_SALE,1139000,4.0,2.0,2137.0,8189.0,1959.0,Austin,78704,30.258018,-97.770185,0.0,31.0,533.0,for_sale,2.0,2.0,0,0,0,1,0,67.0,0.5
PENDING,1495000,5.0,3.0,3228.0,16640.0,1977.0,Austin,78704,30.259897,-97.782913,0.0,54.0,463.0,for_sale,2.0,2.0,0,0,0,1,0,49.0,0.6
PENDING,1599000,3.0,2.0,1541.0,12863.0,1958.0,Austin,78704,30.261014,-97.766508,0.0,9.0,1038.0,for_sale,2.0,1.0,0,0,0,1,0,68.0,0.6666666666666666
FOR_SALE,1299000,3.0,2.0,1946.0,7327.0,2026.0,Austin,78704,30.243235,-97.760437,0.0,4.0,668.0,for_sale,2.0,2.0,0,0,0,1,0,0.0,0.6666666666666666
PENDING,1009000,2.0,2.0,1478.0,3751.0,2019.0,Austin,78704,30.2442,-97.759852,0.0,143.0,683.0,for_sale,1.0,2.0,0,0,0,1,0,7.0,1.0
FOR_SALE,320000,2.0,2.0,970.0,7048.0,1985.0,Austin,78704,30.255946,-97.752001,400.0,45.0,330.0,for_sale,2.0,1.0,0,0,0,0,0,41.0,1.0
FOR_SALE,1149000,3.0,3.0,2012.0,5388.0,2016.0,Austin,78704,30.246315,-97.737353,247.0,152.0,571.0,for_sale,2.0,2.0,0,0,0,0,0,10.0,1.0
FOR_SALE,1000000,3.0,3.0,2178.0,3141.0,2016.0,Austin,78704,30.24469,-97.754448,727.0,129.0,459.0,for_sale,1.0,3.0,0,0,0,0,0,10.0,1.0
PENDING,799000,2.0,2.0,1088.0,4578.0,2022.0,Austin,78704,30.24173,-97.744501,0.0,69.0,734.0,for_sale,1.0,2.0,0,0,0,1,0,4.0,1.0
FOR_SALE,995000,5.0,4.0,2250.0,8795.0,1964.0,Austin,78704,30.233965,-97.751272,0.0,19.0,442.0,for_sale,2.0,1.0,0,0,0,1,0,62.0,0.8
FOR_SALE,189900,1.0,1.0,493.0,597.0,1964.0,Austin,78704,30.243349,-97.752394,164.0,140.0,385.0,for_sale,2.0,1.0,0,0,0,0,0,62.0,1.0
FOR_SALE,290000,2.0,1.0,1008.0,2587.0,1972.0,Austin,78704,30.235088,-97.784587,374.0,75.0,288.0,for_sale,2.0,2.0,0,0,0,0,0,54.0,0.5
FOR_SALE,185000,2.0,1.0,563.0,7048.0,1980.0,Austin,78704,30.235474,-97.783237,180.0,38.0,329.0,for_sale,2.0,1.0,0,0,0,0,0,46.0,0.5
FOR_SALE,1425000,4.0,3.0,3344.0,4661.0,2004.0,Austin,78704,30.248449,-97.737647,0.0,100.0,426.0,for_sale,2.0,3.0,0,0,0,1,0,22.0,0.75
FOR_SALE,925000,3.0,2.0,1792.0,5262.0,2018.0,Austin,78704,30.238232,-97.741966,41.0,10.0,516.0,for_sale,1.0,2.0,0,0,0,1,0,8.0,0.6666666666666666
FOR_SALE,365000,2.0,1.0,1130.0,2862.0,1967.0,Austin,78704,30.235209,-97.747678,330.0,48.0,323.0,for_sale,2.0,2.0,0,0,0,0,1,59.0,0.5
FOR_SALE,1475000,4.0,3.0,2884.0,7566.0,2019.0,Austin,78704,30.232325,-97.760785,0.0,54.0,511.0,for_sale,1.0,2.0,0,0,0,1,0,7.0,0.75
FOR_SALE,549000,2.0,2.0,1092.0,3942.0,2017.0,Austin,78704,30.232153,-97.770488,0.0,21.0,503.0,for_sale,1.0,2.0,0,0,0,1,0,9.0,1.0
PENDING,1295000,3.0,2.0,2014.0,11474.0,1969.0,Austin,78704,30.253522,-97.788518,0.0,16.0,643.0,for_sale,2.0,1.0,0,0,0,1,0,57.0,0.6666666666666666
FOR_SALE,750000,3.0,3.0,1834.0,7754.0,2016.0,Austin,78704,30.232675,-97.771253,35.0,4.0,409.0,for_sale,2.0,2.0,0,0,0,1,0,10.0,1.0
FOR_SALE,669000,3.0,3.0,1821.0,7048.0,2019.0,Austin,78704,30.234249,-97.780801,343.0,135.0,367.0,for_sale,2.0,3.0,0,0,0,0,0,7.0,1.0
FOR_SALE,334900,2.0,1.0,1034.0,2932.0,1972.0,Austin,78704,30.241216,-97.779936,435.0,87.0,324.0,for_sale,2.0,2.0,0,0,0,0,0,54.0,0.5
FOR_SALE,695000,3.0,3.0,1815.0,7048.0,2020.0,Austin,78704,30.233813,-97.782959,470.0,125.0,383.0,for_sale,2.0,3.0,0,0,0,0,0,6.0,1.0
PENDING,365000,3.0,1.0,1128.0,8316.0,1953.0,Austin,78704,30.231288,-97.788758,0.0,25.0,324.0,for_sale,2.0,1.0,0,0,0,1,0,73.0,0.3333333333333333
FOR_SALE,1350000,3.0,3.0,2402.0,5924.0,2007.0,Austin,78704,30.244824,-97.757995,0.0,32.0,562.0,for_sale,2.0,2.0,0,0,0,1,0,19.0,1.0
FOR_SALE,849950,3.0,1.0,1982.0,7405.0,1947.0,Austin,78704,30.242676,-97.743981,0.0,128.0,429.0,for_sale,2.0,2.0,0,0,0,1,0,79.0,0.3333333333333333
PENDING,1099000,4.0,2.0,1838.0,6316.0,1946.0,Austin,78704,30.24966,-97.778265,0.0,31.0,598.0,for_sale,2.0,2.0,0,0,0,1,0,80.0,0.5
PENDING,1595000,4.0,3.0,1981.0,5924.0,1940.0,Austin,78704,30.251124,-97.759093,0.0,59.0,805.0,for_sale,2.0,1.0,0,0,0,1,0,86.0,0.75
FOR_SALE,399000,2.0,2.0,1227.0,7048.0,2023.0,Austin,78704,30.229521,-97.778778,817.0,18.0,325.0,for_sale,2.0,1.0,0,0,0,0,0,3.0,1.0
FOR_SALE,150000,1.0,1.0,520.0,1485.0,1985.0,Austin,78704,30.240281,-97.782676,223.0,59.0,288.0,for_sale,2.0,1.0,0,0,0,0,0,41.0,1.0
FOR_SALE,330000,0.0,1.0,538.0,235.0,2013.0,Austin,78704,30.264386,-97.764034,279.0,85.0,613.0,for_sale,1.0,1.0,0,0,0,0,0,13.0,1.0
FOR_SALE,220000,1.0,1.0,498.0,314.0,2018.0,Austin,78704,30.254655,-97.752549,264.0,158.0,442.0,for_sale,1.0,1.0,0,0,0,0,0,8.0,1.0
FOR_SALE,799500,3.0,3.0,2333.0,3267.0,2012.0,Austin,78704,30.252704,-97.766549,919.0,15.0,343.0,for_sale,2.0,2.0,0,0,0,0,0,14.0,1.0
FOR_SALE,1349995,4.0,4.0,2742.0,8542.0,1963.0,Austin,78704,30.236698,-97.746767,0.0,161.0,492.0,for_sale,2.0,2.0,0,0,0,1,0,63.0,1.0
FOR_SALE,849000,3.0,2.0,1609.0,11552.0,1958.0,Austin,78704,30.239165,-97.749969,0.0,94.0,528.0,for_sale,2.0,1.0,0,0,0,1,0,68.0,0.6666666666666666
FOR_SALE,599900,3.0,2.0,1085.0,9932.0,1958.0,Austin,78704,30.228202,-97.75804,0.0,24.0,553.0,for_sale,2.0,1.0,0,0,0,1,0,68.0,0.6666666666666666
FOR_SALE,179000,1.0,1.0,478.0,1045.0,1968.0,Austin,78704,30.251104,-97.773995,230.0,109.0,374.0,for_sale,2.0,1.0,0,0,0,0,0,58.0,1.0
FOR_SALE,225000,2.0,2.0,920.0,2657.0,1985.0,Austin,78704,30.240281,-97.782676,300.0,113.0,245.0,for_sale,2.0,1.0,0,0,0,0,0,41.0,1.0
FOR_SALE,512000,2.0,2.0,1046.0,3119.0,1962.0,Austin,78704,30.238425,-97.774562,0.0,33.0,489.0,for_sale,1.0,1.0,0,0,0,0,0,64.0,1.0
PENDING,889999,3.0,2.0,2252.0,5663.0,1934.0,Austin,78704,30.249224,-97.76999,0.0,115.0,395.0,for_sale,2.0,3.0,0,0,0,1,0,92.0,0.6666666666666666
FOR_SALE,447777,2.0,1.0,1048.0,7109.0,1948.0,Austin,78704,30.239878,-97.762553,0.0,130.0,427.0,for_sale,2.0,1.0,0,0,0,1,0,78.0,0.5
FOR_SALE,595000,2.0,2.0,1604.0,1960.0,2005.0,Austin,78704,30.256154,-97.765612,350.0,3.0,371.0,for_sale,2.0,3.0,0,0,0,0,0,21.0,1.0
FOR_SALE,429900,2.0,1.0,984.0,7048.0,1973.0,Austin,78704,30.260476,-97.774238,280.0,30.0,437.0,for_sale,2.0,2.0,0,0,0,0,0,53.0,0.5
FOR_SALE,325000,1.0,1.0,677.0,305.0,2013.0,Austin,78704,30.264386,-97.764034,323.0,160.0,480.0,for_sale,2.0,1.0,0,0,0,0,0,13.0,1.0
FOR_SALE,299000,1.0,1.0,745.0,172715.0,2017.0,Austin,78704,30.243095,-97.772774,208.0,165.0,401.0,for_sale,2.0,1.0,0,0,0,0,0,9.0,1.0
FOR_SALE,685000,2.0,2.0,1138.0,732.0,2008.0,Austin,78704,30.262351,-97.761535,832.0,8.0,602.0,for_sale,2.0,1.0,0,0,0,0,0,18.0,1.0
FOR_SALE,870000,3.0,2.0,2053.0,3833.0,2001.0,Austin,78704,30.242853,-97.77498,50.0,3.0,424.0,for_sale,2.0,2.0,0,0,0,1,0,25.0,0.6666666666666666
FOR_SALE,465000,2.0,2.0,1091.0,5523.0,1947.0,Austin,78704,30.231265,-97.784462,0.0,144.0,426.0,for_sale,2.0,1.0,0,0,0,1,0,79.0,1.0
FOR_SALE,1195000,3.0,3.0,2874.0,4835.0,2006.0,Austin,78704,30.261419,-97.76159,590.0,28.0,416.0,for_sale,2.0,3.0,0,0,0,0,0,20.0,1.0
PENDING,675000,1.0,1.0,846.0,6573.0,1941.0,Austin,78704,30.244349,-97.760849,0.0,19.0,798.0,for_sale,2.0,1.0,0,0,0,1,0,85.0,1.0
PENDING,995000,4.0,2.0,2800.0,6795.0,1935.0,Austin,78704,30.248805,-97.738831,0.0,157.0,355.0,for_sale,2.0,2.0,0,0,0,1,0,91.0,0.5
FOR_SALE,699900,4.0,2.0,1580.0,11613.0,1958.0,Austin,78704,30.228331,-97.758178,0.0,24.0,443.0,for_sale,2.0,1.0,0,0,0,1,0,68.0,0.5
PENDING,1629000,3.0,2.0,1870.0,12149.0,1973.0,Austin,78704,30.254031,-97.792026,0.0,52.0,871.0,for_sale,2.0,1.0,0,0,0,1,0,53.0,0.6666666666666666
FOR_SALE,699950,3.0,2.0,1521.0,7048.0,2001.0,Austin,78704,30.246834,-97.763826,240.0,17.0,460.0,for_sale,2.0,2.0,0,0,0,0,0,25.0,0.6666666666666666
FOR_SALE,499000,3.0,1.0,945.0,5728.0,1962.0,Austin,78704,30.23342,-97.759806,0.0,177.0,528.0,for_sale,2.0,1.0,0,0,0,1,0,64.0,0.3333333333333333
FOR_SALE,499999,2.0,2.0,1500.0,51444.0,2013.0,Austin,78704,30.237885,-97.759279,299.0,114.0,333.0,for_sale,2.0,3.0,0,0,0,0,0,13.0,1.0
FOR_SALE,1188000,3.0,2.0,1933.0,4617.0,2002.0,Austin,78704,30.245731,-97.758105,0.0,66.0,615.0,for_sale,2.0,2.0,0,0,0,1,0,24.0,0.6666666666666666
FOR_SALE,900000,3.0,2.0,1780.0,7275.0,1999.0,Austin,78704,30.24351,-97.756606,0.0,86.0,506.0,for_sale,2.0,1.0,0,0,0,1,0,27.0,0.6666666666666666
FOR_SALE,260000,1.0,1.0,525.0,1093.0,1972.0,Austin,78704,30.252036,-97.765741,267.0,12.0,495.0,for_sale,2.0,1.0,0,0,0,0,0,54.0,1.0
FOR_SALE,725000,3.0,2.0,1380.0,6795.0,1963.0,Austin,78704,30.253945,-97.772237,0.0,58.0,525.0,for_sale,2.0,1.0,0,0,1,0,0,63.0,0.6666666666666666
FOR_SALE,399000,2.0,2.0,977.0,2439.0,1981.0,Austin,78704,30.239784,-97.750971,480.0,37.0,408.0,for_sale,2.0,1.0,0,0,0,0,0,45.0,1.0
FOR_SALE,278000,1.0,1.0,764.0,1612.0,1968.0,Austin,78704,30.251104,-97.773995,350.0,109.0,364.0,for_sale,2.0,1.0,0,0,0,0,0,58.0,1.0
FOR_SALE,1574999,3.0,2.0,2120.0,9688.0,1954.0,Austin,78704,30.243104,-97.753667,0.0,195.0,743.0,for_sale,2.0,1.0,0,0,0,1,0,72.0,0.6666666666666666
FOR_SALE,775000,3.0,2.0,1830.0,3502.0,2004.0,Austin,78704,30.243148,-97.776722,0.0,24.0,423.0,for_sale,1.0,2.0,0,0,0,1,0,22.0,0.6666666666666666
SOLD,499888,3.0,1.0,1145.0,8625.0,1967.0,Austin,78704,30.234169,-97.754116,0.0,41.0,343.0,sold,1.0,1.0,0,0,0,1,0,59.0,0.3333333333333333
SOLD,215000,2.0,1.0,968.0,7048.0,1980.0,Austin,78704,30.228733,-97.772229,327.0,55.0,343.0,sold,2.0,2.0,0,0,0,0,0,46.0,0.5
SOLD,1695000,4.0,3.0,2761.0,12162.0,1964.0,Austin,78704,30.260899,-97.776996,0.0,116.0,343.0,sold,2.0,1.0,0,0,0,1,0,62.0,0.75
SOLD,575000,2.0,2.0,936.0,9801.0,1962.0,Austin,78704,30.237846,-97.770878,0.0,103.0,343.0,sold,2.0,1.0,0,0,0,1,0,64.0,1.0
SOLD,865000,3.0,2.0,1834.0,6621.0,1969.0,Austin,78704,30.233177,-97.771428,0.0,91.0,343.0,sold,1.0,1.0,0,0,0,1,0,57.0,0.6666666666666666
SOLD,592000,2.0,2.0,1117.0,741.0,2008.0,Austin,78704,30.262351,-97.761535,626.0,88.0,343.0,sold,2.0,1.0,0,0,0,0,0,18.0,1.0
SOLD,1149000,3.0,2.0,1790.0,5820.0,1957.0,Austin,78704,30.255583,-97.770768,0.0,167.0,343.0,sold,2.0,1.0,0,0,0,1,0,69.0,0.6666666666666666
SOLD,675000,2.0,2.0,1797.0,3115.0,2013.0,Austin,78704,30.238983,-97.766847,736.0,67.0,343.0,sold,2.0,3.0,0,0,0,0,0,13.0,1.0
SOLD,1495000,4.0,4.0,2565.0,12197.0,1922.0,Austin,78704,30.240405,-97.749702,0.0,67.0,343.0,sold,2.0,1.0,0,0,0,1,0,104.0,1.0
SOLD,1250000,3.0,2.0,2116.0,5279.0,2016.0,Austin,78704,30.250412,-97.755827,0.0,112.0,343.0,sold,2.0,2.0,0,0,0,1,0,10.0,0.6666666666666666
SOLD,1275000,3.0,3.0,2468.0,6721.0,2003.0,Austin,78704,30.242193,-97.741154,0.0,80.0,343.0,sold,2.0,2.0,0,0,0,1,0,23.0,1.0
SOLD,1240000,3.0,2.0,1959.0,4069.0,2011.0,Austin,78704,30.247924,-97.756679,0.0,69.0,343.0,sold,2.0,2.0,0,0,0,0,0,15.0,0.6666666666666666
SOLD,750000,3.0,1.0,1714.0,7288.0,1946.0,Austin,78704,30.24349,-97.738989,0.0,23.0,343.0,sold,2.0,1.0,0,0,0,1,0,80.0,0.3333333333333333
SOLD,299900,2.0,1.0,989.0,2043.0,2022.0,Austin,78704,30.229735,-97.778411,457.0,28.0,343.0,sold,2.0,1.0,0,0,0,0,0,4.0,0.5
SOLD,275000,1.0,1.0,720.0,1612.0,1974.0,Austin,78704,30.237934,-97.78289,334.0,78.0,343.0,sold,2.0,1.0,0,0,0,0,0,52.0,1.0
SOLD,599000,3.0,3.0,1367.0,5227.0,2024.0,Austin,78704,30.236462,-97.774452,41.0,195.0,343.0,sold,1.0,2.0,0,0,0,0,0,2.0,1.0
SOLD,749000,2.0,2.0,1400.0,4356.0,2020.0,Austin,78704,30.242628,-97.778159,382.0,48.0,343.0,sold,2.0,2.0,0,0,0,1,0,6.0,1.0
SOLD,638000,2.0,2.0,1709.0,2387.0,2012.0,Austin,78704,30.245597,-97.776727,581.0,50.0,343.0,sold,2.0,2.0,0,0,0,0,1,14.0,1.0
SOLD,189000,0.0,1.0,420.0,7048.0,1972.0,Austin,78704,30.230932,-97.776321,0.0,95.0,343.0,sold,2.0,2.0,0,0,0,0,0,54.0,1.0
SOLD,1100000,4.0,2.0,1954.0,10803.0,1976.0,Austin,78704,30.252577,-97.793495,0.0,88.0,343.0,sold,2.0,2.0,0,0,0,1,0,50.0,0.5
SOLD,1349000,3.0,2.0,2245.0,5942.0,2002.0,Austin,78704,30.245273,-97.759406,0.0,130.0,343.0,sold,2.0,2.0,0,0,0,1,0,24.0,0.6666666666666666
SOLD,499900,4.0,3.0,1448.0,6504.0,2021.0,Austin,78704,30.234644,-97.786939,41.0,30.0,343.0,sold,3.0,2.0,0,0,0,0,0,5.0,0.75
SOLD,685000,3.0,3.0,1744.0,3576.0,2022.0,Austin,78704,30.23015,-97.764684,325.0,165.0,343.0,sold,1.0,3.0,0,0,0,0,0,4.0,1.0
SOLD,249900,1.0,1.0,648.0,2540.0,1984.0,Austin,78704,30.255329,-97.752334,438.0,78.0,343.0,sold,1.0,1.0,0,0,0,0,0,42.0,1.0
SOLD,899000,3.0,2.0,1770.5,10947.0,1993.0,Austin,78704,30.245245,-97.786586,0.0,50.0,343.0,sold,2.0,1.0,1,0,0,0,0,33.0,0.6666666666666666
SOLD,790000,3.0,2.0,1717.0,7479.0,1950.0,Austin,78704,30.244666,-97.756128,0.0,29.0,343.0,sold,2.0,1.0,0,0,0,1,0,76.0,0.6666666666666666
SOLD,795000,4.0,2.0,2128.0,7144.0,1982.0,Austin,78704,30.239773,-97.773956,0.0,53.0,343.0,sold,2.0,2.0,0,0,1,0,0,44.0,0.5
SOLD,335000,2.0,2.0,977.0,2439.0,1981.0,Austin,78704,30.239784,-97.750971,500.0,57.0,343.0,sold,1.0,1.0,0,0,0,0,0,45.0,1.0
SOLD,1195000,3.0,3.0,2331.0,5759.0,2015.0,Austin,78704,30.234869,-97.759523,0.0,75.0,343.0,sold,1.0,2.0,0,0,0,1,0,11.0,1.0
SOLD,480000,3.0,2.0,1135.0,7009.0,1969.0,Austin,78704,30.233242,-97.772274,0.0,153.0,343.0,sold,2.0,1.0,0,0,0,1,0,57.0,0.6666666666666666
SOLD,824900,3.0,2.0,1640.0,3659.0,2001.0,Austin,78704,30.24281,-97.773953,50.0,124.0,343.0,sold,2.0,2.0,0,0,0,1,0,25.0,0.6666666666666666
SOLD,239000,1.0,1.0,575.0,2309.0,1984.0,Austin,78704,30.255329,-97.752334,314.0,96.0,343.0,sold,2.0,1.0,0,0,0,0,0,42.0,1.0
SOLD,1200000,3.0,2.0,1610.0,1037.0,2008.0,Austin,78704,30.262351,-97.761535,1245.0,41.0,343.0,sold,2.0,1.0,0,0,0,0,0,18.0,0.6666666666666666
SOLD,685000,2.0,1.0,1242.0,5955.0,1940.0,Austin,78704,30.257547,-97.762301,0.0,13.0,343.0,sold,2.0,2.0,0,0,0,1,0,86.0,0.5
SOLD,1199900,4.0,3.0,1964.0,5667.0,1962.0,Austin,78704,30.234826,-97.759371,0.0,77.0,343.0,sold,2.0,1.0,0,0,0,1,0,64.0,0.75
SOLD,759000,3.0,3.0,1711.0,1742.0,2013.0,Austin,78704,30.244797,-97.764015,680.0,133.0,343.0,sold,2.0,3.0,0,0,0,0,0,13.0,1.0
SOLD,375000,1.0,1.0,663.0,8969.0,1972.0,Austin,78704,30.260592,-97.775043,210.0,121.0,343.0,sold,2.0,1.0,0,0,0,0,0,54.0,1.0
SOLD,255000,0.0,1.0,520.0,172715.0,2017.0,Austin,78704,30.243095,-97.772774,208.0,184.0,343.0,sold,2.0,1.0,0,0,0,0,0,9.0,1.0
SOLD,1299000,3.0,2.0,2292.0,5227.0,2009.0,Austin,78704,30.25334,-97.778584,0.0,92.0,343.0,sold,2.0,2.0,0,0,0,1,0,17.0,0.6666666666666666
SOLD,625000,2.0,2.0,1142.0,4792.0,2022.0,Austin,78704,30.232768,-97.763245,41.0,99.0,343.0,sold,1.0,2.0,0,0,0,1,0,4.0,1.0
SOLD,675000,3.0,3.0,1595.0,4190.0,2009.0,Austin,78704,30.238128,-97.772336,90.0,32.0,343.0,sold,1.0,2.0,0,0,0,1,0,17.0,1.0
SOLD,1050000,4.0,2.0,1976.0,18199.0,1975.0,Austin,78704,30.251162,-97.794273,0.0,89.0,343.0,sold,2.0,2.0,0,0,0,1,0,51.0,0.5
SOLD,385000,2.0,1.0,950.0,172715.0,2017.0,Austin,78704,30.243095,-97.772774,238.0,158.0,343.0,sold,2.0,1.0,0,0,0,0,0,9.0,0.5
SOLD,760000,3.0,2.0,1328.0,9583.0,1963.0,Austin,78704,30.232648,-97.75305,0.0,48.0,343.0,sold,2.0,1.0,0,0,0,1,0,63.0,0.6666666666666666
SOLD,850000,3.0,3.0,1622.0,4326.0,2015.0,Austin,78704,30.239226,-97.756212,0.0,96.0,343.0,sold,2.0,2.0,0,0,0,0,0,11.0,1.0
SOLD,345000,2.0,2.0,1105.0,1821.0,1963.0,Austin,78704,30.236855,-97.748637,458.0,71.0,343.0,sold,2.0,1.0,0,0,0,0,0,63.0,1.0
SOLD,249900,2.0,2.0,920.0,2657.0,1985.0,Austin,78704,30.240281,-97.782676,401.0,391.0,343.0,sold,2.0,1.0,0,0,0,0,0,41.0,1.0
SOLD,240000,1.0,1.0,644.0,2004.0,1972.0,Austin,78704,30.240465,-97.781165,210.0,115.0,343.0,sold,2.0,1.0,0,0,0,0,0,54.0,1.0
SOLD,300000,2.0,1.0,856.0,1342.0,1980.0,Austin,78704,30.257295,-97.760989,480.0,31.0,343.0,sold,1.0,1.0,0,0,0,0,0,46.0,0.5
SOLD,1190000,4.0,3.0,2382.0,8298.0,1980.0,Austin,78704,30.248104,-97.741814,0.0,20.0,343.0,sold,2.0,3.0,0,0,0,1,0,46.0,0.75
SOLD,420000,2.0,2.0,1236.0,1263.0,2016.0,Austin,78704,30.239382,-97.788928,700.0,67.0,343.0,sold,2.0,1.0,0,0,0,0,0,10.0,1.0
SOLD,999000,2.0,2.0,1650.0,3833.0,2013.0,Austin,78704,30.247019,-97.762151,208.0,46.0,343.0,sold,2.0,2.0,0,0,0,0,0,13.0,1.0
SOLD,253900,1.0,1.0,640.0,1420.0,1973.0,Austin,78704,30.246374,-97.78039,307.0,30.0,343.0,sold,2.0,1.0,0,0,0,0,0,53.0,1.0
SOLD,1190000,5.0,3.0,2089.0,5785.0,1925.0,Austin,78704,30.25212,-97.757081,0.0,106.0,343.0,sold,2.0,2.0,0,0,0,1,0,101.0,0.6
SOLD,539000,2.0,2.0,935.0,601.0,2008.0,Austin,78704,30.262351,-97.761535,720.0,179.0,343.0,sold,2.0,1.0,0,0,0,0,0,18.0,1.0
SOLD,674000,2.0,2.0,1357.0,4391.0,1980.0,Austin,78704,30.253509,-97.780128,0.0,66.0,343.0,sold,1.0,2.0,0,0,0,0,0,46.0,1.0
SOLD,999977,3.0,2.0,1686.0,1085.0,2008.0,Austin,78704,30.262351,-97.761535,1200.0,118.0,343.0,sold,2.0,1.0,0,0,0,0,0,18.0,0.6666666666666666
SOLD,850000,2.0,2.0,1008.0,7902.0,2019.0,Austin,78704,30.246697,-97.757605,41.0,71.0,343.0,sold,2.0,1.0,0,0,0,1,0,7.0,1.0
SOLD,1450000,3.0,2.0,1759.0,10263.0,2025.0,Austin,78704,30.244041,-97.752571,0.0,125.0,343.0,sold,2.0,3.0,0,0,0,0,0,1.0,0.6666666666666666
SOLD,1475000,5.0,3.0,2522.0,8041.0,1963.0,Austin,78704,30.235509,-97.750373,0.0,36.0,343.0,sold,1.0,2.0,0,0,0,1,0,63.0,0.6
SOLD,575000,3.0,1.0,1296.0,7362.0,1970.0,Austin,78704,30.232073,-97.772564,0.0,5.0,343.0,sold,2.0,1.0,0,0,0,1,0,56.0,0.3333333333333333
SOLD,645000,3.0,3.0,1712.0,4356.0,2018.0,Austin,78704,30.234618,-97.769312,41.0,70.0,343.0,sold,2.0,2.0,0,0,0,0,0,8.0,1.0
SOLD,399000,2.0,1.0,945.0,3115.0,2014.0,Austin,78704,30.238122,-97.767755,467.0,48.0,343.0,sold,1.0,1.0,0,0,0,0,0,12.0,0.5
SOLD,750000,3.0,2.0,1206.0,2696.0,2018.0,Austin,78704,30.251351,-97.772261,126.0,47.0,343.0,sold,1.0,2.0,0,0,0,1,0,8.0,0.6666666666666666
SOLD,935000,3.0,2.0,1770.5,18888.0,1993.0,Austin,78704,30.237684,-97.749169,0.0,247.0,343.0,sold,2.0,1.0,1,0,0,0,0,33.0,0.6666666666666666
SOLD,699000,3.0,2.0,2238.0,3759.0,2004.0,Austin,78704,30.233868,-97.765831,0.0,60.0,343.0,sold,2.0,2.0,0,0,0,1,0,22.0,0.6666666666666666
SOLD,1299000,4.0,3.0,2445.0,6316.0,1949.0,Austin,78704,30.249908,-97.778812,0.0,46.0,343.0,sold,2.0,2.0,0,0,0,1,0,77.0,0.75
SOLD,720000,1.0,1.0,836.0,2788.0,1948.0,Austin,78704,30.247708,-97.752478,24.0,87.0,343.0,sold,2.0,1.0,0,0,0,1,0,78.0,1.0
SOLD,1100000,3.0,3.0,1706.0,1089.0,2010.0,Austin,78704,30.262351,-97.761535,1314.0,86.0,343.0,sold,2.0,1.0,0,0,0,0,0,16.0,1.0
SOLD,1249000,3.0,2.0,1314.0,9448.0,2013.0,Austin,78704,30.257121,-97.754031,0.0,192.0,343.0,sold,2.0,2.0,0,0,0,1,0,13.0,0.6666666666666666
SOLD,749000,2.0,2.0,923.0,3123.0,2020.0,Austin,78704,30.241039,-97.754077,41.0,35.0,343.0,sold,2.0,1.0,0,0,0,1,0,6.0,1.0
SOLD,1495000,3.0,2.0,2116.0,5793.0,2019.0,Austin,78704,30.235258,-97.759213,0.0,103.0,343.0,sold,1.0,1.0,0,0,0,1,0,7.0,0.6666666666666666
SOLD,1675000,3.0,2.0,1958.0,9840.0,1959.0,Austin,78704,30.25956,-97.769956,0.0,33.0,343.0,sold,2.0,1.0,0,0,0,1,0,67.0,0.6666666666666666
SOLD,1485000,4.0,2.0,1919.0,9405.0,1960.0,Austin,78704,30.237305,-97.746631,0.0,21.0,343.0,sold,2.0,1.0,0,0,0,1,0,66.0,0.5
SOLD,599000,2.0,2.0,1117.0,719.0,2008.0,Austin,78704,30.262351,-97.761535,793.0,54.0,343.0,sold,2.0,1.0,0,0,0,0,0,18.0,1.0
SOLD,299000,2.0,1.0,1034.0,2932.0,1972.0,Austin,78704,30.241216,-97.779936,435.0,81.0,343.0,sold,2.0,2.0,0,0,0,0,0,54.0,0.5
SOLD,599900,3.0,2.0,1160.0,4173.0,2000.0,Austin,78704,30.246834,-97.763826,200.0,43.0,343.0,sold,2.0,1.0,0,0,0,1,0,26.0,0.6666666666666666
PENDING,1495000,2.0,2.0,1371.0,6490.0,1935.0,Austin,78705,30.299065,-97.745036,0.0,31.0,1090.0,for_sale,1.0,1.0,0,0,0,1,0,91.0,1.0
FOR_SALE,369000,3.0,2.0,1036.0,87.0,2007.0,Austin,78705,30.289856,-97.749467,558.0,3.0,356.0,for_sale,2.0,2.0,0,0,0,0,0,19.0,0.6666666666666666
FOR_SALE,650000,2.0,1.0,933.0,5937.0,1931.0,Austin,78705,30.296605,-97.739976,0.0,39.0,697.0,for_sale,2.0,1.0,0,0,0,1,0,95.0,0.5
FOR_SALE,725000,2.0,1.0,1116.0,7105.0,1935.0,Austin,78705,30.29694,-97.729217,0.0,82.0,650.0,for_sale,1.0,1.0,0,0,0,1,0,91.0,0.5
FOR_SALE,270000,2.0,1.0,777.0,1011.0,1981.0,Austin,78705,30.284802,-97.74543,273.0,39.0,347.0,for_sale,2.0,1.0,0,0,0,0,0,45.0,0.5
FOR_SALE,675000,3.0,2.0,1463.0,5367.0,1922.0,Austin,78705,30.298114,-97.732488,0.0,64.0,461.0,for_sale,2.0,1.0,0,0,0,1,0,104.0,0.6666666666666666
FOR_SALE,349900,2.0,2.0,1100.0,1176.0,2006.0,Austin,78705,30.297818,-97.741582,569.0,26.0,318.0,for_sale,2.0,1.0,0,0,0,0,0,20.0,1.0
FOR_SALE,234000,1.0,1.0,798.0,958.0,1966.0,Austin,78705,30.285956,-97.750702,427.0,139.0,293.0,for_sale,2.0,2.0,0,0,0,0,0,60.0,1.0
FOR_SALE,325000,2.0,2.0,1090.0,1742.0,1982.0,Austin,78705,30.292127,-97.746309,305.0,79.0,298.0,for_sale,1.0,2.0,0,0,0,0,0,44.0,1.0
FOR_SALE,209999,1.0,1.0,434.0,680.0,1981.0,Austin,78705,30.28664,-97.747589,120.0,25.0,484.0,for_sale,2.0,2.0,0,0,0,0,0,45.0,1.0
FOR_SALE,325000,2.0,2.0,832.0,1080.0,1981.0,Austin,78705,30.293694,-97.743718,225.0,86.0,391.0,for_sale,2.0,1.0,0,0,0,0,0,45.0,1.0
FOR_SALE,499900,3.0,3.0,1250.0,305.0,2008.0,Austin,78705,30.289645,-97.747357,600.0,129.0,400.0,for_sale,3.0,1.0,0,0,0,0,0,18.0,1.0
FOR_SALE,349900,3.0,2.0,1273.0,7048.0,1981.0,Austin,78705,30.288541,-97.748891,322.0,41.0,275.0,for_sale,2.0,1.0,0,0,0,0,0,45.0,0.6666666666666666
FOR_SALE,299000,2.0,2.0,1005.0,1268.0,1984.0,Austin,78705,30.284729,-97.749714,443.0,192.0,298.0,for_sale,1.0,1.0,0,0,0,0,0,42.0,1.0
FOR_SALE,150000,1.0,1.0,399.0,749.0,1981.0,Austin,78705,30.300447,-97.740356,313.0,65.0,376.0,for_sale,2.0,1.0,0,0,0,0,0,45.0,1.0
PENDING,639000,4.0,2.0,1586.0,6316.0,1940.0,Austin,78705,30.295812,-97.7329,0.0,104.0,403.0,for_sale,2.0,2.0,0,0,1,0,0,86.0,0.5
FOR_SALE,895000,3.0,3.0,2253.0,1634.0,2020.0,Austin,78705,30.293411,-97.721621,30.0,25.0,397.0,for_sale,2.0,3.0,0,0,0,1,0,6.0,1.0
FOR_SALE,199900,2.0,1.0,509.0,653.0,1981.0,Austin,78705,30.284046,-97.747907,275.0,10.0,393.0,for_sale,2.0,2.0,0,0,0,0,0,45.0,0.5
FOR_SALE,299900,2.0,2.0,814.0,1032.0,1984.0,Austin,78705,30.294035,-97.744379,295.0,46.0,368.0,for_sale,2.0,1.0,0,0,0,0,0,42.0,1.0
FOR_SALE,179000,1.0,1.0,638.0,13491.0,1969.0,Austin,78705,30.294064,-97.721046,269.0,11.0,281.0,for_sale,2.0,1.0,0,0,0,0,0,57.0,1.0
FOR_SALE,249900,2.0,2.0,842.0,1045.0,1975.0,Austin,78705,30.28743,-97.749061,490.0,125.0,297.0,for_sale,2.0,1.0,0,0,0,0,0,51.0,1.0
FOR_SALE,1150000,4.0,3.0,1929.0,6704.0,1936.0,Austin,78705,30.29808,-97.732155,0.0,44.0,596.0,for_sale,2.0,2.0,0,0,0,1,0,90.0,0.75
FOR_SALE,549000,2.0,1.0,905.0,3093.0,1937.0,Austin,78705,30.301526,-97.740858,0.0,90.0,607.0,for_sale,2.0,1.0,0,0,0,1,0,89.0,0.5
FOR_SALE,245000,2.0,1.0,716.0,828.0,1984.0,Austin,78705,30.289464,-97.75116,215.0,103.0,342.0,for_sale,2.0,1.0,0,0,0,0,0,42.0,0.5
FOR_SALE,395000,3.0,2.0,1211.0,797.0,1997.0,Austin,78705,30.290054,-97.742512,499.0,55.0,326.0,for_sale,2.0,1.0,0,0,0,0,0,29.0,0.6666666666666666
FOR_SALE,339000,1.0,1.0,701.0,915.0,2020.0,Austin,78705,30.291882,-97.724734,230.0,24.0,484.0,for_sale,2.0,3.0,0,0,0,0,0,6.0,1.0
FOR_SALE,315000,2.0,2.0,885.0,7048.0,1982.0,Austin,78705,30.282951,-97.743406,265.0,74.0,356.0,for_sale,2.0,1.0,0,0,0,0,0,44.0,1.0
FOR_SALE,309500,2.0,2.0,1020.0,1285.0,1984.0,Austin,78705,30.284729,-97.749714,369.0,264.0,303.0,for_sale,2.0,1.0,0,0,0,0,0,42.0,1.0
FOR_SALE,385000,4.0,2.0,1543.0,784.0,1981.0,Austin,78705,30.288541,-97.748891,343.0,164.0,250.0,for_sale,2.0,2.0,0,0,0,0,0,45.0,0.5
FOR_SALE,655000,2.0,1.0,846.0,5314.0,1937.0,Austin,78705,30.296265,-97.743622,41.0,87.0,774.0,for_sale,2.0,1.0,0,0,0,1,0,89.0,0.5
FOR_SALE,245999,2.0,2.0,699.0,897.0,1962.0,Austin,78705,30.293232,-97.74556,312.0,157.0,352.0,for_sale,2.0,1.0,0,0,0,0,0,64.0,1.0
FOR_SALE,1100000,3.0,2.0,2080.0,6665.0,1950.0,Austin,78705,30.286879,-97.751546,0.0,87.0,529.0,for_sale,2.0,1.0,0,0,0,1,0,76.0,0.6666666666666666
CONTINGENT,1595000,5.0,3.0,2880.0,8673.0,1935.0,Austin,78705,30.296602,-97.730919,0.0,82.0,554.0,for_sale,3.0,2.0,0,0,0,1,0,91.0,0.6
FOR_SALE,385000,2.0,2.0,1072.0,1045.0,1985.0,Austin,78705,30.295155,-97.737854,565.0,15.0,359.0,for_sale,2.0,1.0,0,0,0,0,0,41.0,1.0
FOR_SALE,259000,2.0,1.0,513.0,806.0,1982.0,Austin,78705,30.286465,-97.746747,273.0,81.0,505.0,for_sale,2.0,1.0,0,0,0,0,0,44.0,0.5
PENDING,219900,2.0,2.0,671.0,915.0,1962.0,Austin,78705,30.293232,-97.74556,312.0,39.0,328.0,for_sale,2.0,1.0,0,0,0,0,0,64.0,1.0
CONTINGENT,1595000,5.0,3.0,2880.0,8673.0,1935.0,Austin,78705,30.296602,-97.730919,0.0,83.0,554.0,for_sale,3.0,2.0,0,0,1,0,0,91.0,0.6
FOR_SALE,223500,2.0,1.0,789.0,861.0,1963.0,Austin,78705,30.289224,-97.748827,308.0,193.0,283.0,for_sale,1.0,2.0,0,0,0,0,1,63.0,0.5
FOR_SALE,494900,2.0,2.0,1161.0,479.0,2021.0,Austin,78705,30.290089,-97.75106,571.0,38.0,426.0,for_sale,2.0,1.0,0,0,0,0,0,5.0,1.0
FOR_SALE,1665000,4.0,4.0,2847.0,7527.0,1939.0,Austin,78705,30.291974,-97.730666,0.0,170.0,585.0,for_sale,2.0,2.0,0,0,0,1,0,87.0,1.0
FOR_SALE,349000,4.0,2.0,1229.0,7048.0,1982.0,Austin,78705,30.300065,-97.734238,278.0,47.0,284.0,for_sale,1.0,2.0,0,0,0,0,0,44.0,0.5
FOR_SALE,154900,1.0,1.0,421.0,749.0,1981.0,Austin,78705,30.300447,-97.740356,300.0,75.0,368.0,for_sale,1.0,1.0,0,0,0,0,0,45.0,1.0
FOR_SALE,405000,2.0,2.0,1059.0,392.0,2004.0,Austin,78705,30.290536,-97.745546,452.0,178.0,382.0,for_sale,2.0,1.0,0,0,0,0,0,22.0,1.0
FOR_SALE,485000,2.0,2.0,1010.0,418.0,2021.0,Austin,78705,30.289828,-97.750918,497.0,66.0,480.0,for_sale,2.0,1.0,0,0,0,0,0,5.0,1.0
FOR_SALE,255000,0.0,1.0,556.0,479.0,1977.0,Austin,78705,30.289972,-97.744083,0.0,25.0,459.0,for_sale,1.0,1.0,0,0,0,0,0,49.0,1.0
FOR_SALE,189000,1.0,1.0,450.0,806.0,1950.0,Austin,78705,30.293556,-97.736199,150.0,23.0,420.0,for_sale,2.0,1.0,0,0,0,0,0,76.0,1.0
FOR_SALE,1150000,4.0,3.0,1929.0,6704.0,1936.0,Austin,78705,30.29808,-97.732155,0.0,44.0,596.0,for_sale,2.0,2.0,0,0,1,0,0,90.0,0.75
FOR_SALE,299000,2.0,2.0,958.0,823.0,1981.0,Austin,78705,30.288541,-97.748891,245.0,26.0,312.0,for_sale,2.0,1.0,0,0,0,0,0,45.0,1.0
FOR_SALE,299900,3.0,2.0,1165.0,17028.0,1968.0,Austin,78705,30.296898,-97.735497,235.0,88.0,257.0,for_sale,2.0,2.0,0,0,0,0,0,58.0,0.6666666666666666
FOR_SALE,231000,2.0,2.0,699.0,915.0,1962.0,Austin,78705,30.293232,-97.74556,283.0,53.0,330.0,for_sale,2.0,1.0,0,0,0,0,0,64.0,1.0
FOR_SALE,519000,2.0,2.0,1229.0,505.0,2021.0,Austin,78705,30.290089,-97.75106,605.0,115.0,422.0,for_sale,2.0,1.0,0,0,0,0,0,5.0,1.0
FOR_SALE,250000,2.0,1.0,794.0,7048.0,1935.0,Austin,78705,30.295639,-97.738243,26.0,40.0,315.0,for_sale,2.0,1.0,0,0,0,0,0,91.0,0.5
FOR_SALE,285000,2.0,2.0,761.0,876.0,1985.0,Austin,78705,30.289019,-97.748847,350.0,177.0,375.0,for_sale,2.0,1.0,0,0,0,0,0,41.0,1.0
FOR_SALE,420000,1.0,1.0,985.0,1324.0,2007.0,Austin,78705,30.286362,-97.752772,372.0,33.0,426.0,for_sale,2.0,1.0,0,0,0,0,0,19.0,1.0
FOR_SALE,244889,1.0,1.0,587.0,784.0,1973.0,Austin,78705,30.287885,-97.728519,250.0,265.0,417.0,for_sale,2.0,1.0,0,0,0,0,0,53.0,1.0
FOR_SALE,434950,3.0,2.0,1770.5,13517.0,1993.0,Austin,78705,30.291637,-97.729022,41.0,60.0,343.0,for_sale,2.0,1.0,1,0,0,0,0,33.0,0.6666666666666666
FOR_SALE,189900,0.0,1.0,376.0,662.0,1973.0,Austin,78705,30.291138,-97.747833,195.0,130.0,505.0,for_sale,2.0,1.0,0,0,0,0,0,53.0,1.0
FOR_SALE,1199000,4.0,4.0,2515.0,6447.0,2022.0,Austin,78705,30.300528,-97.734592,0.0,215.0,477.0,for_sale,2.0,2.0,0,0,0,1,0,4.0,1.0
FOR_SALE,249900,2.0,1.0,627.0,697.0,1982.0,Austin,78705,30.288332,-97.725594,216.0,8.0,399.0,for_sale,2.0,1.0,0,0,0,0,0,44.0,0.5
FOR_SALE,192000,1.0,1.0,399.0,436.0,1981.0,Austin,78705,30.293089,-97.742984,0.0,74.0,481.0,for_sale,2.0,1.0,0,0,0,0,0,45.0,1.0
FOR_SALE,239000,1.0,1.0,626.0,701.0,1981.0,Austin,78705,30.287337,-97.74342,195.0,32.0,382.0,for_sale,2.0,1.0,0,0,0,0,0,45.0,1.0
FOR_SALE,525000,3.0,2.0,1675.0,436.0,2008.0,Austin,78705,30.289645,-97.747357,801.0,35.0,313.0,for_sale,3.0,1.0,0,0,0,0,0,18.0,0.6666666666666666
FOR_SALE,210000,2.0,1.0,720.0,902.0,1962.0,Austin,78705,30.289055,-97.751197,222.0,137.0,292.0,for_sale,2.0,1.0,0,0,0,0,0,64.0,0.5
FOR_SALE,349900,2.0,2.0,932.0,383.0,2007.0,Austin,78705,30.289856,-97.749467,525.0,124.0,375.0,for_sale,1.0,1.0,0,0,0,0,0,19.0,1.0
FOR_SALE,460000,2.0,2.0,1045.0,261.0,2008.0,Austin,78705,30.289645,-97.747357,502.0,96.0,440.0,for_sale,2.0,1.0,0,0,0,0,0,18.0,1.0
FOR_SALE,359000,2.0,2.0,904.0,1320.0,1982.0,Austin,78705,30.288708,-97.745449,285.0,48.0,397.0,for_sale,2.0,1.0,0,0,0,0,0,44.0,1.0
FOR_SALE,375000,2.0,2.0,1173.0,1185.0,1984.0,Austin,78705,30.298596,-97.730197,333.0,62.0,320.0,for_sale,2.0,1.0,0,0,0,0,0,42.0,1.0
FOR_SALE,190000,1.0,1.0,456.0,12759.0,1953.0,Austin,78705,30.295456,-97.738373,230.0,54.0,417.0,for_sale,2.0,1.0,0,0,0,0,0,73.0,1.0
FOR_SALE,165000,1.0,1.0,398.0,601.0,1980.0,Austin,78705,30.297237,-97.742378,158.0,52.0,415.0,for_sale,2.0,1.0,0,0,0,0,0,46.0,1.0
FOR_SALE,415000,3.0,2.0,1211.0,784.0,1997.0,Austin,78705,30.290054,-97.742512,500.0,95.0,343.0,for_sale,3.0,1.0,0,0,0,0,0,29.0,0.6666666666666666
FOR_SALE,200000,1.0,1.0,600.0,680.0,1981.0,Austin,78705,30.299667,-97.736553,261.0,169.0,333.0,for_sale,1.0,1.0,0,0,0,0,0,45.0,1.0
FOR_SALE,275000,2.0,2.0,796.0,849.0,1984.0,Austin,78705,30.286229,-97.747848,350.0,151.0,345.0,for_sale,2.0,1.0,0,0,0,0,0,42.0,1.0
FOR_SALE,299000,2.0,2.0,774.0,1133.0,1983.0,Austin,78705,30.293896,-97.733816,361.0,6.0,386.0,for_sale,2.0,1.0,0,0,0,0,0,43.0,1.0
FOR_SALE,299990,3.0,1.0,842.0,6403.0,1935.0,Austin,78705,30.295639,-97.738243,26.0,40.0,356.0,for_sale,2.0,1.0,0,0,0,0,0,91.0,0.3333333333333333
FOR_SALE,250000,1.0,1.0,666.0,701.0,1985.0,Austin,78705,30.287177,-97.747584,160.0,116.0,375.0,for_sale,1.0,1.0,0,0,0,0,0,41.0,1.0
FOR_SALE,264500,2.0,2.0,742.0,1176.0,1984.0,Austin,78705,30.287351,-97.749797,381.0,43.0,356.0,for_sale,2.0,1.0,0,0,0,0,0,42.0,1.0
FOR_SALE,199900,1.0,1.0,452.0,7048.0,1975.0,Austin,78705,30.28743,-97.749061,162.0,127.0,442.0,for_sale,1.0,1.0,0,0,0,0,0,51.0,1.0
FOR_SALE,215000,1.0,1.0,450.0,588.0,1983.0,Austin,78705,30.293808,-97.740456,150.0,123.0,478.0,for_sale,2.0,3.0,0,0,0,0,0,43.0,1.0
FOR_SALE,335000,2.0,2.0,904.0,1320.0,1982.0,Austin,78705,30.288708,-97.745449,285.0,96.0,371.0,for_sale,2.0,1.0,0,0,0,0,0,44.0,1.0
FOR_SALE,290000,2.0,2.0,802.0,1154.0,1983.0,Austin,78705,30.293896,-97.733816,362.0,127.0,362.0,for_sale,2.0,1.0,0,0,0,0,0,43.0,1.0
FOR_SALE,255000,2.0,1.0,513.0,784.0,1982.0,Austin,78705,30.286465,-97.746747,308.0,214.0,497.0,for_sale,1.0,1.0,0,0,0,0,0,44.0,0.5
FOR_SALE,245999,2.0,2.0,699.0,897.0,1962.0,Austin,78705,30.293232,-97.74556,312.0,104.0,352.0,for_sale,2.0,1.0,0,0,0,0,0,64.0,1.0
FOR_SALE,384900,2.0,2.0,1110.0,305.0,2005.0,Austin,78705,30.290114,-97.747407,338.0,129.0,347.0,for_sale,2.0,1.0,0,0,0,0,0,21.0,1.0
FOR_SALE,185000,1.0,1.0,445.0,662.0,1973.0,Austin,78705,30.291138,-97.747833,225.0,36.0,416.0,for_sale,2.0,1.0,0,0,0,0,0,53.0,1.0
FOR_SALE,345000,2.0,2.0,945.0,1002.0,1985.0,Austin,78705,30.287177,-97.747584,264.0,202.0,365.0,for_sale,2.0,1.0,0,0,0,0,0,41.0,1.0
FOR_SALE,424900,3.0,2.0,1152.0,7048.0,1979.0,Austin,78705,30.289957,-97.744087,351.0,129.0,369.0,for_sale,2.0,2.0,0,0,0,0,0,47.0,0.6666666666666666
FOR_SALE,169900,1.0,1.0,564.0,771.0,1963.0,Austin,78705,30.288849,-97.751217,175.0,68.0,301.0,for_sale,2.0,1.0,0,0,0,0,0,63.0,1.0
FOR_SALE,349900,2.0,1.0,744.0,958.0,1983.0,Austin,78705,30.28391,-97.745343,309.0,129.0,470.0,for_sale,2.0,1.0,0,0,0,0,0,43.0,0.5
FOR_SALE,370000,2.0,2.0,980.0,261.0,2005.0,Austin,78705,30.290114,-97.747407,380.0,130.0,378.0,for_sale,2.0,1.0,0,0,0,0,0,21.0,1.0
FOR_SALE,399000,3.0,2.0,1244.0,2178.0,1982.0,Austin,78705,30.292127,-97.746309,330.0,171.0,321.0,for_sale,2.0,1.0,0,0,0,0,0,44.0,0.6666666666666666
PENDING,198500,2.0,1.0,720.0,915.0,1962.0,Austin,78705,30.289055,-97.751197,222.0,150.0,276.0,for_sale,2.0,1.0,0,0,0,0,0,64.0,0.5
FOR_SALE,220000,1.0,1.0,400.0,601.0,1981.0,Austin,78705,30.293089,-97.742984,194.0,69.0,550.0,for_sale,2.0,1.0,0,0,0,0,0,45.0,1.0
FOR_SALE,424900,2.0,2.0,1122.0,392.0,2004.0,Austin,78705,30.290536,-97.745546,395.0,129.0,379.0,for_sale,2.0,1.0,0,0,0,0,0,22.0,1.0
FOR_SALE,515000,2.0,2.0,1119.0,462.0,2021.0,Austin,78705,30.289828,-97.750918,441.0,121.0,460.0,for_sale,2.0,1.0,0,0,0,0,0,5.0,1.0
SOLD,159900,1.0,1.0,399.0,741.0,1981.0,Austin,78705,30.300447,-97.740356,395.0,126.0,343.0,sold,1.0,1.0,0,0,0,0,0,45.0,1.0
SOLD,219000,1.0,2.0,604.0,828.0,1982.0,Austin,78705,30.290215,-97.745469,212.0,275.0,343.0,sold,2.0,2.0,0,0,0,0,0,44.0,2.0
SOLD,359800,2.0,2.0,900.0,1464.0,1981.0,Austin,78705,30.295095,-97.735874,236.0,189.0,343.0,sold,2.0,1.0,0,0,0,0,0,45.0,1.0
SOLD,311900,2.0,1.0,824.0,523.0,1997.0,Austin,78705,30.290054,-97.742512,327.0,38.0,343.0,sold,1.0,3.0,0,0,0,0,0,29.0,0.5
SOLD,379000,2.0,2.0,960.0,1481.0,1982.0,Austin,78705,30.29667,-97.740432,367.0,83.0,343.0,sold,2.0,1.0,0,0,0,0,0,44.0,1.0
SOLD,279900,2.0,2.0,751.0,1024.0,1984.0,Austin,78705,30.290238,-97.745833,283.0,160.0,343.0,sold,2.0,1.0,0,0,0,0,0,42.0,1.0
SOLD,559000,2.0,2.0,1461.0,605.0,2022.0,Austin,78705,30.290089,-97.75106,748.0,75.0,343.0,sold,2.0,1.0,0,0,0,0,0,4.0,1.0
SOLD,210000,1.0,1.0,360.0,87.0,2005.0,Austin,78705,30.290114,-97.747407,165.0,109.0,343.0,sold,1.0,1.0,0,0,0,0,0,21.0,1.0
SOLD,485000,2.0,2.0,1119.0,462.0,2021.0,Austin,78705,30.289828,-97.750918,551.0,132.0,343.0,sold,2.0,1.0,0,0,0,0,0,5.0,1.0
SOLD,199900,1.0,1.0,561.0,771.0,1963.0,Austin,78705,30.288849,-97.751217,175.0,142.0,343.0,sold,2.0,1.0,0,0,0,0,0,63.0,1.0
SOLD,329900,2.0,2.0,1141.0,2374.0,1982.0,Austin,78705,30.292127,-97.746309,369.0,140.0,343.0,sold,1.0,2.0,0,0,0,0,0,44.0,1.0
SOLD,199000,1.0,1.0,601.0,758.0,1984.0,Austin,78705,30.284729,-97.749714,266.0,132.0,343.0,sold,2.0,1.0,0,0,0,0,0,42.0,1.0
SOLD,319000,2.0,2.0,939.0,248.0,2005.0,Austin,78705,30.290114,-97.747407,363.0,29.0,343.0,sold,2.0,1.0,0,0,0,0,0,21.0,1.0
SOLD,325000,2.0,2.0,950.0,35.0,2007.0,Austin,78705,30.289856,-97.749467,510.0,104.0,343.0,sold,1.0,1.0,0,0,0,0,0,19.0,1.0
SOLD,329900,2.0,2.0,782.0,993.0,1983.0,Austin,78705,30.28391,-97.745343,310.0,89.0,343.0,sold,2.0,1.0,0,0,0,0,0,43.0,1.0
SOLD,325000,2.0,2.0,815.0,1220.0,1983.0,Austin,78705,30.295582,-97.735556,287.0,112.0,343.0,sold,2.0,1.0,0,0,0,0,0,43.0,1.0
SOLD,289900,2.0,2.0,852.0,1394.0,1971.0,Austin,78705,30.300628,-97.737255,338.0,41.0,343.0,sold,2.0,1.0,0,0,0,0,0,55.0,1.0
SOLD,336500,2.0,2.0,814.0,958.0,1983.0,Austin,78705,30.294105,-97.736128,347.0,119.0,343.0,sold,2.0,1.0,0,0,0,0,0,43.0,1.0
SOLD,369900,3.0,2.0,1032.0,427.0,2007.0,Austin,78705,30.289856,-97.749467,579.0,93.0,343.0,sold,1.0,2.0,0,0,0,0,0,19.0,0.6666666666666666
SOLD,374500,3.0,2.0,1141.0,2374.0,1982.0,Austin,78705,30.292127,-97.746309,359.0,60.0,343.0,sold,1.0,2.0,0,0,0,0,0,44.0,0.6666666666666666
SOLD,279900,1.0,1.0,513.0,523.0,2006.0,Austin,78705,30.293579,-97.735239,190.0,89.0,343.0,sold,2.0,1.0,0,0,0,0,0,20.0,1.0
SOLD,274900,2.0,2.0,756.0,958.0,1983.0,Austin,78705,30.292916,-97.745496,250.0,90.0,343.0,sold,2.0,2.0,0,0,0,0,0,43.0,1.0
SOLD,375000,2.0,2.0,993.0,993.0,1985.0,Austin,78705,30.287177,-97.747584,270.0,158.0,343.0,sold,2.0,1.0,0,0,0,0,0,41.0,1.0
SOLD,259000,1.0,1.0,613.0,701.0,1981.0,Austin,78705,30.287337,-97.74342,192.0,60.0,343.0,sold,2.0,1.0,0,0,0,0,0,45.0,1.0
SOLD,775000,2.0,2.0,1336.0,7884.0,1938.0,Austin,78705,30.295227,-97.730133,4.0,95.0,343.0,sold,2.0,2.0,0,0,0,1,0,88.0,1.0
SOLD,319000,2.0,2.0,930.0,1176.0,1984.0,Austin,78705,30.284729,-97.749714,397.0,163.0,343.0,sold,2.0,1.0,0,0,0,0,0,42.0,1.0
SOLD,200000,1.0,1.0,369.0,649.0,1981.0,Austin,78705,30.29472,-97.74362,200.0,53.0,343.0,sold,2.0,1.0,0,0,0,0,0,45.0,1.0
SOLD,239900,1.0,1.0,472.0,697.0,1983.0,Austin,78705,30.293896,-97.733816,243.0,118.0,343.0,sold,2.0,2.0,0,0,0,0,0,43.0,1.0
SOLD,366000,2.0,2.0,904.0,1320.0,1982.0,Austin,78705,30.288708,-97.745449,285.0,87.0,343.0,sold,1.0,1.0,0,0,0,0,0,44.0,1.0
SOLD,339950,2.0,2.0,981.0,1407.0,1984.0,Austin,78705,30.297189,-97.745916,430.0,81.0,343.0,sold,2.0,1.0,0,0,0,0,0,42.0,1.0
SOLD,279000,2.0,1.0,702.0,784.0,1982.0,Austin,78705,30.288078,-97.725239,256.0,120.0,343.0,sold,2.0,1.0,0,0,0,0,0,44.0,0.5
SOLD,279900,2.0,2.0,742.0,1176.0,1984.0,Austin,78705,30.287351,-97.749797,381.0,68.0,343.0,sold,2.0,1.0,0,0,0,0,0,42.0,1.0
SOLD,198000,1.0,1.0,432.0,719.0,1970.0,Austin,78705,30.296554,-97.733487,186.0,229.0,343.0,sold,2.0,1.0,0,0,0,0,0,56.0,1.0
SOLD,199000,1.0,1.0,400.0,806.0,1950.0,Austin,78705,30.293556,-97.736199,165.0,178.0,343.0,sold,2.0,2.0,0,0,0,0,0,76.0,1.0
SOLD,949000,5.0,3.0,2496.0,7122.0,1937.0,Austin,78705,30.295966,-97.72947,0.0,53.0,343.0,sold,2.0,1.0,0,0,1,0,0,89.0,0.6
SOLD,199900,1.0,1.0,573.0,771.0,1963.0,Austin,78705,30.288849,-97.751217,175.0,67.0,343.0,sold,2.0,1.0,0,0,0,0,0,63.0,1.0
SOLD,342000,2.0,2.0,950.0,35.0,2007.0,Austin,78705,30.289856,-97.749467,510.0,79.0,343.0,sold,1.0,1.0,0,0,0,0,0,19.0,1.0
SOLD,214000,2.0,1.0,509.0,649.0,1981.0,Austin,78705,30.29472,-97.74362,195.0,191.0,343.0,sold,2.0,1.0,0,0,0,0,0,45.0,0.5
SOLD,255000,1.0,1.0,600.0,958.0,1981.0,Austin,78705,30.295095,-97.735874,172.0,53.0,343.0,sold,2.0,1.0,0,0,0,0,0,45.0,1.0
SOLD,250000,1.0,1.0,607.0,653.0,1982.0,Austin,78705,30.285638,-97.745707,0.0,55.0,343.0,sold,1.0,1.0,0,0,0,0,0,44.0,1.0
SOLD,329900,2.0,2.0,925.0,1111.0,1984.0,Austin,78705,30.289102,-97.746199,275.0,61.0,343.0,sold,2.0,1.0,0,0,0,0,0,42.0,1.0
SOLD,265000,1.0,1.0,465.0,174.0,2008.0,Austin,78705,30.289645,-97.747357,218.0,59.0,343.0,sold,2.0,1.0,0,0,0,0,0,18.0,1.0
SOLD,175000,1.0,1.0,398.0,423.0,1982.0,Austin,78705,30.285638,-97.745707,170.0,83.0,343.0,sold,2.0,1.0,0,0,0,0,0,44.0,1.0
SOLD,269000,1.0,1.0,660.0,780.0,1983.0,Austin,78705,30.294105,-97.736128,278.0,58.0,343.0,sold,2.0,1.0,0,0,0,0,0,43.0,1.0
SOLD,289000,2.0,2.0,832.0,1346.0,1971.0,Austin,78705,30.300628,-97.737255,338.0,136.0,343.0,sold,2.0,1.0,0,0,0,0,0,55.0,1.0
SOLD,249900,1.0,1.0,564.0,479.0,1977.0,Austin,78705,30.289972,-97.744083,169.0,49.0,343.0,sold,1.0,1.0,0,0,0,0,0,49.0,1.0
SOLD,220000,1.0,1.0,378.0,7048.0,1981.0,Austin,78705,30.284802,-97.74543,196.0,418.0,343.0,sold,2.0,1.0,0,0,0,0,0,45.0,1.0
SOLD,550000,3.0,2.0,1675.0,427.0,2008.0,Austin,78705,30.289645,-97.747357,801.0,43.0,343.0,sold,3.0,1.0,0,0,0,0,0,18.0,0.6666666666666666
SOLD,245000,1.0,1.0,569.0,497.0,1979.0,Austin,78705,30.289957,-97.744087,200.0,31.0,343.0,sold,2.0,1.0,0,0,0,0,0,47.0,1.0
SOLD,575000,4.0,2.0,1317.0,4530.0,1946.0,Austin,78705,30.299647,-97.742989,0.0,123.0,343.0,sold,2.0,1.0,0,0,0,1,0,80.0,0.5
SOLD,499000,4.0,2.0,1730.0,714.0,2007.0,Austin,78705,30.289856,-97.749467,935.0,33.0,343.0,sold,3.0,1.0,0,0,0,0,0,19.0,0.5
SOLD,975000,7.0,4.0,2759.0,8407.0,1987.0,Austin,78705,30.298264,-97.729491,0.0,43.0,343.0,sold,2.0,2.0,0,0,1,0,0,39.0,0.5714285714285714
SOLD,349500,2.0,2.0,1072.0,1045.0,1985.0,Austin,78705,30.295155,-97.737854,565.0,80.0,343.0,sold,2.0,1.0,0,0,0,0,0,41.0,1.0
SOLD,349500,2.0,2.0,904.0,1320.0,1982.0,Austin,78705,30.288708,-97.745449,288.0,41.0,343.0,sold,1.0,1.0,0,0,0,0,0,44.0,1.0
SOLD,259900,1.0,1.0,699.0,1133.0,1981.0,Austin,78705,30.291518,-97.733898,298.0,104.0,343.0,sold,2.0,1.0,0,0,0,0,0,45.0,1.0
SOLD,789000,4.0,3.0,2100.0,6403.0,1929.0,Austin,78705,30.294117,-97.731176,0.0,18.0,343.0,sold,1.0,2.0,0,0,0,1,0,97.0,0.75
SOLD,615000,2.0,1.0,948.0,3829.0,1935.0,Austin,78705,30.294969,-97.72871,0.0,112.0,343.0,sold,2.0,1.0,0,0,0,1,0,91.0,0.5
SOLD,370000,1.0,1.0,710.0,292.0,2022.0,Austin,78705,30.290089,-97.75106,318.0,247.0,343.0,sold,1.0,3.0,0,0,0,0,0,4.0,1.0
SOLD,355000,2.0,2.0,1100.0,1176.0,2006.0,Austin,78705,30.297818,-97.741582,595.0,186.0,343.0,sold,2.0,1.0,0,0,0,0,0,20.0,1.0
SOLD,1249000,4.0,2.0,2966.0,7214.0,1932.0,Austin,78705,30.29686,-97.728906,0.0,314.0,343.0,sold,2.0,2.0,0,0,0,1,0,94.0,0.5
SOLD,793000,4.0,2.0,1750.0,14370.0,1962.0,Austin,78705,30.294262,-97.728409,0.0,25.0,343.0,sold,2.0,1.0,0,0,1,0,0,64.0,0.5
SOLD,310000,2.0,1.0,824.0,523.0,1997.0,Austin,78705,30.290054,-97.742512,327.0,61.0,343.0,sold,1.0,1.0,0,0,0,0,0,29.0,0.5
SOLD,234900,1.0,1.0,628.0,31450.0,2013.0,Austin,78705,30.291005,-97.727614,135.0,195.0,343.0,sold,2.0,2.0,0,0,0,0,0,13.0,1.0
SOLD,289900,2.0,2.0,775.0,832.0,1984.0,Austin,78705,30.291156,-97.747263,260.0,94.0,343.0,sold,1.0,1.0,0,0,0,0,0,42.0,1.0
SOLD,265000,1.0,1.0,603.0,414.0,1997.0,Austin,78705,30.290054,-97.742512,259.0,48.0,343.0,sold,1.0,1.0,0,0,0,0,0,29.0,1.0
SOLD,299900,2.0,2.0,842.0,819.0,1985.0,Austin,78705,30.295155,-97.737854,444.0,48.0,343.0,sold,2.0,1.0,0,0,0,0,0,41.0,1.0
SOLD,325000,2.0,2.0,925.0,1111.0,1984.0,Austin,78705,30.289102,-97.746199,276.0,99.0,343.0,sold,2.0,1.0,0,0,0,0,0,42.0,1.0
SOLD,375000,4.0,2.0,1597.0,7048.0,1981.0,Austin,78705,30.288541,-97.748891,412.0,321.0,343.0,sold,2.0,2.0,0,0,0,0,0,45.0,0.5
SOLD,265000,1.0,1.0,465.0,174.0,2008.0,Austin,78705,30.289645,-97.747357,220.0,356.0,343.0,sold,2.0,1.0,0,0,0,0,0,18.0,1.0
SOLD,285000,2.0,2.0,751.0,7048.0,1984.0,Austin,78705,30.290238,-97.745833,283.0,132.0,343.0,sold,2.0,1.0,0,0,0,0,0,42.0,1.0
SOLD,1165000,2.0,2.0,1658.0,5968.0,1932.0,Austin,78705,30.295788,-97.747803,0.0,56.0,343.0,sold,1.0,1.0,0,0,0,1,0,94.0,1.0
SOLD,399900,2.0,2.0,1138.0,1220.0,2006.0,Austin,78705,30.297818,-97.741582,444.0,50.0,343.0,sold,2.0,1.0,0,0,0,0,0,20.0,1.0
SOLD,360000,1.0,1.0,683.0,283.0,2021.0,Austin,78705,30.289828,-97.750918,352.0,135.0,343.0,sold,1.0,1.0,0,0,0,0,0,5.0,1.0
SOLD,299500,2.0,2.0,815.0,1045.0,1983.0,Austin,78705,30.295582,-97.735556,287.0,39.0,343.0,sold,2.0,1.0,0,0,0,0,0,43.0,1.0
SOLD,310000,2.0,2.0,803.0,1159.0,1983.0,Austin,78705,30.293896,-97.733816,363.0,146.0,343.0,sold,2.0,1.0,0,0,0,0,0,43.0,1.0
SOLD,215000,2.0,2.0,836.0,1307.0,1982.0,Austin,78705,30.287011,-97.748436,280.0,26.0,343.0,sold,2.0,1.0,0,0,0,0,0,44.0,1.0
SOLD,215000,2.0,2.0,816.0,1263.0,1982.0,Austin,78705,30.287011,-97.748436,280.0,26.0,343.0,sold,2.0,1.0,0,0,0,0,0,44.0,1.0
SOLD,365000,2.0,2.0,1230.0,1551.0,1984.0,Austin,78705,30.284729,-97.749714,568.0,26.0,343.0,sold,2.0,1.0,0,0,0,0,0,42.0,1.0
SOLD,195000,1.0,1.0,602.0,958.0,1971.0,Austin,78705,30.300628,-97.737255,237.0,60.0,343.0,sold,2.0,1.0,0,0,0,0,0,55.0,1.0
SOLD,224900,1.0,1.0,533.0,87.0,2007.0,Austin,78705,30.289856,-97.749467,288.0,72.0,343.0,sold,1.0,1.0,0,0,0,0,0,19.0,1.0
SOLD,279000,2.0,1.0,777.0,1011.0,1981.0,Austin,78705,30.284802,-97.74543,273.0,57.0,343.0,sold,2.0,1.0,0,0,0,0,0,45.0,0.5
FOR_SALE,169900,2.0,2.0,1060.0,3097.0,1985.0,Austin,78741,30.225389,-97.725811,506.0,131.0,160.0,for_sale,2.0,1.0,0,0,0,0,0,41.0,1.0
FOR_SALE,149800,1.0,1.0,743.0,4800.0,1983.0,Austin,78741,30.233482,-97.711697,31.0,87.0,202.0,for_sale,2.0,1.0,0,0,0,0,0,43.0,1.0
FOR_SALE,349900,4.0,2.0,1803.0,9649.0,1978.0,Austin,78741,30.230007,-97.735396,0.0,32.0,194.0,for_sale,2.0,1.0,0,0,1,0,0,48.0,0.5
FOR_SALE,133700,2.0,2.0,850.0,1699.0,1973.0,Austin,78741,30.231791,-97.733585,413.0,26.0,157.0,for_sale,2.0,1.0,0,0,0,0,0,53.0,1.0
FOR_SALE,200000,3.0,1.0,1135.0,5955.0,1970.0,Austin,78741,30.23475,-97.701559,0.0,24.0,176.0,for_sale,2.0,1.0,0,0,0,1,0,56.0,0.3333333333333333
FOR_SALE,125000,1.0,1.0,518.0,1394.0,1984.0,Austin,78741,30.23553,-97.729822,286.0,201.0,241.0,for_sale,2.0,2.0,0,0,0,0,0,42.0,1.0
FOR_SALE,114900,1.0,1.0,518.0,1403.0,1984.0,Austin,78741,30.23553,-97.729822,269.0,53.0,222.0,for_sale,2.0,2.0,0,0,0,0,0,42.0,1.0
FOR_SALE,169000,3.0,1.0,884.0,7031.0,1947.0,Austin,78741,30.228838,-97.697941,0.0,123.0,191.0,for_sale,2.0,1.0,0,0,0,1,0,79.0,0.3333333333333333
FOR_SALE,99900,1.0,1.0,650.0,1869.0,1985.0,Austin,78741,30.226705,-97.724661,270.0,88.0,154.0,for_sale,2.0,1.0,0,0,0,0,0,41.0,1.0
FOR_SALE,220000,2.0,2.0,1194.0,2370.0,1982.0,Austin,78741,30.226112,-97.74302,390.0,137.0,184.0,for_sale,2.0,1.0,0,0,0,0,1,44.0,1.0
PENDING,174900,3.0,2.0,1236.0,5340.0,1961.0,Austin,78741,30.228481,-97.696026,0.0,28.0,142.0,for_sale,2.0,1.0,0,0,0,1,0,65.0,0.6666666666666666
FOR_SALE,252000,4.0,4.0,1770.5,171539280.0,2005.0,Austin,78741,30.232101,-97.716884,684.0,90.0,343.0,for_sale,2.0,2.0,0,0,1,0,0,21.0,1.0
FOR_SALE,109900,1.0,1.0,903.0,2139.0,1968.0,Austin,78741,30.216588,-97.737427,0.0,60.0,122.0,for_sale,2.0,2.0,0,0,0,0,0,58.0,1.0
FOR_SALE,329000,3.0,3.0,1483.0,3777.0,2015.0,Austin,78741,30.226176,-97.738805,366.0,9.0,222.0,for_sale,1.0,2.0,0,0,0,0,0,11.0,1.0
FOR_SALE,299000,3.0,2.0,1186.0,4500.0,2008.0,Austin,78741,30.22953,-97.69139,0.0,38.0,252.0,for_sale,2.0,1.0,0,0,0,1,0,18.0,0.6666666666666666
FOR_SALE,119900,2.0,1.0,903.0,2139.0,1968.0,Austin,78741,30.216588,-97.737427,0.0,7.0,133.0,for_sale,2.0,2.0,0,0,0,0,0,58.0,0.5
PENDING,380000,4.0,3.0,1922.0,2422.0,2018.0,Austin,78741,30.223478,-97.699338,275.0,115.0,198.0,for_sale,2.0,2.0,0,0,0,0,0,8.0,0.75
PENDING,245000,2.0,2.0,1102.0,5889.0,2006.0,Austin,78741,30.224425,-97.690898,22.0,32.0,222.0,for_sale,1.0,1.0,0,0,0,1,0,20.0,1.0
FOR_SALE,749900,3.0,3.0,2290.0,4465.0,2026.0,Austin,78741,30.222122,-97.722076,235.0,93.0,327.0,for_sale,2.0,3.0,0,0,0,0,1,0.0,1.0
FOR_SALE,140000,1.0,1.0,714.0,1394.0,1973.0,Austin,78741,30.231791,-97.733585,355.0,87.0,196.0,for_sale,2.0,2.0,0,0,0,0,0,53.0,1.0
PENDING,490000,3.0,3.0,1785.0,12937.0,2026.0,Austin,78741,30.230049,-97.697647,41.0,72.0,275.0,for_sale,2.0,3.0,0,0,0,1,0,0.0,1.0
FOR_SALE,249900,2.0,1.0,900.0,5837.0,1983.0,Austin,78741,30.233482,-97.711697,436.0,66.0,278.0,for_sale,2.0,1.0,0,0,0,0,0,43.0,0.5
FOR_SALE,169500,2.0,2.0,1060.0,3093.0,1985.0,Austin,78741,30.225389,-97.725811,544.0,100.0,160.0,for_sale,2.0,1.0,0,0,0,0,0,41.0,1.0
FOR_SALE,375000,4.0,2.0,1092.0,7100.0,1971.0,Austin,78741,30.233062,-97.699118,0.0,32.0,343.0,for_sale,2.0,1.0,0,0,0,1,0,55.0,0.5
PENDING,199000,2.0,2.0,842.0,7048.0,1985.0,Austin,78741,30.225438,-97.7426,367.0,66.0,236.0,for_sale,1.0,2.0,0,0,0,0,0,41.0,1.0
PENDING,479000,3.0,2.0,1692.0,6534.0,2013.0,Austin,78741,30.227582,-97.710824,180.0,103.0,283.0,for_sale,2.0,2.0,0,0,0,1,0,13.0,0.6666666666666666
FOR_SALE,208000,2.0,2.0,842.0,923.0,1985.0,Austin,78741,30.225509,-97.742787,367.0,18.0,247.0,for_sale,1.0,1.0,0,0,0,0,0,41.0,1.0
FOR_SALE,109000,1.0,1.0,389.0,741.0,1983.0,Austin,78741,30.228745,-97.736259,195.0,137.0,280.0,for_sale,2.0,1.0,0,0,0,0,0,43.0,1.0
FOR_SALE,182000,2.0,2.0,792.0,3798.0,1983.0,Austin,78741,30.232855,-97.715562,331.0,218.0,230.0,for_sale,2.0,1.0,0,0,0,0,0,43.0,1.0
FOR_SALE,415000,3.0,2.0,1821.0,3746.0,2018.0,Austin,78741,30.225345,-97.740238,366.0,94.0,228.0,for_sale,1.0,3.0,0,0,0,0,0,8.0,0.6666666666666666
FOR_SALE,159000,2.0,1.0,850.0,2426.0,1985.0,Austin,78741,30.226705,-97.724661,357.0,17.0,187.0,for_sale,2.0,1.0,0,0,0,0,0,41.0,0.5
FOR_SALE,225000,2.0,2.0,1060.0,3093.0,1985.0,Austin,78741,30.225389,-97.725811,520.0,17.0,212.0,for_sale,2.0,1.0,0,0,0,0,0,41.0,1.0
FOR_SALE,165000,2.0,1.0,802.0,1568.0,1973.0,Austin,78741,30.231791,-97.733585,456.0,35.0,206.0,for_sale,2.0,2.0,0,0,0,0,0,53.0,0.5
PENDING,315000,3.0,2.0,1323.0,7549.0,1968.0,Austin,78741,30.221933,-97.736709,0.0,33.0,238.0,for_sale,2.0,1.0,0,0,0,1,0,58.0,0.6666666666666666
FOR_SALE,199000,2.0,2.0,1017.0,6573.0,1983.0,Austin,78741,30.233482,-97.711697,492.0,58.0,196.0,for_sale,2.0,1.0,0,0,0,0,0,43.0,1.0
PENDING,149800,1.0,1.0,736.0,7048.0,1983.0,Austin,78741,30.233482,-97.711697,359.0,177.0,204.0,for_sale,2.0,1.0,0,0,0,0,0,43.0,1.0
FOR_SALE,159900,2.0,2.0,850.0,1699.0,1973.0,Austin,78741,30.231791,-97.733585,452.0,348.0,188.0,for_sale,2.0,1.0,0,0,0,0,0,53.0,1.0
PENDING,300000,5.0,2.0,1962.0,7797.0,1977.0,Austin,78741,30.226336,-97.736325,0.0,37.0,153.0,for_sale,1.0,1.0,0,0,1,0,0,49.0,0.4
FOR_SALE,250000,4.0,4.0,1368.0,3920.0,2005.0,Austin,78741,30.232101,-97.716884,684.0,38.0,183.0,for_sale,2.0,1.0,0,0,0,0,0,21.0,1.0
PENDING,389500,3.0,2.0,1285.0,6556.0,2017.0,Austin,78741,30.21795,-97.699918,190.0,39.0,303.0,for_sale,2.0,1.0,0,0,0,0,0,9.0,0.6666666666666666
FOR_SALE,525000,3.0,3.0,1797.0,7048.0,2025.0,Austin,78741,30.235518,-97.728195,300.0,80.0,292.0,for_sale,2.0,3.0,0,0,0,0,1,1.0,1.0
FOR_SALE,355000,2.0,2.0,1087.0,2505.0,2023.0,Austin,78741,30.234689,-97.692132,0.0,30.0,327.0,for_sale,2.0,2.0,0,0,0,0,0,3.0,1.0
FOR_SALE,299000,2.0,2.0,1208.0,2614.0,2014.0,Austin,78741,30.235612,-97.702908,366.0,4.0,248.0,for_sale,2.0,2.0,0,0,0,0,0,12.0,1.0
FOR_SALE,1395000,4.0,3.0,2367.0,10542.0,2026.0,Austin,78741,30.241929,-97.732707,41.0,314.0,589.0,for_sale,1.0,3.0,0,0,0,1,0,0.0,0.75
PENDING,329000,3.0,2.0,1655.0,2422.0,2017.0,Austin,78741,30.223478,-97.699338,289.0,313.0,199.0,for_sale,2.0,2.0,0,0,0,0,0,9.0,0.6666666666666666
FOR_SALE,274900,2.0,2.0,1088.0,3162.0,2023.0,Austin,78741,30.233031,-97.703321,0.0,11.0,253.0,for_sale,2.0,2.0,0,0,0,0,0,3.0,1.0
FOR_SALE,499900,3.0,2.0,1416.0,7932.0,1965.0,Austin,78741,30.23008,-97.73929,0.0,4.0,353.0,for_sale,1.0,1.0,0,0,0,1,0,61.0,0.6666666666666666
FOR_SALE,374900,3.0,2.0,1898.0,6739.0,2015.0,Austin,78741,30.219111,-97.698889,120.0,157.0,198.0,for_sale,2.0,2.0,0,0,0,0,0,11.0,0.6666666666666666
FOR_SALE,275000,3.0,2.0,1203.0,4404.0,2006.0,Austin,78741,30.223813,-97.691837,22.0,48.0,229.0,for_sale,2.0,1.0,0,0,0,1,0,20.0,0.6666666666666666
FOR_SALE,399000,3.0,2.0,1581.0,6543.0,2012.0,Austin,78741,30.229031,-97.712664,175.0,45.0,252.0,for_sale,2.0,2.0,0,0,0,1,0,14.0,0.6666666666666666
FOR_SALE,425000,3.0,2.0,2035.0,6739.0,2015.0,Austin,78741,30.218882,-97.699625,219.0,114.0,209.0,for_sale,2.0,2.0,0,0,0,1,0,11.0,0.6666666666666666
FOR_SALE,119000,1.0,1.0,563.0,1520.0,1982.0,Austin,78741,30.240805,-97.731826,218.0,173.0,211.0,for_sale,2.0,1.0,0,0,0,0,0,44.0,1.0
FOR_SALE,849900,3.0,3.0,2656.0,4465.0,2026.0,Austin,78741,30.222128,-97.722404,225.0,83.0,320.0,for_sale,2.0,3.0,0,0,0,0,1,0.0,1.0
FOR_SALE,280000,2.0,2.0,1539.0,9239.0,1980.0,Austin,78741,30.239457,-97.694615,0.0,166.0,182.0,for_sale,2.0,1.0,0,0,0,1,0,46.0,1.0
FOR_SALE,360000,2.0,1.0,960.0,7958.0,1966.0,Austin,78741,30.230949,-97.739247,0.0,51.0,375.0,for_sale,1.0,1.0,0,0,0,1,0,60.0,0.5
FOR_SALE,118000,1.0,1.0,499.0,971.0,1983.0,Austin,78741,30.228745,-97.736259,250.0,88.0,236.0,for_sale,2.0,1.0,0,0,0,0,0,43.0,1.0
FOR_SALE,289000,2.0,2.0,1035.0,7048.0,2014.0,Austin,78741,30.235612,-97.702908,427.0,149.0,279.0,for_sale,2.0,2.0,0,0,0,0,0,12.0,1.0
FOR_SALE,1099000,4.0,4.0,3220.0,4465.0,2026.0,Austin,78741,30.221497,-97.721817,225.0,211.0,341.0,for_sale,2.0,3.0,0,0,0,1,0,0.0,1.0
FOR_SALE,215000,2.0,2.0,1093.0,5859.0,2008.0,Austin,78741,30.230453,-97.694529,0.0,285.0,197.0,for_sale,2.0,1.0,0,1,0,0,0,18.0,1.0
FOR_SALE,693900,3.0,3.0,2090.0,4465.0,2025.0,Austin,78741,30.221258,-97.722,225.0,276.0,332.0,for_sale,2.0,3.0,0,0,0,0,1,1.0,1.0
FOR_SALE,125000,1.0,1.0,704.0,7048.0,1985.0,Austin,78741,30.225389,-97.725811,336.0,148.0,178.0,for_sale,2.0,1.0,0,0,0,0,0,41.0,1.0
FOR_SALE,349000,2.0,2.0,1450.0,3751.0,2023.0,Austin,78741,30.227556,-97.736408,41.0,145.0,241.0,for_sale,2.0,2.0,0,0,0,0,0,3.0,1.0
PENDING,119000,1.0,1.0,499.0,971.0,1983.0,Austin,78741,30.228745,-97.736259,239.0,62.0,238.0,for_sale,2.0,1.0,0,0,0,0,0,43.0,1.0
FOR_SALE,215000,4.0,1.0,1064.0,5837.0,1970.0,Austin,78741,30.233299,-97.700317,0.0,45.0,202.0,for_sale,2.0,1.0,0,0,0,1,0,56.0,0.25
FOR_SALE,449000,3.0,2.0,1496.0,9879.0,1967.0,Austin,78741,30.229309,-97.740866,0.0,142.0,300.0,for_sale,2.0,1.0,0,0,0,1,0,59.0,0.6666666666666666
FOR_SALE,299000,3.0,2.0,1450.0,4447.0,2018.0,Austin,78741,30.218459,-97.696231,350.0,142.0,206.0,for_sale,2.0,2.0,0,0,0,0,0,8.0,0.6666666666666666
FOR_SALE,249500,2.0,2.0,1228.0,1590.0,1974.0,Austin,78741,30.227176,-97.742705,390.0,24.0,203.0,for_sale,2.0,2.0,0,0,0,0,1,52.0,1.0
FOR_SALE,198000,1.0,1.0,610.0,2004.0,2005.0,Austin,78741,30.234197,-97.70403,298.0,226.0,325.0,for_sale,1.0,1.0,0,0,0,0,0,21.0,1.0
FOR_SALE,819000,3.0,3.0,2528.0,1250.0,2017.0,Austin,78741,30.24281,-97.726241,175.0,304.0,324.0,for_sale,2.0,2.0,0,0,0,1,0,9.0,1.0
FOR_SALE,499000,3.0,2.0,1832.0,5650.0,2020.0,Austin,78741,30.240348,-97.694764,0.0,31.0,272.0,for_sale,1.0,2.0,0,0,0,0,1,6.0,0.6666666666666666
FOR_SALE,525000,3.0,3.0,1797.0,7048.0,2025.0,Austin,78741,30.235518,-97.728195,300.0,80.0,292.0,for_sale,2.0,3.0,0,0,0,0,1,1.0,1.0
FOR_SALE,354000,2.0,2.0,1488.0,3777.0,2015.0,Austin,78741,30.226028,-97.738713,366.0,144.0,238.0,for_sale,1.0,3.0,0,0,0,0,1,11.0,1.0
FOR_SALE,330000,2.0,2.0,1490.0,7048.0,2013.0,Austin,78741,30.227827,-97.73941,366.0,22.0,221.0,for_sale,1.0,3.0,0,0,0,0,0,13.0,1.0
FOR_SALE,599000,4.0,4.0,2460.0,7667.0,1984.0,Austin,78741,30.229635,-97.717696,41.0,92.0,243.0,for_sale,2.0,2.0,0,0,1,0,0,42.0,1.0
FOR_SALE,380000,2.0,2.0,1312.0,6085.0,2025.0,Austin,78741,30.229477,-97.693893,41.0,44.0,290.0,for_sale,2.0,2.0,0,0,0,1,0,1.0,1.0
FOR_SALE,320000,2.0,2.0,1270.0,3777.0,2016.0,Austin,78741,30.226224,-97.738894,366.0,83.0,252.0,for_sale,1.0,2.0,0,0,0,0,0,10.0,1.0
FOR_SALE,325000,2.0,2.0,1216.0,3777.0,2015.0,Austin,78741,30.226141,-97.740011,366.0,11.0,267.0,for_sale,1.0,2.0,0,0,0,0,0,11.0,1.0
FOR_SALE,525000,3.0,3.0,1797.0,7048.0,2025.0,Austin,78741,30.235518,-97.728195,300.0,79.0,292.0,for_sale,2.0,3.0,0,0,0,0,1,1.0,1.0
PENDING,399316,3.0,2.0,1317.0,9583.0,1987.0,Austin,78741,30.219743,-97.726109,0.0,88.0,303.0,for_sale,2.0,1.0,0,0,0,1,0,39.0,0.6666666666666666
FOR_SALE,1000000,5.0,3.0,2494.0,3859.0,2021.0,Austin,78741,30.227565,-97.703048,0.0,100.0,401.0,for_sale,1.0,2.0,0,0,0,0,0,5.0,0.6
FOR_SALE,165000,1.0,1.0,650.0,1869.0,1985.0,Austin,78741,30.226705,-97.724661,280.0,66.0,254.0,for_sale,2.0,1.0,0,0,0,0,0,41.0,1.0
FOR_SALE,599000,3.0,3.0,1868.0,4465.0,2023.0,Austin,78741,30.222067,-97.722809,225.0,80.0,321.0,for_sale,2.0,3.0,0,0,0,0,1,3.0,1.0
FOR_SALE,198000,2.0,2.0,1004.0,2884.0,1985.0,Austin,78741,30.226705,-97.724661,417.0,79.0,197.0,for_sale,2.0,1.0,0,0,0,0,0,41.0,1.0
PENDING,209000,2.0,2.0,1082.0,5471.0,1984.0,Austin,78741,30.230326,-97.712438,362.0,192.0,193.0,for_sale,2.0,1.0,0,0,0,0,0,42.0,1.0
FOR_SALE,649999,6.0,4.0,2910.0,9348.0,2007.0,Austin,78741,30.238859,-97.698608,0.0,23.0,223.0,for_sale,2.0,2.0,0,0,1,0,0,19.0,0.6666666666666666
FOR_SALE,285000,2.0,1.0,944.0,4500.0,2007.0,Austin,78741,30.22952,-97.691675,0.0,102.0,302.0,for_sale,2.0,1.0,0,0,0,1,0,19.0,0.5
FOR_SALE,289000,2.0,1.0,1140.0,4988.0,1984.0,Austin,78741,30.234786,-97.734056,430.0,324.0,254.0,for_sale,2.0,1.0,0,0,0,0,0,42.0,0.5
PENDING,329000,2.0,2.0,1220.0,3777.0,2014.0,Austin,78741,30.22458,-97.739842,366.0,44.0,270.0,for_sale,1.0,2.0,0,0,0,0,0,12.0,1.0
FOR_SALE,199999,2.0,2.0,1004.0,2884.0,1985.0,Austin,78741,30.226705,-97.724661,417.0,125.0,199.0,for_sale,2.0,1.0,0,0,0,0,0,41.0,1.0
FOR_SALE,479900,3.0,3.0,1640.0,3324.0,2022.0,Austin,78741,30.226781,-97.703708,41.0,158.0,293.0,for_sale,1.0,3.0,0,0,0,1,0,4.0,1.0
FOR_SALE,474000,5.0,4.0,2352.0,9527.0,1967.0,Austin,78741,30.229106,-97.738011,0.0,40.0,202.0,for_sale,2.0,1.0,0,0,1,0,0,59.0,0.8
FOR_SALE,149900,1.0,1.0,464.0,1241.0,1984.0,Austin,78741,30.23553,-97.729822,238.0,89.0,323.0,for_sale,2.0,1.0,0,0,0,0,0,42.0,1.0
PENDING,999800,6.0,4.0,3664.0,5650.0,2020.0,Austin,78741,30.240342,-97.694716,0.0,31.0,273.0,for_sale,2.0,2.0,0,0,1,0,0,6.0,0.6666666666666666
FOR_SALE,387500,3.0,2.0,1399.0,6543.0,2013.0,Austin,78741,30.227582,-97.710824,180.0,9.0,277.0,for_sale,2.0,2.0,0,0,0,0,0,13.0,0.6666666666666666
FOR_SALE,237000,1.0,1.0,879.0,2178.0,2014.0,Austin,78741,30.235612,-97.702908,302.0,261.0,270.0,for_sale,2.0,2.0,0,0,0,0,0,12.0,1.0
FOR_SALE,430000,2.0,2.0,1983.0,4151.0,2016.0,Austin,78741,30.225777,-97.694723,70.0,44.0,217.0,for_sale,2.0,2.0,0,0,0,1,0,10.0,1.0
FOR_SALE,299000,2.0,2.0,1167.0,1577.0,1973.0,Austin,78741,30.22627,-97.741697,379.0,121.0,256.0,for_sale,2.0,2.0,0,0,0,0,1,53.0,1.0
FOR_SALE,425000,4.0,3.0,2088.0,5410.0,2007.0,Austin,78741,30.223642,-97.691174,22.0,65.0,204.0,for_sale,2.0,2.0,0,0,0,1,0,19.0,0.75
SOLD,210000,2.0,1.0,782.0,6782.0,1927.0,Austin,78741,30.230921,-97.695638,0.0,46.0,343.0,sold,2.0,1.0,0,0,0,1,0,99.0,0.5
SOLD,729000,4.0,3.0,1920.0,7396.0,1963.0,Austin,78741,30.237566,-97.73612,0.0,61.0,343.0,sold,2.0,2.0,0,0,0,1,0,63.0,0.75
SOLD,499500,5.0,2.0,1905.0,13347.0,1982.0,Austin,78741,30.223224,-97.735017,0.0,302.0,343.0,sold,2.0,1.0,0,0,1,0,0,44.0,0.4
SOLD,530000,4.0,2.0,1702.0,7218.0,1966.0,Austin,78741,30.217459,-97.73811,0.0,88.0,343.0,sold,2.0,1.0,0,0,1,0,0,60.0,0.5
SOLD,799000,3.0,2.0,2270.0,23435.0,1965.0,Austin,78741,30.229566,-97.710574,0.0,108.0,343.0,sold,2.0,2.0,0,0,0,1,0,61.0,0.6666666666666666
SOLD,349000,3.0,2.0,1624.0,2422.0,2019.0,Austin,78741,30.223478,-97.699338,383.0,90.0,343.0,sold,2.0,2.0,0,0,0,0,0,7.0,0.6666666666666666
SOLD,295000,2.0,2.0,1139.0,3777.0,2014.0,Austin,78741,30.225438,-97.740372,366.0,63.0,343.0,sold,1.0,2.0,0,0,0,0,0,12.0,1.0
SOLD,350000,2.0,2.0,1178.0,2875.0,2016.0,Austin,78741,30.235368,-97.697305,41.0,27.0,343.0,sold,2.0,2.0,0,0,0,1,0,10.0,1.0
SOLD,349888,4.0,2.0,1586.0,7518.0,2007.0,Austin,78741,30.222222,-97.695525,24.0,39.0,343.0,sold,1.0,1.0,0,0,0,1,0,19.0,0.5
SOLD,375000,3.0,2.0,2308.0,14993.0,1971.0,Austin,78741,30.221705,-97.736272,0.0,123.0,343.0,sold,2.0,1.0,0,0,0,1,0,55.0,0.6666666666666666
SOLD,450000,3.0,2.0,1210.0,10280.0,1972.0,Austin,78741,30.22004,-97.736676,0.0,73.0,343.0,sold,2.0,1.0,0,0,0,1,0,54.0,0.6666666666666666
SOLD,100000,1.0,1.0,661.0,1307.0,1973.0,Austin,78741,30.231791,-97.733585,258.0,29.0,343.0,sold,2.0,1.0,0,0,0,0,0,53.0,1.0
SOLD,340000,2.0,2.0,1042.0,12937.0,2026.0,Austin,78741,30.230047,-97.697647,41.0,44.0,343.0,sold,2.0,2.0,0,0,0,1,0,0.0,1.0
SOLD,299750,2.0,2.0,1139.0,3777.0,2014.0,Austin,78741,30.227421,-97.738817,366.0,48.0,343.0,sold,1.0,2.0,0,0,0,0,0,12.0,1.0
SOLD,699500,3.0,2.0,1725.0,7771.0,1975.0,Austin,78741,30.238627,-97.735406,0.0,45.0,343.0,sold,2.0,2.0,0,0,0,1,0,51.0,0.6666666666666666
SOLD,335000,3.0,2.0,1070.0,12937.0,2026.0,Austin,78741,30.230047,-97.697647,41.0,39.0,343.0,sold,2.0,3.0,0,0,0,1,0,0.0,0.6666666666666666
SOLD,125000,1.0,1.0,965.0,2818.0,1985.0,Austin,78741,30.225389,-97.725811,484.0,42.0,343.0,sold,2.0,1.0,0,0,0,0,0,41.0,1.0
SOLD,349000,3.0,1.0,1038.0,8359.0,1968.0,Austin,78741,30.230608,-97.740479,0.0,42.0,343.0,sold,1.0,1.0,0,0,0,1,0,58.0,0.3333333333333333
SOLD,260000,1.0,1.0,776.0,2091.0,1982.0,Austin,78741,30.240805,-97.731826,301.0,91.0,343.0,sold,2.0,2.0,0,0,0,0,0,44.0,1.0
SOLD,299000,3.0,2.0,1419.0,3507.0,2014.0,Austin,78741,30.235612,-97.702908,470.0,74.0,343.0,sold,1.0,2.0,0,0,0,0,1,12.0,0.6666666666666666
SOLD,215000,2.0,2.0,809.0,884.0,1985.0,Austin,78741,30.225438,-97.7426,375.0,98.0,343.0,sold,1.0,1.0,0,0,0,0,0,41.0,1.0
SOLD,145000,1.0,1.0,704.0,2056.0,1985.0,Austin,78741,30.225389,-97.725811,351.0,461.0,343.0,sold,2.0,1.0,0,0,0,0,0,41.0,1.0
SOLD,899000,6.0,4.0,2292.0,11326.0,1938.0,Austin,78741,30.243373,-97.734263,0.0,152.0,343.0,sold,2.0,2.0,0,0,1,0,0,88.0,0.6666666666666666
SOLD,834000,5.0,4.0,2602.0,5907.0,2020.0,Austin,78741,30.232527,-97.693293,0.0,84.0,343.0,sold,2.0,2.0,0,0,0,1,0,6.0,0.8
SOLD,834000,5.0,4.0,2602.0,5907.0,2021.0,Austin,78741,30.232515,-97.693293,0.0,62.0,343.0,sold,2.0,2.0,0,0,1,0,0,5.0,0.8
SOLD,350000,3.0,2.0,1634.0,9906.0,1967.0,Austin,78741,30.219357,-97.735879,0.0,95.0,343.0,sold,2.0,1.0,0,0,0,1,0,59.0,0.6666666666666666
SOLD,458000,3.0,2.0,1582.0,3933.0,2019.0,Austin,78741,30.230731,-97.698687,104.0,59.0,343.0,sold,2.0,2.0,0,0,0,0,0,7.0,0.6666666666666666
SOLD,439000,3.0,2.0,2074.0,6752.0,2018.0,Austin,78741,30.218639,-97.69915,175.0,42.0,343.0,sold,2.0,2.0,0,0,0,1,0,8.0,0.6666666666666666
SOLD,699000,3.0,3.0,1448.0,9174.0,1964.0,Austin,78741,30.235862,-97.73492,0.0,57.0,343.0,sold,2.0,1.0,0,0,0,1,0,62.0,1.0
SOLD,499995,4.0,2.0,1953.0,4151.0,2018.0,Austin,78741,30.225348,-97.69647,70.0,170.0,343.0,sold,2.0,2.0,0,0,0,1,0,8.0,0.5
SOLD,525000,3.0,3.0,1876.0,1359.0,2017.0,Austin,78741,30.238631,-97.718655,195.0,105.0,343.0,sold,2.0,3.0,0,0,0,0,0,9.0,1.0
SOLD,679000,7.0,5.0,2727.0,10764.0,1971.0,Austin,78741,30.236658,-97.730396,0.0,104.0,343.0,sold,2.0,2.0,0,0,1,0,0,55.0,0.7142857142857143
SOLD,525000,3.0,2.0,1371.0,8368.0,1987.0,Austin,78741,30.220454,-97.72498,0.0,43.0,343.0,sold,2.0,1.0,0,0,0,1,0,39.0,0.6666666666666666
SOLD,197000,2.0,2.0,842.0,871.0,1985.0,Austin,78741,30.225438,-97.7426,394.0,70.0,343.0,sold,1.0,1.0,0,0,0,0,0,41.0,1.0
SOLD,399000,3.0,2.0,1433.0,2949.0,2024.0,Austin,78741,30.231332,-97.701561,41.0,151.0,343.0,sold,1.0,2.0,0,0,0,1,0,2.0,0.6666666666666666
SOLD,350000,3.0,3.0,1153.0,2823.0,2024.0,Austin,78741,30.231332,-97.701561,41.0,151.0,343.0,sold,2.0,2.0,0,0,0,1,0,2.0,1.0
SOLD,324900,2.0,2.0,1045.0,2936.0,2024.0,Austin,78741,30.233968,-97.701511,41.0,213.0,343.0,sold,2.0,2.0,0,0,0,1,0,2.0,1.0
SOLD,270000,2.0,2.0,1151.0,3049.0,2005.0,Austin,78741,30.234197,-97.70403,298.0,46.0,343.0,sold,1.0,2.0,0,0,0,0,0,21.0,1.0
SOLD,406000,4.0,2.0,1863.0,11117.0,1973.0,Austin,78741,30.22881,-97.737214,0.0,62.0,343.0,sold,1.0,1.0,0,0,1,0,0,53.0,0.5
SOLD,440000,2.0,2.0,1263.0,7048.0,2026.0,Austin,78741,30.241776,-97.727615,83.0,1.0,343.0,sold,1.0,2.0,0,0,0,0,1,0.0,1.0
SOLD,189000,2.0,2.0,1017.0,6578.0,1983.0,Austin,78741,30.233482,-97.711697,492.0,115.0,343.0,sold,2.0,1.0,0,0,0,0,0,43.0,1.0
SOLD,375000,5.0,4.0,2530.0,10285.0,1972.0,Austin,78741,30.235732,-97.729988,0.0,34.0,343.0,sold,2.0,1.0,0,0,1,0,0,54.0,0.8
SOLD,249900,2.0,1.0,672.0,3615.0,1946.0,Austin,78741,30.234244,-97.695215,0.0,46.0,343.0,sold,2.0,1.0,0,0,0,1,0,80.0,0.5
SOLD,125000,1.0,1.0,750.0,2191.0,1985.0,Austin,78741,30.225389,-97.725811,396.0,104.0,343.0,sold,2.0,1.0,0,0,0,0,0,41.0,1.0
SOLD,350000,4.0,3.0,1898.0,2422.0,2017.0,Austin,78741,30.223478,-97.699338,335.0,247.0,343.0,sold,2.0,2.0,0,0,0,0,0,9.0,0.75
SOLD,295000,4.0,2.0,1135.0,5576.0,1970.0,Austin,78741,30.233101,-97.70259,0.0,52.0,343.0,sold,2.0,1.0,0,0,0,1,0,56.0,0.5
SOLD,225000,3.0,1.0,890.0,5763.0,1969.0,Austin,78741,30.231172,-97.701276,0.0,51.0,343.0,sold,2.0,1.0,0,0,0,1,0,57.0,0.3333333333333333
SOLD,181000,3.0,2.0,1200.0,5685.0,1970.0,Austin,78741,30.231681,-97.702984,0.0,44.0,343.0,sold,2.0,1.0,0,0,0,1,0,56.0,0.6666666666666666
SOLD,399000,3.0,2.0,1142.0,5724.0,1971.0,Austin,78741,30.233839,-97.700733,0.0,40.0,343.0,sold,2.0,1.0,0,0,0,1,0,55.0,0.6666666666666666
SOLD,225000,2.0,2.0,1007.0,7048.0,1983.0,Austin,78741,30.233482,-97.711697,488.0,123.0,343.0,sold,2.0,1.0,0,0,0,0,0,43.0,1.0
SOLD,195000,2.0,2.0,1060.0,3097.0,1985.0,Austin,78741,30.225389,-97.725811,506.0,194.0,343.0,sold,2.0,1.0,0,0,0,0,0,41.0,1.0
SOLD,535000,6.0,4.0,2662.0,7349.0,2005.0,Austin,78741,30.227999,-97.704185,0.0,103.0,343.0,sold,2.0,1.0,0,0,1,0,0,21.0,0.6666666666666666
SOLD,249950,2.0,2.0,1168.0,1555.0,1974.0,Austin,78741,30.227245,-97.742238,390.0,30.0,343.0,sold,2.0,2.0,0,0,0,0,1,52.0,1.0
SOLD,517000,4.0,2.0,1974.0,8995.0,1968.0,Austin,78741,30.219215,-97.737781,0.0,63.0,343.0,sold,2.0,2.0,0,0,0,1,0,58.0,0.5
SOLD,279000,2.0,1.0,851.0,2875.0,2016.0,Austin,78741,30.235368,-97.697305,41.0,195.0,343.0,sold,2.0,1.0,0,0,0,1,0,10.0,0.5
SOLD,265000,2.0,2.0,1007.0,3049.0,2005.0,Austin,78741,30.234197,-97.70403,270.0,33.0,343.0,sold,1.0,2.0,0,0,0,0,0,21.0,1.0
SOLD,449000,3.0,2.0,1723.0,6556.0,2017.0,Austin,78741,30.218295,-97.699737,190.0,80.0,343.0,sold,2.0,2.0,0,0,0,1,0,9.0,0.6666666666666666
SOLD,439000,3.0,2.0,1385.0,6055.0,1984.0,Austin,78741,30.23479,-97.734056,610.0,236.0,343.0,sold,2.0,2.0,0,0,0,0,0,42.0,0.6666666666666666
SOLD,349000,2.0,2.0,1533.0,3777.0,2018.0,Austin,78741,30.225218,-97.739831,366.0,96.0,343.0,sold,1.0,3.0,0,0,0,0,0,8.0,1.0
SOLD,245000,2.0,2.0,1312.0,1917.0,2009.0,Austin,78741,30.222569,-97.697807,375.0,371.0,343.0,sold,2.0,2.0,0,0,0,0,0,17.0,1.0
SOLD,149900,1.0,1.0,535.0,1041.0,1983.0,Austin,78741,30.228745,-97.736259,262.0,63.0,343.0,sold,2.0,2.0,0,0,0,0,0,43.0,1.0
SOLD,165000,1.0,1.0,872.0,6116.0,1942.0,Austin,78741,30.237833,-97.696551,0.0,90.0,343.0,sold,2.0,1.0,0,0,0,1,0,84.0,1.0
SOLD,159900,3.0,2.0,1770.5,5737.0,1993.0,Austin,78741,30.228152,-97.696275,0.0,40.0,343.0,sold,2.0,1.0,1,0,0,0,0,33.0,0.6666666666666666
SOLD,650000,4.0,3.0,2099.0,8817.0,1968.0,Austin,78741,30.218304,-97.736541,0.0,159.0,343.0,sold,2.0,1.0,0,0,0,1,0,58.0,0.75
SOLD,199990,2.0,2.0,809.0,923.0,1985.0,Austin,78741,30.225438,-97.7426,377.0,81.0,343.0,sold,1.0,1.0,0,0,0,0,0,41.0,1.0
SOLD,350000,4.0,3.0,1898.0,7048.0,2017.0,Austin,78741,30.223478,-97.699338,289.0,68.0,343.0,sold,2.0,2.0,0,0,0,0,0,9.0,0.75
SOLD,435000,3.0,2.0,1959.0,3777.0,2014.0,Austin,78741,30.227646,-97.739314,391.0,45.0,343.0,sold,1.0,3.0,0,0,0,0,0,12.0,0.6666666666666666
SOLD,360000,4.0,1.0,1365.0,8364.0,1968.0,Austin,78741,30.230773,-97.740378,0.0,41.0,343.0,sold,2.0,1.0,0,0,0,1,0,58.0,0.25
SOLD,395000,2.0,2.0,1450.0,3751.0,2023.0,Austin,78741,30.227556,-97.736408,41.0,68.0,343.0,sold,2.0,2.0,0,0,0,0,0,3.0,1.0
SOLD,339900,3.0,3.0,1038.0,6151.0,2022.0,Austin,78741,30.230659,-97.692645,41.0,110.0,343.0,sold,2.0,2.0,0,0,0,1,0,4.0,1.0
SOLD,350000,2.0,2.0,1072.0,3084.0,2016.0,Austin,78741,30.234229,-97.692502,41.0,40.0,343.0,sold,2.0,2.0,0,0,0,1,0,10.0,1.0
SOLD,373500,3.0,1.0,1056.0,7640.0,1963.0,Austin,78741,30.235346,-97.700688,0.0,42.0,343.0,sold,1.0,1.0,0,0,0,1,0,63.0,0.3333333333333333
SOLD,375000,3.0,2.0,1148.0,8668.0,2010.0,Austin,78741,30.234443,-97.700114,0.0,60.0,343.0,sold,2.0,1.0,0,0,0,1,0,16.0,0.6666666666666666
SOLD,619900,3.0,3.0,2124.0,5449.0,2020.0,Austin,78741,30.242871,-97.692645,41.0,125.0,343.0,sold,1.0,3.0,0,0,0,1,0,6.0,1.0
SOLD,239999,2.0,1.0,1000.0,4251.0,2006.0,Austin,78741,30.228756,-97.6932,0.0,65.0,343.0,sold,2.0,1.0,0,0,0,1,0,20.0,0.5
SOLD,350000,2.0,2.0,1589.0,4487.0,2018.0,Austin,78741,30.228521,-97.700933,41.0,130.0,343.0,sold,2.0,2.0,0,0,0,1,0,8.0,1.0
SOLD,359000,3.0,3.0,1656.0,3777.0,2010.0,Austin,78741,30.22663,-97.739349,366.0,82.0,343.0,sold,1.0,2.0,0,0,0,0,0,16.0,1.0
SOLD,349900,3.0,2.0,1175.0,3759.0,2005.0,Austin,78741,30.239363,-97.690578,0.0,43.0,343.0,sold,2.0,1.0,0,0,0,1,0,21.0,0.6666666666666666
SOLD,444900,2.0,2.0,1252.0,8024.0,1988.0,Austin,78741,30.218584,-97.726472,0.0,83.0,343.0,sold,2.0,1.0,0,0,0,1,0,38.0,1.0
FOR_SALE,349000,3.0,2.0,1600.0,7187.0,1988.0,Austin,78744,30.192137,-97.734261,0.0,66.0,218.0,for_sale,2.0,1.0,0,0,0,1,0,38.0,0.6666666666666666
FOR_SALE,689900,4.0,3.0,2996.0,7048.0,2026.0,Austin,78744,30.144817,-97.70698,41.0,5.0,230.0,for_sale,2.0,2.0,0,0,0,1,0,0.0,0.75
FOR_SALE,20000,3.0,2.0,1770.5,7048.0,2000.0,Austin,78744,30.173573,-97.766632,0.0,48.0,343.0,for_sale,2.0,1.0,0,1,0,0,0,26.0,0.6666666666666666
FOR_SALE,12000,2.0,2.0,868.0,7048.0,1997.0,Austin,78744,30.218484,-97.68569,0.0,201.0,14.0,for_sale,2.0,1.0,0,1,0,0,0,29.0,1.0
FOR_SALE,199900,3.0,2.0,1220.0,4400.0,2015.0,Austin,78744,30.201506,-97.695465,47.0,301.0,164.0,for_sale,2.0,1.0,0,0,0,1,0,11.0,0.6666666666666666
FOR_SALE,385000,3.0,2.0,1790.0,5750.0,2018.0,Austin,78744,30.159273,-97.732992,46.0,10.0,215.0,for_sale,2.0,1.0,0,0,0,1,0,8.0,0.6666666666666666
FOR_SALE,250000,4.0,2.0,1256.0,14601.0,1974.0,Austin,78744,30.198932,-97.749908,0.0,59.0,199.0,for_sale,1.0,1.0,0,0,0,1,0,52.0,0.5
FOR_SALE,25000,3.0,2.0,1536.0,7048.0,2011.0,Austin,78744,30.172869,-97.763099,0.0,103.0,16.0,for_sale,2.0,1.0,0,1,0,0,0,15.0,0.6666666666666666
FOR_SALE,157080,2.0,2.0,1024.0,4504.0,2025.0,Austin,78744,30.175594,-97.753769,235.0,9.0,153.0,for_sale,2.0,1.0,0,0,0,0,0,1.0,1.0
PENDING,224999,3.0,2.0,1232.0,3598.0,2003.0,Austin,78744,30.178405,-97.758005,0.0,68.0,183.0,for_sale,1.0,1.0,0,0,0,1,0,23.0,0.6666666666666666
PENDING,589990,5.0,3.0,3549.0,14240.0,2016.0,Austin,78744,30.161368,-97.729404,46.0,17.0,166.0,for_sale,3.0,2.0,0,0,0,1,0,10.0,0.6
FOR_SALE,49995,4.0,2.0,1770.5,7048.0,2003.0,Austin,78744,30.172003,-97.761787,0.0,89.0,343.0,for_sale,2.0,1.0,0,1,0,0,0,23.0,0.5
FOR_SALE,206000,3.0,2.0,1221.0,7048.0,2016.0,Austin,78744,30.175594,-97.753769,235.0,184.0,169.0,for_sale,2.0,2.0,0,0,0,0,1,10.0,0.6666666666666666
FOR_SALE,255000,3.0,2.0,1022.0,9727.0,1978.0,Austin,78744,30.193917,-97.750385,0.0,121.0,250.0,for_sale,2.0,1.0,0,0,0,1,0,48.0,0.6666666666666666
PENDING,375000,4.0,3.0,2351.0,6081.0,2015.0,Austin,78744,30.176925,-97.695406,75.0,8.0,160.0,for_sale,3.0,2.0,0,0,0,1,0,11.0,0.75
FOR_SALE,597500,4.0,3.0,2773.0,5959.0,2022.0,Austin,78744,30.151025,-97.713493,100.0,159.0,215.0,for_sale,3.0,2.0,0,0,0,1,0,4.0,0.75
FOR_SALE,275000,3.0,2.0,1321.0,6464.0,1974.0,Austin,78744,30.183288,-97.756639,0.0,31.0,208.0,for_sale,2.0,1.0,0,0,0,1,0,52.0,0.6666666666666666
FOR_SALE,299000,2.0,2.0,1231.0,967.0,2022.0,Austin,78744,30.15497,-97.714615,115.0,59.0,243.0,for_sale,2.0,2.0,0,0,0,0,0,4.0,1.0
FOR_SALE,525000,3.0,3.0,2290.0,8350.0,2019.0,Austin,78744,30.146281,-97.721567,50.0,37.0,229.0,for_sale,3.0,1.0,0,0,0,1,0,7.0,1.0
FOR_SALE,290000,2.0,2.0,1231.0,967.0,2020.0,Austin,78744,30.154403,-97.718052,115.0,66.0,236.0,for_sale,2.0,2.0,0,0,0,0,0,6.0,1.0
FOR_SALE,285000,3.0,2.0,1254.0,7065.0,1979.0,Austin,78744,30.192264,-97.741936,0.0,195.0,227.0,for_sale,2.0,1.0,0,0,0,1,0,47.0,0.6666666666666666
FOR_SALE,195000,2.0,1.0,901.0,919.0,1975.0,Austin,78744,30.187053,-97.744349,219.0,269.0,216.0,for_sale,1.0,1.0,0,0,0,0,1,51.0,0.5
FOR_SALE,245950,4.0,2.0,1027.0,7113.0,1972.0,Austin,78744,30.198043,-97.747461,0.0,254.0,239.0,for_sale,2.0,1.0,0,0,0,1,0,54.0,0.5
PENDING,339000,4.0,2.0,2217.0,7667.0,2004.0,Austin,78744,30.159577,-97.783702,20.0,37.0,153.0,for_sale,2.0,2.0,0,0,0,1,0,22.0,0.5
FOR_SALE,600000,4.0,2.0,1860.0,23261.0,2015.0,Austin,78744,30.199426,-97.749906,0.0,37.0,323.0,for_sale,5.0,1.0,0,0,0,1,0,11.0,0.5
FOR_SALE,485000,4.0,3.0,2105.0,4591.0,2023.0,Austin,78744,30.166525,-97.695733,64.0,180.0,230.0,for_sale,2.0,2.0,0,0,0,1,0,3.0,0.75
FOR_SALE,309900,3.0,2.0,1541.0,967.0,2020.0,Austin,78744,30.154121,-97.715837,115.0,30.0,201.0,for_sale,2.0,2.0,0,0,0,0,0,6.0,0.6666666666666666
PENDING,379000,3.0,2.0,1946.0,8181.0,2018.0,Austin,78744,30.158974,-97.714383,75.0,49.0,195.0,for_sale,2.0,1.0,0,0,0,1,0,8.0,0.6666666666666666
FOR_SALE,309000,4.0,2.0,1850.0,9060.0,1982.0,Austin,78744,30.202133,-97.750145,0.0,53.0,167.0,for_sale,2.0,1.0,0,0,1,0,0,44.0,0.5
FOR_SALE,310380,4.0,2.0,2240.0,5532.0,2013.0,Austin,78744,30.198215,-97.70216,40.0,59.0,139.0,for_sale,2.0,2.0,0,0,0,1,0,13.0,0.5
FOR_SALE,249980,3.0,2.0,974.0,6926.0,1975.0,Austin,78744,30.188882,-97.752522,0.0,93.0,257.0,for_sale,2.0,1.0,0,0,0,1,0,51.0,0.6666666666666666
PENDING,767391,4.0,3.0,2996.0,7187.0,2026.0,Austin,78744,30.146012,-97.707854,90.0,125.0,256.0,for_sale,2.0,2.0,0,0,0,1,0,0.0,0.75
FOR_SALE,525000,4.0,3.0,2140.0,4400.0,2022.0,Austin,78744,30.166909,-97.694768,75.0,94.0,245.0,for_sale,2.0,2.0,0,0,0,1,0,4.0,0.75
PENDING,250000,3.0,2.0,1230.0,4400.0,2016.0,Austin,78744,30.202154,-97.695524,48.0,58.0,203.0,for_sale,2.0,1.0,0,0,0,1,0,10.0,0.6666666666666666
PENDING,549000,3.0,2.0,2188.0,10990.0,2020.0,Austin,78744,30.151182,-97.718601,80.0,34.0,251.0,for_sale,2.0,1.0,0,0,0,1,0,6.0,0.6666666666666666
FOR_SALE,259000,3.0,2.0,1535.0,7231.0,1978.0,Austin,78744,30.186846,-97.751139,0.0,104.0,169.0,for_sale,2.0,1.0,0,0,0,1,0,48.0,0.6666666666666666
FOR_SALE,389900,4.0,2.0,2383.0,5750.0,2018.0,Austin,78744,30.172433,-97.730627,59.0,30.0,164.0,for_sale,2.0,2.0,0,0,0,1,0,8.0,0.5
FOR_SALE,250000,4.0,1.0,1308.0,6551.0,1973.0,Austin,78744,30.182745,-97.747163,0.0,37.0,191.0,for_sale,2.0,1.0,0,0,0,1,0,53.0,0.25
FOR_SALE,357000,4.0,2.0,1753.0,7954.0,1994.0,Austin,78744,30.165228,-97.740369,58.0,23.0,204.0,for_sale,2.0,1.0,0,0,0,1,0,32.0,0.5
FOR_SALE,420000,3.0,2.0,1876.0,5558.0,2021.0,Austin,78744,30.142883,-97.715554,75.0,192.0,224.0,for_sale,2.0,1.0,0,0,0,1,0,5.0,0.6666666666666666
FOR_SALE,675000,4.0,3.0,3012.0,6007.0,2024.0,Austin,78744,30.150406,-97.711855,75.0,108.0,224.0,for_sale,2.0,2.0,0,0,0,1,0,2.0,0.75
PENDING,369900,4.0,2.0,1538.0,8529.0,1973.0,Austin,78744,30.185455,-97.750963,0.0,89.0,241.0,for_sale,2.0,1.0,0,0,0,1,0,53.0,0.5
FOR_SALE,389000,3.0,2.0,1908.0,8028.0,2021.0,Austin,78744,30.157277,-97.728452,80.0,20.0,204.0,for_sale,2.0,2.0,0,0,0,1,0,5.0,0.6666666666666666
FOR_SALE,330000,3.0,2.0,1121.0,9670.0,1982.0,Austin,78744,30.172349,-97.757353,0.0,26.0,294.0,for_sale,2.0,1.0,0,0,0,1,0,44.0,0.6666666666666666
FOR_SALE,399000,4.0,2.0,2683.0,6142.0,2004.0,Austin,78744,30.160007,-97.78145,17.0,114.0,149.0,for_sale,2.0,2.0,0,0,0,1,0,22.0,0.5
FOR_SALE,280000,3.0,2.0,1534.0,5140.0,2015.0,Austin,78744,30.199056,-97.698975,68.0,38.0,183.0,for_sale,2.0,1.0,0,0,0,1,0,11.0,0.6666666666666666
FOR_SALE,369900,3.0,2.0,1776.0,5319.0,2021.0,Austin,78744,30.157545,-97.724373,115.0,10.0,208.0,for_sale,2.0,2.0,0,0,0,1,0,5.0,0.6666666666666666
FOR_SALE,280000,3.0,2.0,1078.0,7048.0,1982.0,Austin,78744,30.173319,-97.755466,0.0,33.0,260.0,for_sale,1.0,1.0,0,0,0,1,0,44.0,0.6666666666666666
FOR_SALE,395990,3.0,3.0,1622.0,3820.0,2026.0,Austin,78744,30.144418,-97.714361,107.0,31.0,244.0,for_sale,2.0,2.0,0,0,0,1,0,0.0,1.0
FOR_SALE,849900,4.0,3.0,3491.0,3489.0,2026.0,Austin,78744,30.140766,-97.708576,75.0,212.0,243.0,for_sale,3.0,2.0,0,0,0,1,0,0.0,0.75
PENDING,323000,3.0,2.0,1583.0,967.0,2023.0,Austin,78744,30.153187,-97.709553,107.0,97.0,204.0,for_sale,2.0,2.0,0,0,0,0,0,3.0,0.6666666666666666
FOR_SALE,465000,4.0,3.0,2506.0,5963.0,2021.0,Austin,78744,30.144549,-97.721443,69.0,142.0,186.0,for_sale,2.0,2.0,0,0,0,1,0,5.0,0.75
FOR_SALE,350000,3.0,2.0,1880.0,5759.0,2004.0,Austin,78744,30.159677,-97.780769,0.0,5.0,186.0,for_sale,2.0,1.0,0,0,0,1,0,22.0,0.6666666666666666
PENDING,415990,4.0,2.0,2280.0,4800.0,2026.0,Austin,78744,30.148436,-97.726836,107.0,31.0,182.0,for_sale,2.0,2.0,0,0,0,1,0,0.0,0.5
FOR_SALE,247777,3.0,1.0,955.0,6390.0,1975.0,Austin,78744,30.187546,-97.752746,0.0,109.0,259.0,for_sale,2.0,1.0,0,0,0,1,0,51.0,0.3333333333333333
FOR_SALE,345000,3.0,3.0,2064.0,6247.0,2017.0,Austin,78744,30.164177,-97.777944,285.0,95.0,167.0,for_sale,2.0,2.0,0,0,0,0,0,9.0,1.0
FOR_SALE,395000,3.0,3.0,1660.0,4892.0,2021.0,Austin,78744,30.143031,-97.717117,57.0,73.0,238.0,for_sale,2.0,2.0,0,0,0,1,0,5.0,1.0
FOR_SALE,565000,3.0,2.0,1603.0,9653.0,2026.0,Austin,78744,30.179677,-97.75515,0.0,79.0,352.0,for_sale,2.0,1.0,0,0,0,1,0,0.0,0.6666666666666666
FOR_SALE,395000,4.0,3.0,2313.0,7405.0,2019.0,Austin,78744,30.167747,-97.724934,59.0,29.0,171.0,for_sale,2.0,2.0,0,0,0,1,0,7.0,0.75
FOR_SALE,250000,3.0,2.0,1385.0,8581.0,1977.0,Austin,78744,30.200895,-97.74311,41.0,144.0,181.0,for_sale,2.0,1.0,0,0,0,1,0,49.0,0.6666666666666666
FOR_SALE,615000,4.0,3.0,3065.0,12894.0,2015.0,Austin,78744,30.16326,-97.728981,33.0,40.0,201.0,for_sale,2.0,2.0,0,0,0,1,0,11.0,0.75
PENDING,325000,3.0,2.0,1328.0,6382.0,2004.0,Austin,78744,30.200366,-97.731479,19.0,31.0,245.0,for_sale,1.0,1.0,0,0,0,1,0,22.0,0.6666666666666666
FOR_SALE,555000,4.0,3.0,2599.0,6207.0,2021.0,Austin,78744,30.147601,-97.717294,75.0,150.0,214.0,for_sale,2.0,2.0,0,0,0,1,0,5.0,0.75
FOR_SALE,299000,4.0,2.0,1784.0,7867.0,1983.0,Austin,78744,30.193622,-97.740421,0.0,32.0,168.0,for_sale,2.0,2.0,0,0,1,0,0,43.0,0.5
FOR_SALE,385000,4.0,4.0,1764.0,10807.0,1983.0,Austin,78744,30.195375,-97.739085,0.0,90.0,218.0,for_sale,2.0,1.0,0,0,1,0,0,43.0,1.0
FOR_SALE,338000,3.0,2.0,1514.0,5750.0,2018.0,Austin,78744,30.169286,-97.731762,59.0,30.0,223.0,for_sale,2.0,1.0,0,0,0,1,0,8.0,0.6666666666666666
FOR_SALE,330000,4.0,2.0,1784.0,7484.0,1983.0,Austin,78744,30.1823,-97.764401,0.0,79.0,185.0,for_sale,2.0,2.0,0,0,1,0,0,43.0,0.5
PENDING,349900,4.0,2.0,2691.0,5968.0,2005.0,Austin,78744,30.197579,-97.730682,19.0,65.0,130.0,for_sale,2.0,2.0,0,0,0,1,0,21.0,0.5
PENDING,340000,3.0,2.0,1669.0,5702.0,2022.0,Austin,78744,30.15506,-97.729063,41.0,157.0,204.0,for_sale,2.0,1.0,0,0,0,1,0,4.0,0.6666666666666666
PENDING,285000,2.0,2.0,1209.0,6443.0,2003.0,Austin,78744,30.198601,-97.734208,17.0,23.0,236.0,for_sale,1.0,1.0,0,0,0,1,0,23.0,1.0
FOR_SALE,349000,4.0,2.0,1744.0,4047.0,1976.0,Austin,78744,30.19205,-97.748869,41.0,25.0,200.0,for_sale,2.0,1.0,0,0,0,1,0,50.0,0.5
PENDING,675000,4.0,3.0,2837.0,7070.0,2024.0,Austin,78744,30.145697,-97.706841,64.0,52.0,238.0,for_sale,2.0,1.0,0,0,0,1,0,2.0,0.75
FOR_SALE,871900,4.0,3.0,2954.0,7048.0,1993.0,Austin,78744,30.141735,-97.711309,41.0,2.0,295.0,for_sale,3.0,1.0,0,0,0,1,0,33.0,0.75
FOR_SALE,318000,3.0,2.0,1491.0,5898.0,2007.0,Austin,78744,30.199428,-97.728572,19.0,68.0,213.0,for_sale,1.0,2.0,0,0,0,1,0,19.0,0.6666666666666666
FOR_SALE,539900,4.0,3.0,3020.0,5998.0,2024.0,Austin,78744,30.143252,-97.705984,75.0,149.0,179.0,for_sale,2.0,2.0,0,0,0,1,0,2.0,0.75
FOR_SALE,595000,4.0,3.0,2433.0,6194.0,2019.0,Austin,78744,30.150643,-97.721838,75.0,3.0,245.0,for_sale,2.0,1.0,0,0,0,1,0,7.0,0.75
FOR_SALE,285000,3.0,2.0,1211.0,11156.0,1996.0,Austin,78744,30.177572,-97.759891,0.0,104.0,235.0,for_sale,2.0,1.0,0,0,0,1,0,30.0,0.6666666666666666
PENDING,347500,3.0,2.0,1436.0,6882.0,1975.0,Austin,78744,30.18893,-97.753098,0.0,123.0,242.0,for_sale,2.0,1.0,0,0,0,1,0,51.0,0.6666666666666666
PENDING,305000,4.0,2.0,1309.0,7523.0,1977.0,Austin,78744,30.19939,-97.752932,0.0,190.0,233.0,for_sale,2.0,1.0,0,0,0,1,0,49.0,0.5
PENDING,963900,5.0,5.0,3413.0,3415.0,2026.0,Austin,78744,30.140558,-97.707074,75.0,191.0,282.0,for_sale,3.0,2.0,0,0,0,1,0,0.0,1.0
PENDING,581763,3.0,2.0,2187.0,5998.0,2026.0,Austin,78744,30.143388,-97.706259,90.0,181.0,266.0,for_sale,2.0,1.0,0,0,0,1,0,0.0,0.6666666666666666
FOR_SALE,499990,4.0,3.0,2231.0,5641.0,2025.0,Austin,78744,30.140715,-97.7141,81.0,326.0,224.0,for_sale,2.0,1.0,0,0,0,1,0,1.0,0.75
FOR_SALE,632000,4.0,2.0,2555.0,6007.0,2022.0,Austin,78744,30.148678,-97.708189,75.0,87.0,247.0,for_sale,2.0,2.0,0,0,0,1,0,4.0,0.5
FOR_SALE,373000,4.0,2.0,1762.0,8438.0,1972.0,Austin,78744,30.198792,-97.754902,0.0,152.0,212.0,for_sale,2.0,1.0,0,0,0,1,0,54.0,0.5
FOR_SALE,650000,5.0,4.0,3799.0,8472.0,2016.0,Austin,78744,30.160803,-97.719737,75.0,72.0,171.0,for_sale,3.0,2.0,0,0,0,1,0,10.0,0.8
FOR_SALE,530000,4.0,3.0,2599.0,6037.0,2020.0,Austin,78744,30.1479,-97.718755,75.0,30.0,204.0,for_sale,2.0,2.0,0,0,0,1,0,6.0,0.75
PENDING,562990,4.0,2.0,2216.0,5998.0,2026.0,Austin,78744,30.145536,-97.708748,107.0,31.0,254.0,for_sale,2.0,1.0,0,0,0,1,0,0.0,0.5
FOR_SALE,67000,3.0,2.0,1770.5,7048.0,2000.0,Austin,78744,30.174044,-97.76742,0.0,166.0,343.0,for_sale,2.0,1.0,0,1,0,0,0,26.0,0.6666666666666666
PENDING,534990,4.0,3.0,2709.0,5641.0,2026.0,Austin,78744,30.140418,-97.714294,81.0,89.0,197.0,for_sale,2.0,2.0,0,0,0,1,0,0.0,0.75
FOR_SALE,54990,2.0,1.0,784.0,7048.0,2026.0,Austin,78744,30.220205,-97.684189,0.0,44.0,70.0,for_sale,2.0,1.0,0,1,0,0,0,0.0,0.5
PENDING,804900,4.0,3.0,3187.0,7200.0,2026.0,Austin,78744,30.142095,-97.710181,71.0,73.0,253.0,for_sale,3.0,2.0,0,0,0,1,0,0.0,0.75
PENDING,397990,2.0,2.0,1657.0,5192.0,2026.0,Austin,78744,30.144444,-97.714128,107.0,32.0,240.0,for_sale,2.0,2.0,0,0,0,1,0,0.0,1.0
FOR_SALE,529990,4.0,3.0,2709.0,5641.0,2026.0,Austin,78744,30.140602,-97.714174,81.0,89.0,196.0,for_sale,2.0,2.0,0,0,0,1,0,0.0,0.75
FOR_SALE,569000,4.0,3.0,2630.0,11387.0,2022.0,Austin,78744,30.142286,-97.715214,75.0,79.0,216.0,for_sale,2.0,2.0,0,0,0,1,0,4.0,0.75
FOR_SALE,474000,4.0,2.0,2127.0,6412.0,2019.0,Austin,78744,30.14869,-97.718871,71.0,93.0,223.0,for_sale,2.0,1.0,0,0,0,1,0,7.0,0.5
FOR_SALE,35000,2.0,2.0,1152.0,7048.0,2010.0,Austin,78744,30.186583,-97.764941,0.0,42.0,30.0,for_sale,2.0,1.0,0,1,0,0,0,16.0,1.0
FOR_SALE,499000,5.0,3.0,2578.0,8024.0,2023.0,Austin,78744,30.156855,-97.727814,80.0,122.0,194.0,for_sale,2.0,2.0,0,0,0,1,0,3.0,0.6
FOR_SALE,315000,3.0,2.0,1479.0,4931.0,2013.0,Austin,78744,30.190006,-97.73909,218.0,14.0,213.0,for_sale,2.0,2.0,0,0,0,1,0,13.0,0.6666666666666666
FOR_SALE,315000,2.0,2.0,1437.0,967.0,2021.0,Austin,78744,30.154844,-97.715421,115.0,107.0,219.0,for_sale,2.0,2.0,0,0,0,1,0,5.0,1.0
SOLD,430990,3.0,3.0,2055.0,3942.0,2026.0,Austin,78744,30.144625,-97.714381,107.0,122.0,343.0,sold,2.0,2.0,0,0,0,1,0,0.0,1.0
SOLD,663891,4.0,3.0,2910.0,7187.0,2026.0,Austin,78744,30.14593,-97.707689,90.0,255.0,343.0,sold,3.0,2.0,0,0,0,1,0,0.0,0.75
SOLD,297500,3.0,2.0,1799.0,4400.0,2016.0,Austin,78744,30.201496,-97.697878,48.0,92.0,343.0,sold,2.0,2.0,0,0,0,1,0,10.0,0.6666666666666666
SOLD,360000,3.0,2.0,1795.0,5750.0,2018.0,Austin,78744,30.169399,-97.732219,59.0,117.0,343.0,sold,2.0,2.0,0,0,0,1,0,8.0,0.6666666666666666
SOLD,330000,4.0,3.0,2246.0,6756.0,2018.0,Austin,78744,30.172093,-97.696525,65.0,55.0,343.0,sold,2.0,2.0,0,0,0,1,0,8.0,0.75
SOLD,689940,4.0,3.0,2986.0,7187.0,2026.0,Austin,78744,30.146532,-97.707058,90.0,319.0,343.0,sold,2.0,2.0,0,0,0,1,0,0.0,0.75
SOLD,399000,3.0,2.0,1878.0,5502.0,2021.0,Austin,78744,30.16979,-97.696483,75.0,81.0,343.0,sold,2.0,1.0,0,0,0,1,0,5.0,0.6666666666666666
SOLD,71640,3.0,2.0,1152.0,7048.0,2026.0,Austin,78744,30.218878,-97.685659,0.0,38.0,343.0,sold,2.0,1.0,0,1,0,0,0,0.0,0.6666666666666666
SOLD,68420,3.0,2.0,1056.0,7048.0,2026.0,Austin,78744,30.218878,-97.685659,0.0,25.0,343.0,sold,2.0,1.0,0,1,0,0,0,0.0,0.6666666666666666
SOLD,398000,4.0,2.0,1623.0,6286.0,1984.0,Austin,78744,30.195811,-97.732145,0.0,45.0,343.0,sold,2.0,1.0,0,0,0,1,0,42.0,0.5
SOLD,68420,3.0,2.0,1056.0,7048.0,2026.0,Austin,78744,30.218752,-97.684708,0.0,38.0,343.0,sold,2.0,1.0,0,1,0,0,0,0.0,0.6666666666666666
SOLD,794900,4.0,3.0,2993.0,2993.0,2026.0,Austin,78744,30.141754,-97.709422,75.0,145.0,343.0,sold,3.0,1.0,0,0,0,1,0,0.0,0.75
SOLD,500000,5.0,4.0,3026.0,10058.0,2021.0,Austin,78744,30.146974,-97.715458,80.0,167.0,343.0,sold,2.0,2.0,0,0,0,1,0,5.0,0.8
SOLD,365000,3.0,2.0,1608.0,6909.0,1975.0,Austin,78744,30.19877,-97.742366,0.0,56.0,343.0,sold,2.0,1.0,0,0,0,1,0,51.0,0.6666666666666666
SOLD,909900,4.0,3.0,3187.0,7078.0,2026.0,Austin,78744,30.140183,-97.709252,75.0,126.0,343.0,sold,3.0,2.0,0,0,0,1,0,0.0,0.75
SOLD,385000,4.0,2.0,2340.0,12249.0,1977.0,Austin,78744,30.194672,-97.75524,0.0,142.0,343.0,sold,2.0,1.0,0,0,0,1,0,49.0,0.5
SOLD,315000,2.0,2.0,1030.0,8716.0,1983.0,Austin,78744,30.174073,-97.757964,0.0,40.0,343.0,sold,1.0,1.0,0,0,0,1,0,43.0,1.0
SOLD,200000,3.0,2.0,1086.0,9152.0,1978.0,Austin,78744,30.19409,-97.748303,0.0,49.0,343.0,sold,2.0,1.0,0,0,0,1,0,48.0,0.6666666666666666
SOLD,958900,5.0,5.0,3675.0,9348.0,2026.0,Austin,78744,30.143221,-97.711567,75.0,124.0,343.0,sold,3.0,2.0,0,0,0,1,0,0.0,1.0
SOLD,474990,4.0,3.0,2508.0,5998.0,2022.0,Austin,78744,30.150918,-97.710472,71.0,154.0,343.0,sold,2.0,2.0,0,0,0,1,0,4.0,0.75
SOLD,564900,4.0,3.0,2407.0,4722.0,2026.0,Austin,78744,30.146736,-97.729715,75.0,59.0,343.0,sold,2.0,2.0,0,0,0,1,0,0.0,0.75
SOLD,175560,2.0,1.0,1199.0,1220.0,2025.0,Austin,78744,30.175594,-97.753769,235.0,545.0,343.0,sold,2.0,2.0,0,0,0,0,1,1.0,0.5
SOLD,375000,4.0,2.0,2216.0,5763.0,2018.0,Austin,78744,30.169871,-97.730774,79.0,34.0,343.0,sold,2.0,2.0,0,0,0,1,0,8.0,0.5
SOLD,325000,4.0,2.0,2413.0,6547.0,2018.0,Austin,78744,30.173107,-97.696568,25.0,50.0,343.0,sold,3.0,2.0,0,0,0,1,0,8.0,0.5
SOLD,439000,5.0,4.0,2022.0,7623.0,1984.0,Austin,78744,30.180234,-97.75896,0.0,96.0,343.0,sold,2.0,1.0,0,0,1,0,0,42.0,0.8
SOLD,239900,4.0,2.0,1548.0,4661.0,1988.0,Austin,78744,30.190571,-97.738385,0.0,42.0,343.0,sold,2.0,2.0,0,0,0,1,0,38.0,0.5
SOLD,175560,2.0,1.0,1199.0,567587.0,2025.0,Austin,78744,30.175594,-97.753769,235.0,60.0,343.0,sold,2.0,2.0,0,0,0,0,1,1.0,0.5
SOLD,314990,2.0,2.0,1382.0,2409.0,2026.0,Austin,78744,30.181909,-97.727096,216.0,121.0,343.0,sold,2.0,2.0,0,0,0,0,0,0.0,1.0
SOLD,295000,3.0,2.0,1346.0,4225.0,2004.0,Austin,78744,30.161346,-97.779119,38.0,129.0,343.0,sold,2.0,2.0,0,0,0,1,0,22.0,0.6666666666666666
SOLD,309990,2.0,2.0,1192.0,1904.0,2025.0,Austin,78744,30.155548,-97.712929,107.0,325.0,343.0,sold,2.0,2.0,0,0,0,1,0,1.0,1.0
SOLD,68600,3.0,2.0,910.0,7048.0,1993.0,Austin,78744,30.218281,-97.68586,0.0,286.0,343.0,sold,2.0,1.0,0,1,0,0,0,33.0,0.6666666666666666
SOLD,397990,3.0,3.0,1580.0,5044.0,2026.0,Austin,78744,30.14461,-97.714149,107.0,105.0,343.0,sold,2.0,2.0,0,0,0,1,0,0.0,1.0
SOLD,439990,3.0,2.0,2075.0,4116.0,2026.0,Austin,78744,30.144758,-97.714396,107.0,105.0,343.0,sold,2.0,2.0,0,0,0,1,0,0.0,0.6666666666666666
SOLD,265000,3.0,2.0,1178.0,8207.0,1997.0,Austin,78744,30.193533,-97.731095,0.0,90.0,343.0,sold,2.0,1.0,0,0,0,1,0,29.0,0.6666666666666666
SOLD,299000,3.0,2.0,1492.0,5750.0,2004.0,Austin,78744,30.161176,-97.782076,20.0,11.0,343.0,sold,2.0,1.0,0,0,0,1,0,22.0,0.6666666666666666
SOLD,599990,4.0,4.0,2620.0,6098.0,2026.0,Austin,78744,30.142864,-97.709114,104.0,143.0,343.0,sold,2.0,2.0,0,0,0,1,0,0.0,1.0
SOLD,390000,4.0,2.0,2102.0,7366.0,1984.0,Austin,78744,30.196713,-97.741586,0.0,120.0,343.0,sold,2.0,2.0,0,0,1,0,0,42.0,0.5
SOLD,339000,3.0,2.0,1449.0,5140.0,2004.0,Austin,78744,30.158772,-97.780186,17.0,56.0,343.0,sold,2.0,1.0,0,0,0,1,0,22.0,0.6666666666666666
SOLD,513990,3.0,3.0,2127.0,8573.0,2026.0,Austin,78744,30.147067,-97.711325,107.0,101.0,343.0,sold,2.0,1.0,0,0,0,1,0,0.0,1.0
SOLD,525000,3.0,3.0,2472.0,5955.0,2020.0,Austin,78744,30.147154,-97.718252,75.0,104.0,343.0,sold,2.0,1.0,0,0,0,1,0,6.0,1.0
SOLD,337990,2.0,1.0,1437.0,967.0,2025.0,Austin,78744,30.155319,-97.713051,107.0,133.0,343.0,sold,2.0,2.0,0,0,0,1,0,1.0,0.5
SOLD,408990,3.0,3.0,1607.0,4683.0,2026.0,Austin,78744,30.144964,-97.714426,107.0,101.0,343.0,sold,2.0,2.0,0,0,0,1,0,0.0,1.0
SOLD,408990,2.0,2.0,1664.0,4961.0,2026.0,Austin,78744,30.144779,-97.714166,107.0,101.0,343.0,sold,2.0,2.0,0,0,0,1,0,0.0,1.0
SOLD,552956,4.0,3.0,2256.0,5998.0,2026.0,Austin,78744,30.143811,-97.706346,90.0,270.0,343.0,sold,2.0,1.0,0,0,0,1,0,0.0,0.75
SOLD,151470,2.0,1.0,897.0,7048.0,2025.0,Austin,78744,30.175594,-97.753769,235.0,60.0,343.0,sold,2.0,1.0,0,0,0,0,0,1.0,0.5
SOLD,749900,4.0,3.0,2835.0,7200.0,2025.0,Austin,78744,30.14064,-97.707239,71.0,209.0,343.0,sold,3.0,1.0,0,0,0,1,0,1.0,0.75
SOLD,335990,3.0,2.0,1487.0,2409.0,2026.0,Austin,78744,30.181909,-97.727096,216.0,116.0,343.0,sold,2.0,2.0,0,0,0,0,0,0.0,0.6666666666666666
SOLD,359990,4.0,2.0,2425.0,4966.0,2007.0,Austin,78744,30.196975,-97.695761,25.0,61.0,343.0,sold,2.0,2.0,0,0,0,1,0,19.0,0.5
SOLD,650000,4.0,3.0,2952.0,7166.0,2022.0,Austin,78744,30.14827,-97.706883,71.0,108.0,343.0,sold,3.0,2.0,0,0,0,1,0,4.0,0.75
SOLD,399000,3.0,2.0,2072.0,5319.0,2021.0,Austin,78744,30.157234,-97.723901,110.0,150.0,343.0,sold,2.0,2.0,0,0,0,1,0,5.0,0.6666666666666666
SOLD,399999,4.0,2.0,1468.0,5833.0,1986.0,Austin,78744,30.193177,-97.736377,0.0,46.0,343.0,sold,2.0,2.0,0,0,0,1,0,40.0,0.5
SOLD,540000,8.0,4.0,3120.0,9932.0,1982.0,Austin,78744,30.203098,-97.75247,0.0,93.0,343.0,sold,2.0,2.0,0,0,1,0,0,44.0,0.5
SOLD,559000,4.0,3.0,2560.0,8037.0,2020.0,Austin,78744,30.143876,-97.717369,75.0,67.0,343.0,sold,2.0,2.0,0,0,0,1,0,6.0,0.75
SOLD,300000,3.0,2.0,1343.0,5898.0,2006.0,Austin,78744,30.199005,-97.728519,19.0,54.0,343.0,sold,1.0,1.0,0,0,0,1,0,20.0,0.6666666666666666
SOLD,662556,4.0,4.0,2794.0,8407.0,2026.0,Austin,78744,30.141887,-97.707951,75.0,28.0,343.0,sold,3.0,2.0,0,0,0,1,0,0.0,1.0
SOLD,335990,3.0,2.0,1487.0,2409.0,2026.0,Austin,78744,30.181909,-97.727096,216.0,104.0,343.0,sold,2.0,2.0,0,0,0,0,0,0.0,0.6666666666666666
SOLD,599000,4.0,3.0,2607.0,5641.0,2022.0,Austin,78744,30.144633,-97.719091,75.0,109.0,343.0,sold,3.0,2.0,0,0,0,1,0,4.0,0.75
SOLD,295000,3.0,2.0,1114.0,5837.0,1996.0,Austin,78744,30.192921,-97.73654,0.0,12.0,343.0,sold,2.0,1.0,0,0,0,1,0,30.0,0.6666666666666666
SOLD,699000,4.0,3.0,3403.0,7074.0,2025.0,Austin,78744,30.145285,-97.70428,90.0,377.0,343.0,sold,3.0,2.0,0,0,0,1,0,1.0,0.75
SOLD,449990,3.0,2.0,1904.0,5663.0,2025.0,Austin,78744,30.14036,-97.714972,81.0,391.0,343.0,sold,2.0,1.0,0,0,0,1,0,1.0,0.6666666666666666
SOLD,618155,5.0,5.0,2832.0,6098.0,2026.0,Austin,78744,30.144191,-97.707881,104.0,137.0,343.0,sold,2.0,2.0,0,0,0,1,0,0.0,1.0
SOLD,379990,3.0,2.0,2080.0,2409.0,2026.0,Austin,78744,30.181909,-97.727096,216.0,101.0,343.0,sold,2.0,2.0,0,0,0,0,0,0.0,0.6666666666666666
SOLD,379000,3.0,2.0,1879.0,6508.0,2015.0,Austin,78744,30.164083,-97.730477,39.0,31.0,343.0,sold,2.0,1.0,0,0,0,1,0,11.0,0.6666666666666666
SOLD,849995,3.0,2.0,3114.0,7767.0,2022.0,Austin,78744,30.150702,-97.710195,75.0,37.0,343.0,sold,3.0,2.0,0,0,0,1,0,4.0,0.6666666666666666
SOLD,429000,5.0,3.0,2278.0,5759.0,2015.0,Austin,78744,30.201153,-97.700656,78.0,42.0,343.0,sold,2.0,2.0,0,0,0,1,0,11.0,0.6
SOLD,589990,5.0,4.0,2709.0,9239.0,2025.0,Austin,78744,30.140736,-97.713698,81.0,278.0,343.0,sold,2.0,2.0,0,0,0,1,0,1.0,0.8
SOLD,490000,3.0,2.0,2362.0,6029.0,2020.0,Austin,78744,30.148008,-97.717846,80.0,33.0,343.0,sold,2.0,2.0,0,0,0,1,0,6.0,0.6666666666666666
SOLD,260000,2.0,2.0,1608.0,7048.0,2019.0,Austin,78744,30.164177,-97.777944,285.0,98.0,343.0,sold,2.0,2.0,0,0,0,0,0,7.0,1.0
SOLD,415000,4.0,2.0,2859.0,9365.0,2015.0,Austin,78744,30.175185,-97.695016,76.0,37.0,343.0,sold,3.0,2.0,0,0,0,1,0,11.0,0.5
SOLD,345000,3.0,2.0,1883.0,6294.0,2015.0,Austin,78744,30.176072,-97.695264,75.0,48.0,343.0,sold,2.0,2.0,0,0,0,1,0,11.0,0.6666666666666666
SOLD,485000,3.0,2.0,2158.0,6247.0,2020.0,Austin,78744,30.144403,-97.716007,75.0,62.0,343.0,sold,2.0,1.0,0,0,0,1,0,6.0,0.6666666666666666
SOLD,299999,3.0,2.0,1344.0,7214.0,1971.0,Austin,78744,30.194939,-97.755421,0.0,69.0,343.0,sold,2.0,1.0,0,0,0,1,0,55.0,0.6666666666666666
SOLD,285000,2.0,2.0,1725.0,6247.0,2019.0,Austin,78744,30.164177,-97.777944,285.0,59.0,343.0,sold,2.0,2.0,0,0,0,0,0,7.0,1.0
SOLD,365000,3.0,2.0,1799.0,4400.0,2016.0,Austin,78744,30.202723,-97.697689,40.0,45.0,343.0,sold,2.0,2.0,0,0,0,1,0,10.0,0.6666666666666666
SOLD,450000,4.0,2.0,2692.0,8233.0,2016.0,Austin,78744,30.161929,-97.720651,60.0,53.0,343.0,sold,2.0,1.0,0,0,0,1,0,10.0,0.5
SOLD,666503,4.0,3.0,3204.0,5998.0,2025.0,Austin,78744,30.140808,-97.705724,64.0,191.0,343.0,sold,2.0,2.0,0,0,0,1,0,1.0,0.75
SOLD,575000,3.0,2.0,2672.0,8398.0,2020.0,Austin,78744,30.147597,-97.721392,75.0,62.0,343.0,sold,2.0,2.0,0,0,0,1,0,6.0,0.6666666666666666
SOLD,300000,3.0,2.0,1828.0,6247.0,2018.0,Austin,78744,30.164177,-97.777944,285.0,72.0,343.0,sold,2.0,2.0,0,0,0,0,0,8.0,0.6666666666666666
FOR_SALE,184795,2.0,2.0,1005.0,6717.0,2015.0,Austin,78745,30.192186,-97.829193,85.0,3.0,184.0,for_sale,1.0,1.0,0,0,0,1,0,11.0,1.0
FOR_SALE,199000,3.0,2.0,1232.0,12846.0,2003.0,Austin,78745,30.18962,-97.802715,0.0,12.0,162.0,for_sale,2.0,1.0,0,0,0,1,0,23.0,0.6666666666666666
FOR_SALE,290000,2.0,2.0,1305.0,871.0,2016.0,Austin,78745,30.217958,-97.766581,760.0,184.0,222.0,for_sale,2.0,1.0,0,0,0,0,0,10.0,1.0
FOR_SALE,399900,3.0,2.0,1736.0,5114.0,2019.0,Austin,78745,30.187422,-97.782417,347.0,4.0,230.0,for_sale,1.0,2.0,0,0,0,0,0,7.0,0.6666666666666666
FOR_SALE,339000,2.0,2.0,1581.0,1006.0,2018.0,Austin,78745,30.217958,-97.766581,893.0,31.0,214.0,for_sale,2.0,1.0,0,0,0,0,0,8.0,1.0
FOR_SALE,152310,1.0,1.0,534.0,270.0,2023.0,Austin,78745,30.219075,-97.76548,80.0,27.0,285.0,for_sale,2.0,1.0,0,0,0,0,0,3.0,1.0
PENDING,330000,3.0,2.0,1178.0,7078.0,1974.0,Austin,78745,30.20237,-97.790686,0.0,10.0,280.0,for_sale,2.0,1.0,0,0,0,1,0,52.0,0.6666666666666666
FOR_SALE,24000,3.0,2.0,1770.5,10790.0,1993.0,Austin,78745,30.49046,-97.979873,20.0,115.0,343.0,for_sale,2.0,1.0,1,0,0,0,0,33.0,0.6666666666666666
FOR_SALE,475000,4.0,2.0,1644.0,8176.0,1966.0,Austin,78745,30.209237,-97.798015,0.0,50.0,289.0,for_sale,2.0,1.0,0,0,0,1,0,60.0,0.5
FOR_SALE,364900,4.0,2.0,1264.0,6068.0,1972.0,Austin,78745,30.21277,-97.811833,0.0,67.0,289.0,for_sale,2.0,1.0,0,0,0,1,0,54.0,0.5
FOR_SALE,397000,3.0,2.0,1770.5,7841.0,1978.0,Austin,78745,30.191267,-97.782875,0.0,4.0,343.0,for_sale,2.0,1.0,0,0,0,1,0,48.0,0.6666666666666666
FOR_SALE,370000,4.0,4.0,2212.0,9047.0,1983.0,Austin,78745,30.193907,-97.812134,225.0,108.0,167.0,for_sale,2.0,2.0,0,0,1,0,0,43.0,1.0
FOR_SALE,515000,3.0,2.0,1453.0,8098.0,1978.0,Austin,78745,30.195695,-97.813318,0.0,26.0,354.0,for_sale,2.0,1.0,0,0,0,1,0,48.0,0.6666666666666666
PENDING,215000,2.0,1.0,1045.0,3690.0,1985.0,Austin,78745,30.200684,-97.783845,303.0,17.0,206.0,for_sale,1.0,2.0,0,0,0,0,0,41.0,0.5
PENDING,305000,3.0,1.0,1116.0,8756.0,1977.0,Austin,78745,30.200801,-97.782187,0.0,121.0,273.0,for_sale,1.0,1.0,0,0,0,1,0,49.0,0.3333333333333333
FOR_SALE,578900,4.0,2.0,1876.0,9017.0,1979.0,Austin,78745,30.194132,-97.813502,0.0,136.0,309.0,for_sale,2.0,2.0,0,0,0,1,0,47.0,0.5
FOR_SALE,233888,3.0,2.0,1770.5,122360.0,1993.0,Austin,78745,30.214517,-97.779205,41.0,83.0,343.0,for_sale,2.0,1.0,1,0,0,0,0,33.0,0.6666666666666666
FOR_SALE,410750,4.0,2.0,1563.0,6329.0,1977.0,Austin,78745,30.211902,-97.817512,0.0,195.0,263.0,for_sale,2.0,1.0,0,0,0,1,0,49.0,0.5
FOR_SALE,435000,3.0,2.0,1268.0,7832.0,1976.0,Austin,78745,30.19486,-97.779144,0.0,24.0,343.0,for_sale,2.0,1.0,0,0,0,1,0,50.0,0.6666666666666666
FOR_SALE,275000,2.0,2.0,962.0,6813.0,1974.0,Austin,78745,30.204754,-97.777367,0.0,20.0,286.0,for_sale,2.0,1.0,0,0,0,1,0,52.0,1.0
FOR_SALE,599000,3.0,2.0,1770.5,43473.0,1993.0,Sunset Valley,78745,30.22492686,-97.80925834,0.0,107.0,343.0,for_sale,2.0,1.0,1,0,0,0,0,33.0,0.6666666666666666
PENDING,255000,3.0,1.0,1008.0,6961.0,1974.0,Austin,78745,30.205013,-97.792429,0.0,40.0,253.0,for_sale,1.0,1.0,0,0,0,1,0,52.0,0.3333333333333333
FOR_SALE,425000,3.0,2.0,1481.0,7697.0,1975.0,Austin,78745,30.199668,-97.781183,0.0,224.0,287.0,for_sale,2.0,1.0,0,0,0,1,0,51.0,0.6666666666666666
PENDING,259900,4.0,2.0,1643.0,14070.0,1981.0,Austin,78745,30.183325,-97.78784,0.0,317.0,158.0,for_sale,2.0,1.0,0,0,1,0,0,45.0,0.5
FOR_SALE,520000,8.0,4.0,2976.0,8930.0,1981.0,Austin,78745,30.206037,-97.762221,0.0,45.0,175.0,for_sale,2.0,2.0,0,0,1,0,0,45.0,0.5
FOR_SALE,975000,3.0,2.0,1604.0,19262.0,1946.0,Austin,78745,30.206745,-97.777626,0.0,53.0,608.0,for_sale,2.0,1.0,0,0,0,1,0,80.0,0.6666666666666666
FOR_SALE,339000,3.0,2.0,1228.0,8046.0,1975.0,Austin,78745,30.207596,-97.768339,0.0,57.0,276.0,for_sale,2.0,1.0,0,0,0,1,0,51.0,0.6666666666666666
FOR_SALE,499000,2.0,2.0,1224.0,7048.0,2025.0,Austin,78745,30.219075,-97.76548,595.0,86.0,408.0,for_sale,2.0,1.0,0,0,0,0,0,1.0,1.0
FOR_SALE,425000,4.0,2.0,1575.0,19572.0,1972.0,Austin,78745,30.21578,-97.810829,0.0,25.0,270.0,for_sale,2.0,1.0,0,0,0,1,0,54.0,0.5
FOR_SALE,299000,1.0,1.0,288.0,9104.0,2018.0,Austin,78745,30.200098,-97.836487,0.0,3.0,1038.0,for_sale,2.0,2.0,0,0,0,1,0,8.0,1.0
FOR_SALE,499000,3.0,2.0,1354.0,6490.0,1980.0,Austin,78745,30.212805,-97.824145,0.0,67.0,369.0,for_sale,2.0,1.0,0,0,0,1,0,46.0,0.6666666666666666
FOR_SALE,545000,4.0,2.0,1454.0,8751.0,1969.0,Austin,78745,30.218691,-97.798466,0.0,17.0,375.0,for_sale,2.0,1.0,0,0,0,1,0,57.0,0.5
FOR_SALE,1399500,5.0,5.0,3102.0,7340.0,2023.0,Austin,78745,30.220855,-97.787707,0.0,82.0,451.0,for_sale,2.0,3.0,0,0,0,1,0,3.0,1.0
FOR_SALE,319900,3.0,1.0,1338.0,14754.0,1972.0,Austin,78745,30.213037,-97.786058,0.0,9.0,239.0,for_sale,2.0,2.0,0,0,0,1,0,54.0,0.3333333333333333
FOR_SALE,535000,3.0,2.0,1816.0,8799.0,1971.0,Austin,78745,30.200698,-97.789949,0.0,9.0,295.0,for_sale,2.0,1.0,0,0,0,1,0,55.0,0.6666666666666666
FOR_SALE,339900,3.0,1.0,943.0,6412.0,1974.0,Austin,78745,30.200832,-97.777544,0.0,31.0,360.0,for_sale,1.0,1.0,0,0,0,1,0,52.0,0.3333333333333333
FOR_SALE,249000,2.0,2.0,1220.0,3703.0,2016.0,Austin,78745,30.185464,-97.793705,400.0,150.0,204.0,for_sale,2.0,2.0,0,0,0,0,0,10.0,1.0
FOR_SALE,599999,3.0,2.0,1257.0,12079.0,1982.0,Austin,78745,30.195488,-97.824559,0.0,8.0,477.0,for_sale,2.0,1.0,0,0,0,1,0,44.0,0.6666666666666666
FOR_SALE,199800,1.0,1.0,825.0,523.0,2016.0,Austin,78745,30.217958,-97.766581,458.0,100.0,242.0,for_sale,1.0,1.0,0,0,0,0,0,10.0,1.0
FOR_SALE,280350,2.0,2.0,1081.0,688.0,2016.0,Austin,78745,30.217958,-97.766581,700.0,2.0,259.0,for_sale,2.0,1.0,0,0,0,0,0,10.0,1.0
FOR_SALE,510000,3.0,2.0,1480.0,8233.0,1980.0,Austin,78745,30.196992,-97.811976,0.0,33.0,345.0,for_sale,2.0,1.0,0,0,0,1,0,46.0,0.6666666666666666
FOR_SALE,239999,2.0,2.0,1064.0,1917.0,2008.0,Austin,78745,30.209029,-97.817872,366.0,23.0,226.0,for_sale,2.0,1.0,0,0,0,0,0,18.0,1.0
FOR_SALE,164900,2.0,1.0,792.0,1629.0,1984.0,Austin,78745,30.208957,-97.785419,328.0,172.0,208.0,for_sale,2.0,2.0,0,0,0,0,0,42.0,0.5
FOR_SALE,450000,3.0,2.0,1380.0,11069.0,1979.0,Austin,78745,30.193611,-97.782408,0.0,2.0,326.0,for_sale,2.0,1.0,0,0,0,1,0,47.0,0.6666666666666666
FOR_SALE,450000,3.0,2.0,1216.0,7187.0,1981.0,Austin,78745,30.20339,-97.828416,0.0,4.0,370.0,for_sale,2.0,1.0,0,0,0,1,0,45.0,0.6666666666666666
FOR_SALE,550000,3.0,2.0,1679.0,10367.0,1984.0,Austin,78745,30.194658,-97.818943,0.0,97.0,328.0,for_sale,2.0,1.0,0,0,0,1,0,42.0,0.6666666666666666
PENDING,378000,3.0,2.0,1199.0,5619.0,1974.0,Austin,78745,30.19837,-97.798803,0.0,29.0,315.0,for_sale,2.0,1.0,0,0,0,1,0,52.0,0.6666666666666666
FOR_SALE,397000,3.0,2.0,1460.0,8276.0,1978.0,Austin,78745,30.191267,-97.782875,0.0,37.0,272.0,for_sale,2.0,1.0,0,0,0,1,0,48.0,0.6666666666666666
PENDING,159000,0.0,1.0,534.0,244.0,2025.0,Austin,78745,30.219075,-97.76548,88.0,208.0,298.0,for_sale,2.0,1.0,0,0,0,0,0,1.0,1.0
FOR_SALE,615000,4.0,2.0,2282.0,9021.0,2008.0,Austin,78745,30.213984,-97.806289,125.0,187.0,270.0,for_sale,2.0,2.0,0,0,0,1,0,18.0,0.5
FOR_SALE,399990,6.0,2.0,1656.0,11818.0,1982.0,Austin,78745,30.216322,-97.790591,0.0,32.0,242.0,for_sale,2.0,2.0,0,0,0,1,0,44.0,0.3333333333333333
FOR_SALE,775000,4.0,2.0,2044.0,12463.0,1968.0,Austin,78745,30.223143,-97.798317,0.0,24.0,379.0,for_sale,2.0,1.0,0,0,0,1,0,58.0,0.5
FOR_SALE,309990,3.0,1.0,934.0,7675.0,1971.0,Austin,78745,30.201456,-97.803077,41.0,103.0,332.0,for_sale,1.0,1.0,0,0,0,1,0,55.0,0.3333333333333333
FOR_SALE,299990,3.0,1.0,896.0,6891.0,1979.0,Austin,78745,30.201301,-97.835431,0.0,9.0,335.0,for_sale,1.0,1.0,0,0,0,1,0,47.0,0.3333333333333333
FOR_SALE,599998,3.0,2.0,1622.0,14566.0,1969.0,Austin,78745,30.200053,-97.786903,0.0,23.0,370.0,for_sale,1.0,1.0,0,0,0,1,0,57.0,0.6666666666666666
PENDING,249000,3.0,2.0,995.0,8403.0,1973.0,Austin,78745,30.204387,-97.791935,0.0,17.0,250.0,for_sale,1.0,1.0,0,0,0,1,0,53.0,0.6666666666666666
FOR_SALE,599000,3.0,2.0,1836.0,10062.0,1981.0,Austin,78745,30.199562,-97.812286,0.0,10.0,326.0,for_sale,2.0,2.0,0,0,0,1,0,45.0,0.6666666666666666
PENDING,376000,3.0,1.0,1182.0,8851.0,1969.0,Austin,78745,30.213724,-97.775769,0.0,59.0,318.0,for_sale,2.0,1.0,0,0,0,1,0,57.0,0.3333333333333333
FOR_SALE,549900,4.0,3.0,2072.0,4134.0,2015.0,Austin,78745,30.205989,-97.777674,133.0,2.0,265.0,for_sale,2.0,2.0,0,0,0,1,0,11.0,0.75
FOR_SALE,210000,1.0,1.0,825.0,527.0,2016.0,Austin,78745,30.217958,-97.766581,458.0,141.0,255.0,for_sale,1.0,1.0,0,0,0,0,0,10.0,1.0
PENDING,475000,3.0,2.0,1716.0,7841.0,1978.0,Austin,78745,30.191657,-97.789538,0.0,24.0,277.0,for_sale,2.0,2.0,0,0,0,1,0,48.0,0.6666666666666666
PENDING,482900,3.0,2.0,2166.0,4587.0,2004.0,Austin,78745,30.189301,-97.818981,45.0,123.0,223.0,for_sale,2.0,2.0,0,0,0,1,0,22.0,0.6666666666666666
PENDING,900000,3.0,3.0,2862.0,7096.0,2023.0,Austin,78745,30.222892,-97.784931,0.0,135.0,314.0,for_sale,1.0,2.0,0,0,0,1,0,3.0,1.0
FOR_SALE,450000,3.0,2.0,2205.0,6081.0,2008.0,Austin,78745,30.187634,-97.799966,29.0,95.0,204.0,for_sale,2.0,2.0,0,0,0,1,0,18.0,0.6666666666666666
FOR_SALE,550000,3.0,2.0,1314.0,7410.0,1977.0,Austin,78745,30.186865,-97.78528,0.0,7.0,419.0,for_sale,2.0,1.0,0,0,0,1,0,49.0,0.6666666666666666
FOR_SALE,225000,2.0,1.0,925.0,1982.0,1968.0,Austin,78745,30.228109,-97.802261,160.0,99.0,243.0,for_sale,2.0,2.0,0,0,0,0,0,58.0,0.5
FOR_SALE,800000,4.0,3.0,2084.0,10271.0,1960.0,Austin,78745,30.221304,-97.798137,0.0,17.0,384.0,for_sale,2.0,1.0,0,0,0,1,0,66.0,0.75
FOR_SALE,699000,3.0,2.0,2171.0,44000.0,1954.0,Austin,78745,30.185425,-97.775133,0.0,128.0,322.0,for_sale,2.0,1.0,0,0,0,1,0,72.0,0.6666666666666666
FOR_SALE,485000,3.0,2.0,1245.0,7449.0,1970.0,Austin,78745,30.203654,-97.811886,0.0,3.0,390.0,for_sale,2.0,1.0,0,0,0,1,0,56.0,0.6666666666666666
FOR_SALE,665000,4.0,3.0,1805.0,12358.0,1959.0,Austin,78745,30.229585,-97.792646,0.0,100.0,368.0,for_sale,2.0,1.0,0,0,0,1,0,67.0,0.75
FOR_SALE,115000,1.0,1.0,476.0,1141.0,1982.0,Austin,78745,30.209024,-97.816939,370.0,216.0,242.0,for_sale,2.0,1.0,0,0,0,0,0,44.0,1.0
FOR_SALE,565000,2.0,2.0,1210.0,7405.0,2023.0,Austin,78745,30.217672,-97.778012,41.0,5.0,467.0,for_sale,2.0,2.0,0,0,0,1,0,3.0,1.0
FOR_SALE,140000,2.0,1.0,749.0,1786.0,1982.0,Austin,78745,30.209024,-97.816939,430.0,8.0,187.0,for_sale,2.0,1.0,0,0,0,0,0,44.0,0.5
FOR_SALE,700000,4.0,2.0,1823.0,12497.0,1970.0,Austin,78745,30.216683,-97.8014,0.0,2.0,384.0,for_sale,3.0,1.0,0,0,0,1,0,56.0,0.5
FOR_SALE,650000,4.0,2.0,1803.0,18295.0,1991.0,Austin,78745,30.189806,-97.803397,0.0,4.0,361.0,for_sale,2.0,1.0,0,0,0,1,0,35.0,0.5
FOR_SALE,524900,4.0,2.0,1627.0,7858.0,1972.0,Austin,78745,30.205503,-97.767749,0.0,146.0,323.0,for_sale,2.0,1.0,0,0,0,1,0,54.0,0.5
FOR_SALE,639000,4.0,2.0,1816.0,8268.0,1978.0,Austin,78745,30.195498,-97.816085,0.0,44.0,352.0,for_sale,2.0,2.0,0,0,0,1,0,48.0,0.5
FOR_SALE,205000,2.0,2.0,866.0,3223.0,2021.0,Austin,78745,30.209236,-97.814253,260.0,181.0,237.0,for_sale,2.0,1.0,0,0,0,0,0,5.0,1.0
FOR_SALE,529000,4.0,2.0,1888.0,7126.0,1977.0,Austin,78745,30.212193,-97.817718,0.0,129.0,280.0,for_sale,2.0,1.0,0,0,0,1,0,49.0,0.5
FOR_SALE,575000,3.0,2.0,1515.0,8085.0,1986.0,Austin,78745,30.198902,-97.824186,0.0,59.0,380.0,for_sale,2.0,1.0,0,0,0,1,0,40.0,0.6666666666666666
FOR_SALE,348000,1.0,1.0,900.0,1481.0,2008.0,Austin,78745,30.213362,-97.76945,190.0,58.0,387.0,for_sale,1.0,2.0,0,0,0,0,0,18.0,1.0
FOR_SALE,499999,3.0,2.0,1610.0,7558.0,1981.0,Austin,78745,30.195925,-97.817157,0.0,48.0,311.0,for_sale,2.0,1.0,0,0,0,1,0,45.0,0.6666666666666666
FOR_SALE,499000,4.0,2.0,1994.0,13586.0,1971.0,Austin,78745,30.209706,-97.789008,0.0,34.0,250.0,for_sale,2.0,1.0,0,0,0,1,0,55.0,0.5
FOR_SALE,515000,3.0,2.0,1176.0,7510.0,1964.0,Austin,78745,30.22011,-97.786112,0.0,31.0,438.0,for_sale,2.0,1.0,0,0,0,1,0,62.0,0.6666666666666666
FOR_SALE,629900,3.0,2.0,1614.0,12807.0,1969.0,Austin,78745,30.216677,-97.804197,0.0,69.0,390.0,for_sale,2.0,1.0,0,0,0,1,0,57.0,0.6666666666666666
PENDING,649000,3.0,2.0,1809.0,9392.0,1981.0,Austin,78745,30.197869,-97.817926,0.0,17.0,359.0,for_sale,2.0,1.0,0,0,0,1,0,45.0,0.6666666666666666
FOR_SALE,384888,3.0,2.0,1064.0,7832.0,1971.0,Austin,78745,30.200756,-97.79014,0.0,30.0,362.0,for_sale,1.0,1.0,0,0,0,1,0,55.0,0.6666666666666666
FOR_SALE,420000,3.0,2.0,1313.0,8425.0,1979.0,Austin,78745,30.189143,-97.790199,0.0,66.0,320.0,for_sale,2.0,1.0,0,0,0,1,0,47.0,0.6666666666666666
FOR_SALE,595000,3.0,2.0,1434.0,11326.0,1976.0,Austin,78745,30.216392,-97.813648,0.0,23.0,415.0,for_sale,2.0,1.0,0,0,0,1,0,50.0,0.6666666666666666
PENDING,350000,3.0,2.0,1336.0,5750.0,2000.0,Austin,78745,30.186586,-97.814524,71.0,31.0,262.0,for_sale,2.0,1.0,0,0,0,1,0,26.0,0.6666666666666666
FOR_SALE,435000,3.0,2.0,1277.0,6621.0,1971.0,Austin,78745,30.196009,-97.790979,0.0,79.0,341.0,for_sale,2.0,1.0,0,0,0,1,0,55.0,0.6666666666666666
FOR_SALE,350000,3.0,2.0,1552.0,6665.0,1973.0,Austin,78745,30.196003,-97.789237,0.0,131.0,226.0,for_sale,2.0,1.0,0,0,0,1,0,53.0,0.6666666666666666
FOR_SALE,475000,3.0,2.0,1056.0,7065.0,1975.0,Austin,78745,30.200866,-97.836991,0.0,2.0,450.0,for_sale,1.0,1.0,0,0,0,1,0,51.0,0.6666666666666666
PENDING,487000,3.0,2.0,1625.0,8795.0,1976.0,Austin,78745,30.200224,-97.815643,0.0,105.0,300.0,for_sale,1.0,1.0,0,0,0,1,0,50.0,0.6666666666666666
FOR_SALE,1125000,4.0,3.0,2260.0,5040.0,2022.0,Austin,78745,30.219825,-97.774984,0.0,77.0,498.0,for_sale,1.0,2.0,0,0,0,1,0,4.0,0.75
FOR_SALE,465000,3.0,2.0,1275.0,11478.0,1973.0,Austin,78745,30.207461,-97.766323,0.0,115.0,365.0,for_sale,2.0,1.0,0,0,0,1,0,53.0,0.6666666666666666
FOR_SALE,299000,3.0,1.0,962.0,6765.0,1969.0,Austin,78745,30.205818,-97.780151,0.0,264.0,311.0,for_sale,2.0,1.0,0,0,0,1,0,57.0,0.3333333333333333
FOR_SALE,435000,3.0,2.0,1478.0,7087.0,1978.0,Austin,78745,30.205717,-97.796662,0.0,41.0,294.0,for_sale,2.0,1.0,0,0,0,1,0,48.0,0.6666666666666666
PENDING,799000,3.0,2.0,1664.0,10812.0,2026.0,Austin,78745,30.225092,-97.782631,41.0,48.0,480.0,for_sale,2.0,2.0,0,0,0,0,0,0.0,0.6666666666666666
FOR_SALE,320000,3.0,1.0,996.0,6543.0,1971.0,Austin,78745,30.201549,-97.779636,0.0,58.0,321.0,for_sale,2.0,1.0,0,0,0,1,0,55.0,0.3333333333333333
SOLD,417990,3.0,2.0,1698.0,928.0,2026.0,Austin,78745,30.186837,-97.808301,182.0,184.0,343.0,sold,2.0,2.0,0,0,0,0,1,0.0,0.6666666666666666
SOLD,338000,3.0,2.0,1093.0,8899.0,1989.0,Austin,78745,30.197284,-97.82542,0.0,21.0,343.0,sold,2.0,1.0,0,0,0,1,0,37.0,0.6666666666666666
SOLD,399990,3.0,2.0,1583.0,928.0,2026.0,Austin,78745,30.186854,-97.807743,182.0,155.0,343.0,sold,2.0,2.0,0,0,0,0,1,0.0,0.6666666666666666
SOLD,699000,6.0,4.0,3481.0,24245.0,2002.0,Austin,78745,30.21887,-97.807936,0.0,136.0,343.0,sold,4.0,2.0,0,0,1,0,0,24.0,0.6666666666666666
SOLD,416990,3.0,2.0,1698.0,871.0,2026.0,Austin,78745,30.186844,-97.807661,182.0,155.0,343.0,sold,2.0,2.0,0,0,0,0,1,0.0,0.6666666666666666
SOLD,384900,3.0,2.0,2067.0,5593.0,2003.0,Austin,78745,30.200515,-97.797277,300.0,113.0,343.0,sold,2.0,2.0,0,0,0,0,0,23.0,0.6666666666666666
SOLD,509950,4.0,4.0,1932.0,7601.0,1981.0,Austin,78745,30.202319,-97.791272,0.0,74.0,343.0,sold,2.0,1.0,0,0,1,0,0,45.0,1.0
SOLD,570000,3.0,2.0,1275.0,10642.0,1971.0,Austin,78745,30.216811,-97.808951,0.0,58.0,343.0,sold,2.0,1.0,0,0,0,1,0,55.0,0.6666666666666666
SOLD,255000,2.0,1.0,1061.0,7144.0,1981.0,Austin,78745,30.19736,-97.801264,95.0,49.0,343.0,sold,2.0,2.0,0,0,0,0,0,45.0,0.5
SOLD,509000,3.0,2.0,1420.0,10955.0,1976.0,Austin,78745,30.213482,-97.814213,0.0,38.0,343.0,sold,2.0,1.0,0,0,0,1,0,50.0,0.6666666666666666
SOLD,349000,2.0,2.0,1317.0,5593.0,2010.0,Austin,78745,30.200515,-97.797277,300.0,24.0,343.0,sold,2.0,1.0,0,0,0,1,0,16.0,1.0
SOLD,545000,3.0,2.0,2074.0,10803.0,2006.0,Austin,78745,30.208651,-97.763164,23.0,59.0,343.0,sold,2.0,2.0,0,0,0,1,0,20.0,0.6666666666666666
SOLD,475000,3.0,2.0,1431.0,9021.0,2008.0,Austin,78745,30.212652,-97.804073,125.0,22.0,343.0,sold,1.0,1.0,0,0,0,1,0,18.0,0.6666666666666666
SOLD,650000,4.0,2.0,2419.0,5924.0,2004.0,Austin,78745,30.187966,-97.817907,45.0,37.0,343.0,sold,2.0,2.0,0,0,0,1,0,22.0,0.5
SOLD,199900,3.0,2.0,1770.5,22651.0,1993.0,Austin,78745,30.203469,-97.772728,41.0,18.0,343.0,sold,2.0,1.0,1,0,0,0,0,33.0,0.6666666666666666
SOLD,375000,2.0,2.0,1298.0,3354.0,2024.0,Austin,78745,30.193211,-97.771065,195.0,136.0,343.0,sold,2.0,2.0,0,0,0,1,0,2.0,1.0
SOLD,382500,3.0,2.0,1214.0,7732.0,1976.0,Austin,78745,30.187586,-97.786191,0.0,24.0,343.0,sold,2.0,1.0,0,0,0,1,0,50.0,0.6666666666666666
SOLD,324900,3.0,2.0,1376.0,10603.0,1957.0,Austin,78745,30.225438,-97.793369,0.0,33.0,343.0,sold,2.0,1.0,0,0,0,1,0,69.0,0.6666666666666666
SOLD,467500,6.0,4.0,2268.0,7479.0,2002.0,Austin,78745,30.19696,-97.805481,0.0,30.0,343.0,sold,1.0,1.0,0,0,1,0,0,24.0,0.6666666666666666
SOLD,409000,3.0,1.0,1612.0,7200.0,1959.0,Austin,78745,30.222433,-97.789589,0.0,60.0,343.0,sold,1.0,1.0,0,0,0,1,0,67.0,0.3333333333333333
SOLD,285000,2.0,1.0,988.0,6325.0,1982.0,Austin,78745,30.218007,-97.807395,320.0,34.0,343.0,sold,2.0,1.0,0,0,0,1,0,44.0,0.5
SOLD,800000,3.0,2.0,1770.5,21741.0,1993.0,Austin,78745,30.226492,-97.780762,0.0,77.0,343.0,sold,2.0,1.0,1,0,0,0,0,33.0,0.6666666666666666
SOLD,650000,3.0,2.0,1560.0,8320.0,1968.0,Austin,78745,30.211527,-97.776811,0.0,28.0,343.0,sold,1.0,1.0,0,0,0,1,0,58.0,0.6666666666666666
SOLD,454000,3.0,2.0,1459.0,8054.0,1979.0,Austin,78745,30.186203,-97.78901,0.0,137.0,343.0,sold,2.0,2.0,0,0,0,1,0,47.0,0.6666666666666666
SOLD,450000,3.0,2.0,1129.0,7092.0,1972.0,Austin,78745,30.215868,-97.785732,0.0,40.0,343.0,sold,2.0,1.0,0,0,0,1,0,54.0,0.6666666666666666
SOLD,310000,3.0,2.0,1103.0,7231.0,1979.0,Austin,78745,30.200475,-97.781864,0.0,32.0,343.0,sold,1.0,1.0,0,0,0,1,0,47.0,0.6666666666666666
SOLD,485000,3.0,2.0,1384.0,12358.0,1982.0,Austin,78745,30.194137,-97.825526,0.0,52.0,343.0,sold,2.0,1.0,0,0,0,1,0,44.0,0.6666666666666666
SOLD,360000,3.0,2.0,2022.0,9862.0,1975.0,Austin,78745,30.197071,-97.778752,0.0,111.0,343.0,sold,2.0,1.0,0,0,0,1,0,51.0,0.6666666666666666
SOLD,474000,3.0,2.0,1250.0,7527.0,1980.0,Austin,78745,30.204816,-97.82711,0.0,24.0,343.0,sold,2.0,1.0,0,0,0,1,0,46.0,0.6666666666666666
SOLD,649900,2.0,2.0,1716.0,4443.0,2009.0,Austin,78745,30.223752,-97.780692,41.0,42.0,343.0,sold,2.0,2.0,0,0,0,0,0,17.0,1.0
SOLD,349000,3.0,2.0,1620.0,6003.0,1978.0,Austin,78745,30.190372,-97.789477,0.0,56.0,343.0,sold,2.0,2.0,0,0,0,1,0,48.0,0.6666666666666666
SOLD,349900,3.0,1.0,1358.0,10341.0,1970.0,Austin,78745,30.204433,-97.784814,0.0,45.0,343.0,sold,1.0,1.0,0,0,0,1,0,56.0,0.3333333333333333
SOLD,459000,3.0,2.0,1353.0,8451.0,1966.0,Austin,78745,30.210866,-97.801375,0.0,75.0,343.0,sold,2.0,1.0,0,0,0,1,0,60.0,0.6666666666666666
SOLD,474990,3.0,2.0,2150.0,7588.0,2026.0,Austin,78745,30.186512,-97.807538,182.0,161.0,343.0,sold,2.0,2.0,0,0,0,1,0,0.0,0.6666666666666666
SOLD,405990,3.0,2.0,1583.0,915.0,2026.0,Austin,78745,30.186838,-97.808385,182.0,139.0,343.0,sold,2.0,2.0,0,0,0,0,1,0.0,0.6666666666666666
SOLD,725000,4.0,2.0,1909.0,6521.0,1982.0,Austin,78745,30.197115,-97.81989,0.0,40.0,343.0,sold,2.0,1.0,0,0,0,1,0,44.0,0.5
SOLD,455990,3.0,2.0,1698.0,928.0,2026.0,Austin,78745,30.186848,-97.807985,182.0,168.0,343.0,sold,2.0,2.0,0,0,0,0,1,0.0,0.6666666666666666
SOLD,529900,3.0,2.0,2166.0,4800.0,2004.0,Austin,78745,30.187702,-97.81675,45.0,39.0,343.0,sold,2.0,2.0,0,0,0,1,0,22.0,0.6666666666666666
SOLD,432500,2.0,2.0,1671.0,6220.0,2004.0,Austin,78745,30.219136,-97.793169,275.0,81.0,343.0,sold,1.0,2.0,0,0,0,0,1,22.0,1.0
SOLD,900000,4.0,3.0,2400.0,9657.0,1967.0,Austin,78745,30.223331,-97.796713,0.0,24.0,343.0,sold,2.0,2.0,0,0,0,1,0,59.0,0.75
SOLD,1200000,3.0,3.0,2500.0,38333.0,2005.0,Sunset Valley,78745,30.222895,-97.809349,0.0,58.0,343.0,sold,2.0,2.0,0,0,0,1,0,21.0,1.0
SOLD,595000,4.0,3.0,1676.0,7105.0,1975.0,Austin,78745,30.206752,-97.769645,0.0,45.0,343.0,sold,2.0,1.0,0,0,0,1,0,51.0,0.75
SOLD,670000,3.0,2.0,1550.0,7484.0,1976.0,Austin,78745,30.203372,-97.818428,0.0,21.0,343.0,sold,2.0,1.0,0,0,0,1,0,50.0,0.6666666666666666
SOLD,535000,4.0,2.0,2176.0,8207.0,1983.0,Austin,78745,30.196497,-97.8228,0.0,137.0,343.0,sold,2.0,2.0,0,0,0,1,0,43.0,0.5
SOLD,299000,3.0,2.0,1422.0,3550.0,1978.0,Austin,78745,30.199557,-97.799001,0.0,99.0,343.0,sold,2.0,2.0,0,0,0,0,1,48.0,0.6666666666666666
SOLD,409900,3.0,2.0,1224.0,6512.0,1973.0,Austin,78745,30.207909,-97.810226,0.0,55.0,343.0,sold,1.0,1.0,0,0,0,1,0,53.0,0.6666666666666666
SOLD,359000,3.0,2.0,1091.0,9291.0,1979.0,Austin,78745,30.209735,-97.795572,0.0,70.0,343.0,sold,2.0,1.0,0,0,0,1,0,47.0,0.6666666666666666
SOLD,680000,3.0,2.0,1575.0,6839.0,1981.0,Austin,78745,30.212211,-97.824938,0.0,74.0,343.0,sold,2.0,1.0,0,0,0,1,0,45.0,0.6666666666666666
SOLD,529999,4.0,2.0,1599.0,10890.0,2026.0,Austin,78745,30.198271,-97.782974,41.0,39.0,343.0,sold,1.0,2.0,0,0,0,1,0,0.0,0.5
SOLD,360000,3.0,1.0,1002.0,7423.0,1965.0,Austin,78745,30.213146,-97.766753,0.0,72.0,343.0,sold,2.0,1.0,0,0,0,1,0,61.0,0.3333333333333333
SOLD,499000,3.0,2.0,2379.0,6926.0,2001.0,Austin,78745,30.187499,-97.813871,33.0,35.0,343.0,sold,2.0,2.0,0,0,0,1,0,25.0,0.6666666666666666
SOLD,272000,3.0,2.0,1103.0,8233.0,1972.0,Austin,78745,30.216373,-97.786387,0.0,70.0,343.0,sold,1.0,1.0,0,0,0,1,0,54.0,0.6666666666666666
SOLD,775000,4.0,2.0,2426.0,9988.0,2020.0,Austin,78745,30.222712,-97.779371,0.0,119.0,343.0,sold,1.0,2.0,0,0,0,1,0,6.0,0.5
SOLD,495000,4.0,2.0,1895.0,17515.0,1976.0,Austin,78745,30.196238,-97.783983,0.0,48.0,343.0,sold,2.0,2.0,0,0,0,1,0,50.0,0.5
SOLD,480000,3.0,2.0,1382.0,7789.0,1962.0,Austin,78745,30.220267,-97.782716,0.0,89.0,343.0,sold,1.0,1.0,0,0,0,1,0,64.0,0.6666666666666666
SOLD,425000,3.0,2.0,1303.0,7710.0,1975.0,Austin,78745,30.196807,-97.800024,0.0,42.0,343.0,sold,2.0,1.0,0,0,0,1,0,51.0,0.6666666666666666
SOLD,375000,2.0,1.0,1043.0,8438.0,1964.0,Austin,78745,30.213585,-97.765594,0.0,101.0,343.0,sold,2.0,1.0,0,0,0,1,0,62.0,0.5
SOLD,479000,4.0,2.0,1921.0,7296.0,1979.0,Austin,78745,30.206115,-97.833651,0.0,116.0,343.0,sold,2.0,2.0,0,0,0,1,0,47.0,0.5
SOLD,575000,3.0,2.0,1666.0,12284.0,1968.0,Austin,78745,30.213716,-97.801345,0.0,61.0,343.0,sold,2.0,1.0,0,0,0,1,0,58.0,0.6666666666666666
SOLD,499900,3.0,2.0,1343.0,6072.0,1972.0,Austin,78745,30.21235,-97.81239,0.0,102.0,343.0,sold,1.0,1.0,0,0,0,1,0,54.0,0.6666666666666666
SOLD,400000,3.0,2.0,1224.0,7479.0,1981.0,Austin,78745,30.191839,-97.821953,0.0,40.0,343.0,sold,2.0,1.0,0,0,0,1,0,45.0,0.6666666666666666
SOLD,390000,4.0,2.0,2080.0,6608.0,2016.0,Austin,78745,30.189492,-97.793891,225.0,68.0,343.0,sold,2.0,2.0,0,0,0,1,0,10.0,0.5
SOLD,575000,4.0,3.0,2875.0,5985.0,2010.0,Austin,78745,30.18769,-97.798442,29.0,66.0,343.0,sold,2.0,2.0,0,0,0,1,0,16.0,0.75
SOLD,525000,4.0,2.0,1664.0,11064.0,1980.0,Austin,78745,30.211757,-97.782171,0.0,73.0,343.0,sold,2.0,1.0,0,0,1,0,0,46.0,0.5
SOLD,274000,2.0,1.0,1044.0,4042.0,1982.0,Austin,78745,30.198424,-97.800531,4.0,182.0,343.0,sold,2.0,2.0,0,0,0,0,0,44.0,0.5
SOLD,475000,3.0,2.0,1691.0,8329.0,1978.0,Austin,78745,30.193953,-97.822898,0.0,72.0,343.0,sold,2.0,1.0,0,0,0,1,0,48.0,0.6666666666666666
SOLD,699900,4.0,2.0,2107.0,9021.0,2007.0,Austin,78745,30.214066,-97.805313,125.0,39.0,343.0,sold,2.0,2.0,0,0,0,1,0,19.0,0.5
SOLD,1150000,4.0,3.0,3172.0,15028.0,2009.0,Austin,78745,30.217395,-97.771705,0.0,74.0,343.0,sold,2.0,2.0,0,0,0,1,0,17.0,0.75
SOLD,315900,2.0,2.0,1226.0,6325.0,1982.0,Austin,78745,30.218517,-97.80658,322.0,76.0,343.0,sold,2.0,1.0,0,0,0,0,0,44.0,1.0
SOLD,1695000,5.0,4.0,3453.0,11151.0,2026.0,Austin,78745,30.223092,-97.788868,0.0,138.0,343.0,sold,2.0,1.0,0,0,0,1,0,0.0,0.8
SOLD,599900,3.0,2.0,1916.0,6316.0,1974.0,Austin,78745,30.20774,-97.811017,0.0,98.0,343.0,sold,2.0,1.0,0,0,0,1,0,52.0,0.6666666666666666
SOLD,224900,3.0,2.0,1512.0,12428.0,1995.0,Austin,78745,30.184598,-97.793983,0.0,283.0,343.0,sold,2.0,1.0,0,1,0,0,0,31.0,0.6666666666666666
SOLD,375000,3.0,1.0,920.0,8215.0,1969.0,Austin,78745,30.210672,-97.769,0.0,96.0,343.0,sold,1.0,1.0,0,0,0,1,0,57.0,0.3333333333333333
SOLD,449900,3.0,3.0,1886.0,4474.0,2018.0,Austin,78745,30.204087,-97.807256,230.0,125.0,343.0,sold,2.0,2.0,0,0,0,0,0,8.0,1.0
SOLD,349990,3.0,2.0,1162.0,13809.0,1972.0,Austin,78745,30.215228,-97.786374,0.0,40.0,343.0,sold,2.0,1.0,0,0,0,1,0,54.0,0.6666666666666666
SOLD,575000,3.0,2.0,1623.0,8973.0,1981.0,Austin,78745,30.197164,-97.816324,0.0,76.0,343.0,sold,2.0,1.0,0,0,0,1,0,45.0,0.6666666666666666
SOLD,1050000,4.0,3.0,2043.0,4029.0,2021.0,Austin,78745,30.223149,-97.781064,41.0,52.0,343.0,sold,2.0,2.0,0,0,0,1,0,5.0,0.75
SOLD,405000,3.0,2.0,1736.0,5114.0,2019.0,Austin,78745,30.187191,-97.782011,0.0,74.0,343.0,sold,1.0,2.0,0,0,0,0,0,7.0,0.6666666666666666
SOLD,389000,3.0,2.0,1427.0,6368.0,1973.0,Austin,78745,30.195884,-97.789989,0.0,165.0,343.0,sold,2.0,1.0,0,0,0,1,0,53.0,0.6666666666666666
SOLD,457500,3.0,2.0,1250.0,8612.0,1972.0,Austin,78745,30.216368,-97.784944,0.0,46.0,343.0,sold,1.0,1.0,0,0,0,1,0,54.0,0.6666666666666666
SOLD,425000,3.0,2.0,1101.0,6865.0,1969.0,Austin,78745,30.20407,-97.781386,0.0,74.0,343.0,sold,1.0,1.0,0,0,0,1,0,57.0,0.6666666666666666
SOLD,425000,3.0,2.0,1417.0,7980.0,1975.0,Austin,78745,30.203799,-97.816469,0.0,25.0,343.0,sold,2.0,1.0,0,0,0,1,0,51.0,0.6666666666666666
SOLD,899900,3.0,2.0,1810.0,11029.0,1957.0,Austin,78745,30.225286,-97.793788,0.0,31.0,343.0,sold,1.0,1.0,0,0,0,1,0,69.0,0.6666666666666666
SOLD,390000,3.0,2.0,1316.0,8873.0,1975.0,Austin,78745,30.204854,-97.812352,0.0,36.0,343.0,sold,2.0,1.0,0,0,0,1,0,51.0,0.6666666666666666
SOLD,374000,2.0,1.0,1100.0,16117.0,2025.0,Austin,78745,30.189793,-97.824913,41.0,438.0,343.0,sold,2.0,2.0,0,0,0,0,0,1.0,0.5
PENDING,749000,4.0,2.0,2627.0,13547.0,1996.0,Austin,78750,30.44335,-97.802275,0.0,6.0,285.0,for_sale,2.0,1.0,0,0,0,1,0,30.0,0.5
FOR_SALE,350000,3.0,2.0,1607.0,1446.0,2007.0,Austin,78750,30.463041,-97.800308,152.0,51.0,218.0,for_sale,2.0,2.0,0,0,0,1,0,19.0,0.6666666666666666
FOR_SALE,765000,4.0,2.0,2444.0,12345.0,1982.0,Austin,78750,30.425406,-97.803849,0.0,3.0,313.0,for_sale,2.0,2.0,0,0,0,1,0,44.0,0.5
FOR_SALE,949000,4.0,3.0,3394.0,9444.0,1996.0,Austin,78750,30.393103,-97.801581,11.0,45.0,280.0,for_sale,2.0,2.0,0,0,0,1,0,30.0,0.75
FOR_SALE,775000,4.0,2.0,2333.0,10729.0,1985.0,Austin,78750,30.430059,-97.796166,3.0,10.0,332.0,for_sale,2.0,1.0,0,0,0,1,0,41.0,0.5
PENDING,799900,4.0,2.0,3003.0,14231.0,1974.0,Austin,78750,30.442227,-97.798648,4.0,101.0,266.0,for_sale,2.0,2.0,0,0,0,1,0,52.0,0.5
FOR_SALE,1300000,4.0,2.0,2989.0,12319.0,1981.0,Austin,78750,30.443692,-97.808092,41.0,10.0,435.0,for_sale,2.0,1.0,0,0,0,1,0,45.0,0.5
PENDING,769900,5.0,3.0,2416.0,16509.0,1977.0,Austin,78750,30.438316,-97.795858,0.0,19.0,319.0,for_sale,2.0,2.0,0,0,0,1,0,49.0,0.6
FOR_SALE,165000,2.0,2.0,952.0,1368.0,1990.0,Austin,78750,30.461422,-97.802417,290.0,51.0,173.0,for_sale,2.0,1.0,0,0,0,0,0,36.0,1.0
FOR_SALE,495000,4.0,3.0,1641.0,7187.0,1975.0,Austin,78750,30.454079,-97.798826,0.0,6.0,302.0,for_sale,2.0,1.0,0,0,0,1,0,51.0,0.75
FOR_SALE,385000,2.0,2.0,1526.0,6116.0,1983.0,Austin,78750,30.441994,-97.806236,366.0,66.0,252.0,for_sale,2.0,2.0,0,0,0,0,0,43.0,1.0
FOR_SALE,189900,2.0,2.0,952.0,7048.0,1990.0,Austin,78750,30.461468,-97.802444,315.0,5.0,199.0,for_sale,2.0,1.0,0,0,0,0,0,36.0,1.0
PENDING,875000,4.0,2.0,2376.0,17089.0,1983.0,Austin,78750,30.42358,-97.79509,4.0,23.0,368.0,for_sale,2.0,1.0,0,0,0,1,0,43.0,0.5
PENDING,899000,4.0,2.0,2510.0,14819.0,1978.0,Austin,78750,30.434692,-97.806612,4.0,46.0,358.0,for_sale,2.0,1.0,0,0,0,1,0,48.0,0.5
FOR_SALE,475000,3.0,2.0,1854.0,7048.0,2004.0,Austin,78750,30.420987,-97.796294,245.0,13.0,256.0,for_sale,2.0,2.0,0,0,0,0,0,22.0,0.6666666666666666
PENDING,525000,5.0,3.0,2100.0,9583.0,1976.0,Austin,78750,30.458857,-97.808786,0.0,33.0,250.0,for_sale,2.0,1.0,0,0,0,1,0,50.0,0.6
FOR_SALE,149000,2.0,2.0,952.0,1350.0,1990.0,Austin,78750,30.459928,-97.800319,290.0,158.0,157.0,for_sale,2.0,1.0,0,0,0,0,0,36.0,1.0
FOR_SALE,945000,3.0,2.0,2382.0,19132.0,1972.0,Austin,78750,30.436424,-97.783578,4.0,48.0,397.0,for_sale,2.0,1.0,0,0,0,1,0,54.0,0.6666666666666666
PENDING,1000000,4.0,2.0,2203.0,16392.0,1976.0,Austin,78750,30.436651,-97.804651,2.0,16.0,454.0,for_sale,2.0,1.0,0,0,0,1,0,50.0,0.5
FOR_SALE,899999,3.0,2.0,2442.0,13643.0,1978.0,Austin,78750,30.431408,-97.807442,0.0,27.0,369.0,for_sale,2.0,2.0,0,0,0,1,0,48.0,0.6666666666666666
PENDING,399999,4.0,2.0,1681.0,7958.0,1975.0,Austin,78750,30.461792,-97.80499,0.0,21.0,238.0,for_sale,1.0,1.0,0,0,0,1,0,51.0,0.5
PENDING,874000,3.0,2.0,2710.0,38847.0,1989.0,Austin,78750,30.380382,-97.796638,10.0,10.0,323.0,for_sale,2.0,2.0,0,0,0,1,0,37.0,0.6666666666666666
PENDING,675000,3.0,2.0,2004.0,6081.0,1983.0,Austin,78750,30.37622,-97.787454,53.0,26.0,337.0,for_sale,2.0,2.0,0,0,0,1,0,43.0,0.6666666666666666
PENDING,364900,4.0,2.0,1290.0,7836.0,1975.0,Austin,78750,30.455122,-97.800844,0.0,53.0,283.0,for_sale,2.0,1.0,0,0,0,1,0,51.0,0.5
FOR_SALE,250000,2.0,1.0,1140.0,1307.0,1981.0,Austin,78750,30.455795,-97.807776,370.0,51.0,219.0,for_sale,2.0,2.0,0,0,0,0,0,45.0,0.5
FOR_SALE,188000,2.0,2.0,853.0,2091.0,1982.0,Austin,78750,30.438069,-97.779615,296.0,7.0,220.0,for_sale,2.0,1.0,0,0,0,0,0,44.0,1.0
FOR_SALE,699900,3.0,2.0,2031.0,9270.0,1983.0,Austin,78750,30.426014,-97.795223,0.0,91.0,345.0,for_sale,2.0,2.0,0,0,0,1,0,43.0,0.6666666666666666
FOR_SALE,270000,3.0,2.0,1356.0,7048.0,1981.0,Austin,78750,30.454842,-97.807785,370.0,31.0,199.0,for_sale,2.0,2.0,0,0,0,0,0,45.0,0.6666666666666666
PENDING,1149900,4.0,3.0,3145.0,12942.0,1996.0,Austin,78750,30.391023,-97.804337,0.0,30.0,366.0,for_sale,2.0,2.0,0,0,0,1,0,30.0,0.75
FOR_SALE,140000,2.0,1.0,796.0,7048.0,1984.0,Austin,78750,30.460962,-97.802496,200.0,60.0,176.0,for_sale,2.0,1.0,0,0,0,0,0,42.0,0.5
FOR_SALE,798000,3.0,2.0,2575.0,14418.0,1970.0,Austin,78750,30.43841,-97.786557,0.0,24.0,310.0,for_sale,2.0,2.0,0,0,0,1,0,56.0,0.6666666666666666
FOR_SALE,269000,2.0,2.0,1432.0,7048.0,1978.0,Austin,78750,30.436317,-97.777469,328.0,73.0,188.0,for_sale,2.0,2.0,0,0,0,0,0,48.0,1.0
FOR_SALE,799990,4.0,3.0,3735.0,11979.0,2002.0,Austin,78750,30.450252,-97.816134,44.0,123.0,214.0,for_sale,2.0,2.0,0,0,0,1,0,24.0,0.75
FOR_SALE,1189000,4.0,3.0,3248.0,20399.0,1983.0,Austin,78750,30.373739,-97.795857,21.0,58.0,366.0,for_sale,2.0,2.0,0,0,0,1,0,43.0,0.75
FOR_SALE,620000,2.0,2.0,1500.0,4765.0,1983.0,Austin,78750,30.37537,-97.789838,62.0,20.0,413.0,for_sale,2.0,2.0,0,0,0,1,0,43.0,1.0
FOR_SALE,305000,3.0,2.0,1063.0,6403.0,1975.0,Austin,78750,30.454947,-97.800855,0.0,4.0,287.0,for_sale,2.0,1.0,0,0,0,1,0,51.0,0.6666666666666666
PENDING,489000,4.0,3.0,2518.0,6368.0,2013.0,Austin,78750,30.392481,-97.827673,325.0,17.0,194.0,for_sale,2.0,2.0,0,0,0,0,0,13.0,0.75
FOR_SALE,390000,2.0,2.0,1240.0,7584.0,1980.0,Austin,78750,30.458037,-97.813531,0.0,114.0,315.0,for_sale,2.0,1.0,0,0,0,1,0,46.0,1.0
PENDING,939000,4.0,2.0,2358.0,10119.0,1983.0,Austin,78750,30.375025,-97.796924,0.0,19.0,398.0,for_sale,2.0,2.0,0,0,0,1,0,43.0,0.5
FOR_SALE,975000,4.0,2.0,2586.0,12014.0,1985.0,Austin,78750,30.430289,-97.797341,3.0,17.0,377.0,for_sale,4.0,2.0,0,0,0,1,0,41.0,0.5
PENDING,189000,2.0,2.0,952.0,1316.0,1990.0,Austin,78750,30.460609,-97.800072,290.0,31.0,199.0,for_sale,2.0,1.0,0,0,0,0,0,36.0,1.0
FOR_SALE,1075000,4.0,2.0,3111.0,14183.0,1975.0,Austin,78750,30.433171,-97.800278,0.0,30.0,346.0,for_sale,2.0,2.0,0,0,0,1,0,51.0,0.5
FOR_SALE,420000,4.0,2.0,1871.0,10319.0,1976.0,Austin,78750,30.451671,-97.806511,0.0,54.0,224.0,for_sale,2.0,1.0,0,0,0,1,0,50.0,0.5
PENDING,895000,3.0,2.0,2332.0,13678.0,1983.0,Austin,78750,30.445538,-97.809564,4.0,31.0,384.0,for_sale,2.0,1.0,0,0,0,1,0,43.0,0.6666666666666666
PENDING,799000,3.0,2.0,2095.0,5728.0,1981.0,Austin,78750,30.377037,-97.788625,62.0,87.0,381.0,for_sale,2.0,1.0,0,0,0,1,0,45.0,0.6666666666666666
FOR_SALE,859000,4.0,2.0,2650.0,10864.0,1983.0,Austin,78750,30.431103,-97.796104,3.0,66.0,324.0,for_sale,2.0,2.0,0,0,0,1,0,43.0,0.5
PENDING,285000,2.0,2.0,1374.0,7048.0,1981.0,Austin,78750,30.454723,-97.808472,375.0,59.0,207.0,for_sale,2.0,1.0,0,0,0,0,0,45.0,1.0
FOR_SALE,325000,3.0,2.0,1332.0,7013.0,1976.0,Austin,78750,30.451661,-97.801025,0.0,23.0,244.0,for_sale,2.0,1.0,0,0,0,1,0,50.0,0.6666666666666666
FOR_SALE,369000,3.0,2.0,1274.0,7048.0,2007.0,Austin,78750,30.451139,-97.795512,225.0,52.0,290.0,for_sale,1.0,1.0,0,0,0,0,0,19.0,0.6666666666666666
FOR_SALE,189900,2.0,2.0,952.0,7048.0,1990.0,Austin,78750,30.461468,-97.802444,290.0,5.0,199.0,for_sale,2.0,1.0,0,0,0,0,0,36.0,1.0
FOR_SALE,499000,4.0,2.0,2429.0,6098.0,2011.0,Austin,78750,30.394011,-97.828399,328.0,69.0,205.0,for_sale,2.0,2.0,0,0,0,0,0,15.0,0.5
PENDING,819900,4.0,2.0,2682.0,16318.0,1983.0,Austin,78750,30.419913,-97.801249,0.0,121.0,306.0,for_sale,3.0,2.0,0,0,0,1,0,43.0,0.5
FOR_SALE,369000,4.0,2.0,1385.0,6604.0,1971.0,Austin,78750,30.450648,-97.798334,0.0,53.0,266.0,for_sale,2.0,1.0,0,0,0,1,0,55.0,0.5
FOR_SALE,615000,4.0,2.0,2309.0,9932.0,1978.0,Austin,78750,30.462201,-97.806419,0.0,67.0,266.0,for_sale,2.0,1.0,0,0,0,1,0,48.0,0.5
PENDING,299000,3.0,2.0,1382.0,7048.0,2001.0,Austin,78750,30.450886,-97.814795,467.0,29.0,216.0,for_sale,1.0,2.0,0,0,0,0,0,25.0,0.6666666666666666
PENDING,550000,3.0,2.0,1466.0,5441.0,1981.0,Austin,78750,30.373265,-97.788116,62.0,17.0,375.0,for_sale,2.0,1.0,0,0,0,1,0,45.0,0.6666666666666666
FOR_SALE,499000,5.0,2.0,2588.0,8699.0,1977.0,Austin,78750,30.448644,-97.803282,0.0,53.0,193.0,for_sale,2.0,1.0,0,0,0,1,0,49.0,0.4
FOR_SALE,379900,3.0,2.0,1362.0,7754.0,1981.0,Austin,78750,30.455717,-97.817304,0.0,26.0,279.0,for_sale,2.0,1.0,0,0,0,1,0,45.0,0.6666666666666666
PENDING,489900,2.0,2.0,2087.0,6408.0,1982.0,Austin,78750,30.376838,-97.789436,56.0,8.0,235.0,for_sale,2.0,2.0,0,0,0,1,0,44.0,1.0
FOR_SALE,359900,3.0,2.0,1363.0,5841.0,1979.0,Austin,78750,30.455949,-97.802105,0.0,2.0,264.0,for_sale,2.0,1.0,0,0,0,1,0,47.0,0.6666666666666666
FOR_SALE,770000,3.0,2.0,1991.0,10585.0,1993.0,Austin,78750,30.378528,-97.788022,59.0,107.0,387.0,for_sale,2.0,1.0,0,0,0,1,0,33.0,0.6666666666666666
PENDING,150000,2.0,1.0,796.0,7048.0,1990.0,Austin,78750,30.460381,-97.799896,290.0,8.0,188.0,for_sale,2.0,2.0,0,0,0,0,0,36.0,0.5
FOR_SALE,368000,3.0,2.0,1500.0,7048.0,2012.0,Austin,78750,30.461927,-97.802477,140.0,115.0,245.0,for_sale,2.0,2.0,0,0,0,1,0,14.0,0.6666666666666666
FOR_SALE,449900,2.0,2.0,1584.0,7048.0,2003.0,Austin,78750,30.420987,-97.796294,245.0,110.0,284.0,for_sale,2.0,1.0,0,0,0,0,0,23.0,1.0
FOR_SALE,350000,3.0,2.0,1636.0,6713.0,1980.0,Austin,78750,30.458401,-97.814378,0.0,23.0,214.0,for_sale,2.0,1.0,0,0,0,1,0,46.0,0.6666666666666666
FOR_SALE,419000,3.0,2.0,2054.0,8146.0,1979.0,Austin,78750,30.443201,-97.804452,472.0,118.0,204.0,for_sale,2.0,2.0,0,0,0,0,0,47.0,0.6666666666666666
FOR_SALE,549000,4.0,3.0,2518.0,6368.0,2013.0,Austin,78750,30.392481,-97.827673,325.0,69.0,218.0,for_sale,2.0,2.0,0,0,0,0,0,13.0,0.75
FOR_SALE,450000,3.0,2.0,1512.0,5968.0,2007.0,Austin,78750,30.447311,-97.792867,300.0,17.0,298.0,for_sale,2.0,1.0,0,0,0,0,0,19.0,0.6666666666666666
FOR_SALE,450000,3.0,2.0,2064.0,9148.0,1977.0,Austin,78750,30.450011,-97.7986,0.0,38.0,218.0,for_sale,2.0,2.0,0,0,0,1,0,49.0,0.6666666666666666
FOR_SALE,425000,3.0,2.0,1490.0,7858.0,1977.0,Austin,78750,30.450687,-97.800316,0.0,24.0,285.0,for_sale,2.0,1.0,0,0,0,1,0,49.0,0.6666666666666666
FOR_SALE,850000,4.0,3.0,2377.0,8834.0,2026.0,Austin,78750,30.391205,-97.828986,320.0,58.0,358.0,for_sale,2.0,2.0,0,0,0,0,0,0.0,0.75
FOR_SALE,399900,3.0,2.0,1410.0,6334.0,1983.0,Austin,78750,30.372057,-97.787203,375.0,93.0,284.0,for_sale,2.0,1.0,0,0,0,0,0,43.0,0.6666666666666666
FOR_SALE,315000,2.0,2.0,1308.0,7048.0,2001.0,Austin,78750,30.451107,-97.81525,465.0,16.0,241.0,for_sale,1.0,2.0,0,0,0,0,0,25.0,1.0
FOR_SALE,599000,4.0,2.0,2083.0,5532.0,1979.0,Austin,78750,30.372905,-97.787906,46.0,60.0,288.0,for_sale,2.0,2.0,0,0,0,1,0,47.0,0.5
PENDING,325000,3.0,2.0,1382.0,8712.0,2002.0,Austin,78750,30.451025,-97.813837,465.0,100.0,235.0,for_sale,1.0,2.0,0,0,0,0,0,24.0,0.6666666666666666
FOR_SALE,420000,4.0,2.0,1633.0,5793.0,1977.0,Austin,78750,30.449013,-97.79897,0.0,44.0,257.0,for_sale,2.0,1.0,0,0,0,1,0,49.0,0.5
FOR_SALE,1100000,4.0,2.0,3094.0,9104.0,1983.0,Austin,78750,30.428318,-97.79613,0.0,78.0,356.0,for_sale,2.0,2.0,0,0,0,1,0,43.0,0.5
FOR_SALE,900000,3.0,2.0,2104.0,14375.0,1988.0,Austin,78750,30.385695,-97.798837,0.0,45.0,428.0,for_sale,2.0,1.0,0,0,0,1,0,38.0,0.6666666666666666
FOR_SALE,279500,2.0,2.0,1432.0,7048.0,1978.0,Austin,78750,30.43559,-97.777138,360.0,86.0,195.0,for_sale,2.0,2.0,0,0,0,0,0,48.0,1.0
FOR_SALE,425000,3.0,2.0,1770.0,8189.0,1979.0,Austin,78750,30.448861,-97.802049,0.0,53.0,240.0,for_sale,2.0,1.0,0,0,0,1,0,47.0,0.6666666666666666
FOR_SALE,1025000,5.0,3.0,2667.0,10890.0,1977.0,Austin,78750,30.438847,-97.797325,4.0,162.0,384.0,for_sale,2.0,1.0,0,0,0,1,0,49.0,0.6
FOR_SALE,1150000,4.0,3.0,2464.0,14074.0,1970.0,Austin,78750,30.444175,-97.795634,4.0,0.0,467.0,for_sale,2.0,1.0,0,0,0,1,0,56.0,0.75
FOR_SALE,1117000,4.0,3.0,3111.0,8834.0,2000.0,Austin,78750,30.382176,-97.79076,11.0,89.0,359.0,for_sale,2.0,2.0,0,0,0,1,0,26.0,0.75
FOR_SALE,475000,4.0,2.0,1561.0,7510.0,1976.0,Austin,78750,30.45188,-97.797458,0.0,44.0,304.0,for_sale,2.0,1.0,0,0,0,1,0,50.0,0.5
FOR_SALE,234000,2.0,1.0,1316.0,7048.0,1978.0,Austin,78750,30.435299,-97.777838,434.0,94.0,178.0,for_sale,2.0,2.0,0,0,0,0,0,48.0,0.5
PENDING,725000,4.0,2.0,2099.0,5754.0,1983.0,Austin,78750,30.375843,-97.788562,59.0,37.0,345.0,for_sale,2.0,2.0,0,0,0,1,0,43.0,0.5
FOR_SALE,424900,3.0,2.0,1625.0,4835.0,1979.0,Austin,78750,30.454301,-97.80338,0.0,109.0,261.0,for_sale,2.0,1.0,0,0,0,1,0,47.0,0.6666666666666666
FOR_SALE,179000,2.0,2.0,952.0,7048.0,1984.0,Austin,78750,30.461674,-97.80151,290.0,0.0,188.0,for_sale,2.0,1.0,0,0,0,0,0,42.0,1.0
FOR_SALE,189000,2.0,2.0,924.0,2265.0,1982.0,Austin,78750,30.438069,-97.779615,435.0,58.0,205.0,for_sale,2.0,1.0,0,0,0,0,0,44.0,1.0
FOR_SALE,317000,3.0,2.0,1781.0,3162.0,1978.0,Austin,78750,30.437428,-97.77961,350.0,265.0,178.0,for_sale,2.0,2.0,0,0,0,0,0,48.0,0.6666666666666666
FOR_SALE,400000,3.0,2.0,1676.0,7048.0,1975.0,Austin,78750,30.45955,-97.801514,0.0,46.0,239.0,for_sale,2.0,1.0,0,0,0,1,0,51.0,0.6666666666666666
FOR_SALE,385000,2.0,2.0,1127.0,5279.0,1983.0,Austin,78750,30.372057,-97.787203,375.0,289.0,342.0,for_sale,2.0,1.0,0,0,0,0,0,43.0,1.0
SOLD,725000,3.0,3.0,2246.0,12240.0,1984.0,Austin,78750,30.422639,-97.802324,0.0,40.0,343.0,sold,2.0,2.0,0,0,0,1,0,42.0,1.0
SOLD,1149000,4.0,3.0,3605.0,13303.0,1983.0,Austin,78750,30.445025,-97.809314,0.0,68.0,343.0,sold,2.0,2.0,0,0,0,1,0,43.0,0.75
SOLD,329900,3.0,2.0,1566.0,7048.0,2005.0,Austin,78750,30.449789,-97.814265,465.0,85.0,343.0,sold,2.0,2.0,0,0,0,0,0,21.0,0.6666666666666666
SOLD,600000,3.0,2.0,1732.0,14671.0,1976.0,Austin,78750,30.436211,-97.803999,4.0,48.0,343.0,sold,2.0,1.0,0,0,0,1,0,50.0,0.6666666666666666
SOLD,1650000,4.0,4.0,3812.0,14684.0,1976.0,Austin,78750,30.434438,-97.805961,0.0,51.0,343.0,sold,2.0,2.0,0,0,0,1,0,50.0,1.0
SOLD,515000,2.0,2.0,1361.0,7488.0,1983.0,Austin,78750,30.377499,-97.788909,62.0,48.0,343.0,sold,2.0,1.0,0,0,0,1,0,43.0,1.0
SOLD,758000,4.0,2.0,2686.0,12619.0,1992.0,Austin,78750,30.433016,-97.782078,0.0,50.0,343.0,sold,2.0,2.0,0,0,0,1,0,34.0,0.5
SOLD,450000,4.0,2.0,2056.0,9130.0,1976.0,Austin,78750,30.449906,-97.802286,0.0,116.0,343.0,sold,2.0,2.0,0,0,0,1,0,50.0,0.5
SOLD,355135,3.0,2.0,1655.0,7048.0,2006.0,Austin,78750,30.449122,-97.814651,465.0,33.0,343.0,sold,2.0,2.0,0,0,0,0,0,20.0,0.6666666666666666
SOLD,829900,4.0,2.0,2413.0,12720.0,1978.0,Austin,78750,30.431706,-97.806743,0.0,35.0,343.0,sold,2.0,1.0,0,0,0,1,0,48.0,0.5
SOLD,1149000,4.0,2.0,2867.0,12602.0,1976.0,Austin,78750,30.441267,-97.797023,4.0,32.0,343.0,sold,2.0,1.0,0,0,0,1,0,50.0,0.5
SOLD,450000,4.0,2.0,1939.0,10929.0,1976.0,Austin,78750,30.459656,-97.806098,0.0,48.0,343.0,sold,2.0,2.0,0,0,0,1,0,50.0,0.5
SOLD,339000,3.0,2.0,1550.0,7048.0,2006.0,Austin,78750,30.44896,-97.814597,465.0,46.0,343.0,sold,2.0,2.0,0,0,0,0,0,20.0,0.6666666666666666
SOLD,575000,4.0,2.0,2322.0,9252.0,1981.0,Austin,78750,30.453361,-97.817659,0.0,25.0,343.0,sold,2.0,1.0,0,0,0,1,0,45.0,0.5
SOLD,880000,4.0,3.0,3032.0,16492.0,1993.0,Austin,78750,30.429682,-97.789275,0.0,50.0,343.0,sold,2.0,2.0,0,0,0,1,0,33.0,0.75
SOLD,575000,4.0,2.0,1997.0,9657.0,1977.0,Austin,78750,30.461515,-97.807839,0.0,56.0,343.0,sold,2.0,2.0,0,0,0,1,0,49.0,0.5
SOLD,1434000,4.0,4.0,2924.0,4966.0,2025.0,Austin,78750,30.391205,-97.828986,320.0,356.0,343.0,sold,2.0,2.0,0,0,0,0,0,1.0,1.0
SOLD,475000,2.0,2.0,1373.0,4609.0,1980.0,Austin,78750,30.373396,-97.789776,59.0,41.0,343.0,sold,2.0,1.0,0,0,0,1,0,46.0,1.0
SOLD,399900,3.0,2.0,1787.0,7048.0,2007.0,Austin,78750,30.463479,-97.80084,137.0,175.0,343.0,sold,2.0,2.0,0,0,0,1,0,19.0,0.6666666666666666
SOLD,997000,4.0,2.0,2407.0,13055.0,1978.0,Austin,78750,30.431842,-97.806981,4.0,40.0,343.0,sold,2.0,1.0,0,0,0,1,0,48.0,0.5
SOLD,895000,4.0,2.0,2497.0,13930.0,1972.0,Austin,78750,30.442079,-97.789899,0.0,37.0,343.0,sold,2.0,1.0,0,0,0,1,0,54.0,0.5
SOLD,349000,3.0,2.0,1651.0,7336.0,1982.0,Austin,78750,30.434896,-97.799412,353.0,104.0,343.0,sold,2.0,2.0,0,0,0,0,0,44.0,0.6666666666666666
SOLD,635000,3.0,2.0,1733.0,7963.0,1984.0,Austin,78750,30.378145,-97.789743,59.0,37.0,343.0,sold,2.0,1.0,0,0,0,1,0,42.0,0.6666666666666666
SOLD,329500,4.0,2.0,1936.0,8978.0,1978.0,Austin,78750,30.463115,-97.810595,0.0,26.0,343.0,sold,2.0,1.0,0,0,0,1,0,48.0,0.5
SOLD,1175000,3.0,2.0,2771.0,26397.0,1984.0,Austin,78750,30.378246,-97.796046,11.0,29.0,343.0,sold,2.0,2.0,0,0,0,1,0,42.0,0.6666666666666666
SOLD,870000,3.0,2.0,2795.0,9836.0,1994.0,Austin,78750,30.396051,-97.801373,26.0,35.0,343.0,sold,2.0,1.0,0,0,0,1,0,32.0,0.6666666666666666
SOLD,520000,4.0,2.0,2084.0,9322.0,1981.0,Austin,78750,30.453362,-97.814787,0.0,39.0,343.0,sold,2.0,2.0,0,0,0,1,0,45.0,0.5
SOLD,725000,3.0,2.0,2606.0,13944.0,1976.0,Austin,78750,30.440873,-97.792238,4.0,140.0,343.0,sold,2.0,1.0,0,0,0,1,0,50.0,0.6666666666666666
SOLD,985000,4.0,2.0,2390.0,13782.0,1978.0,Austin,78750,30.430531,-97.806829,4.0,47.0,343.0,sold,2.0,1.0,0,0,0,1,0,48.0,0.5
SOLD,790000,3.0,2.0,2091.0,8276.0,1981.0,Austin,78750,30.377434,-97.789323,46.0,32.0,343.0,sold,2.0,1.0,0,0,0,1,0,45.0,0.6666666666666666
SOLD,270000,3.0,2.0,1348.0,2513.0,1982.0,Austin,78750,30.455086,-97.809647,390.0,61.0,343.0,sold,2.0,1.0,0,0,0,0,0,44.0,0.6666666666666666
SOLD,1200000,4.0,2.0,3416.0,9235.0,1999.0,Austin,78750,30.433893,-97.792599,21.0,73.0,343.0,sold,2.0,2.0,0,0,0,1,0,27.0,0.5
SOLD,749000,3.0,2.0,2329.0,13547.0,1998.0,Austin,78750,30.445216,-97.800275,35.0,27.0,343.0,sold,2.0,1.0,0,0,0,1,0,28.0,0.6666666666666666
SOLD,324950,2.0,2.0,1106.0,3193.0,2007.0,Austin,78750,30.451269,-97.795171,256.0,77.0,343.0,sold,1.0,1.0,0,0,0,0,0,19.0,1.0
SOLD,1150000,4.0,2.0,2600.0,18086.0,1978.0,Austin,78750,30.429896,-97.803424,4.0,103.0,343.0,sold,3.0,2.0,0,0,0,1,0,48.0,0.5
SOLD,599000,4.0,2.0,2144.0,9962.0,1979.0,Austin,78750,30.449153,-97.808087,0.0,25.0,343.0,sold,2.0,1.0,0,0,0,1,0,47.0,0.5
SOLD,699000,3.0,2.0,1739.0,14044.0,1971.0,Austin,78750,30.443558,-97.793479,0.0,40.0,343.0,sold,2.0,1.0,0,0,0,1,0,55.0,0.6666666666666666
SOLD,1119000,4.0,3.0,3310.0,11021.0,1984.0,Austin,78750,30.430593,-97.797766,3.0,52.0,343.0,sold,2.0,2.0,0,0,0,1,0,42.0,0.75
SOLD,935000,3.0,2.0,2463.0,31058.0,1990.0,Austin,78750,30.380046,-97.790282,7.0,96.0,343.0,sold,2.0,2.0,0,0,0,1,0,36.0,0.6666666666666666
SOLD,295725,3.0,2.0,1374.0,7048.0,1983.0,Austin,78750,30.454802,-97.80999,370.0,70.0,343.0,sold,2.0,1.0,0,0,0,0,0,43.0,0.6666666666666666
SOLD,120000,2.0,1.0,796.0,7048.0,1990.0,Austin,78750,30.460381,-97.799896,290.0,14.0,343.0,sold,2.0,1.0,0,0,0,0,0,36.0,0.5
SOLD,650000,5.0,3.0,2946.0,9148.0,1979.0,Austin,78750,30.451352,-97.809272,0.0,35.0,343.0,sold,2.0,2.0,0,0,0,1,0,47.0,0.6
SOLD,695000,4.0,2.0,2304.0,8995.0,1983.0,Austin,78750,30.423132,-97.79634,0.0,33.0,343.0,sold,2.0,2.0,0,0,0,1,0,43.0,0.5
SOLD,299000,2.0,2.0,1285.0,8146.0,1984.0,Austin,78750,30.442937,-97.804884,403.0,48.0,343.0,sold,2.0,1.0,0,0,0,0,0,42.0,1.0
SOLD,470000,4.0,2.0,1810.0,14392.0,1975.0,Austin,78750,30.454357,-97.795043,0.0,55.0,343.0,sold,2.0,1.0,0,0,0,1,0,51.0,0.5
SOLD,484900,3.0,2.0,1616.0,8520.0,2000.0,Austin,78750,30.444538,-97.806932,310.0,49.0,343.0,sold,2.0,2.0,0,0,0,0,0,26.0,0.6666666666666666
SOLD,235000,2.0,2.0,952.0,1346.0,1990.0,Austin,78750,30.461651,-97.80159,290.0,52.0,343.0,sold,2.0,1.0,0,0,0,0,0,36.0,1.0
SOLD,397000,3.0,2.0,1262.0,9775.0,1980.0,Austin,78750,30.449304,-97.813628,41.0,21.0,343.0,sold,2.0,1.0,0,0,0,1,0,46.0,0.6666666666666666
SOLD,399000,4.0,2.0,1409.0,6434.0,1979.0,Austin,78750,30.456614,-97.801855,0.0,49.0,343.0,sold,2.0,1.0,0,0,0,1,0,47.0,0.5
SOLD,485000,5.0,3.0,2276.0,9365.0,1982.0,Austin,78750,30.459566,-97.816521,0.0,37.0,343.0,sold,2.0,1.0,0,0,0,1,0,44.0,0.6
SOLD,1595000,4.0,2.0,3706.0,29551.0,1984.0,Austin,78750,30.434164,-97.812449,2.0,26.0,343.0,sold,2.0,2.0,0,0,0,1,0,42.0,0.5
SOLD,585000,3.0,2.0,1771.0,17193.0,1985.0,Austin,78750,30.4232,-97.801907,0.0,14.0,343.0,sold,2.0,2.0,0,0,0,1,0,41.0,0.6666666666666666
SOLD,210000,2.0,2.0,952.0,7048.0,1990.0,Austin,78750,30.459676,-97.800539,290.0,74.0,343.0,sold,2.0,1.0,0,0,0,0,0,36.0,1.0
SOLD,400000,3.0,2.0,1986.0,3886.0,2012.0,Austin,78750,30.461758,-97.802096,140.0,60.0,343.0,sold,2.0,2.0,0,0,0,1,0,14.0,0.6666666666666666
SOLD,470000,3.0,2.0,1785.0,7336.0,1979.0,Austin,78750,30.434896,-97.799412,568.0,107.0,343.0,sold,2.0,1.0,0,0,0,0,0,47.0,0.6666666666666666
SOLD,285000,3.0,2.0,1348.0,2326.0,1982.0,Austin,78750,30.454891,-97.809341,370.0,13.0,343.0,sold,2.0,1.0,0,0,0,0,0,44.0,0.6666666666666666
SOLD,585000,5.0,3.0,2162.0,10498.0,1976.0,Austin,78750,30.460604,-97.808144,0.0,180.0,343.0,sold,2.0,1.0,0,0,0,1,0,50.0,0.6
SOLD,399500,3.0,2.0,1417.0,7100.0,1980.0,Austin,78750,30.456272,-97.815366,2.0,26.0,343.0,sold,2.0,1.0,0,0,0,1,0,46.0,0.6666666666666666
SOLD,1200000,5.0,3.0,3316.0,14327.0,1976.0,Austin,78750,30.439499,-97.795168,4.0,53.0,343.0,sold,2.0,2.0,0,0,0,1,0,50.0,0.6
SOLD,1129999,4.0,2.0,2550.0,14401.0,1977.0,Austin,78750,30.429205,-97.803387,3.0,30.0,343.0,sold,2.0,1.0,0,0,0,1,0,49.0,0.5
SOLD,1100000,4.0,2.0,3011.0,36416.0,1992.0,Austin,78750,30.371478,-97.79468,21.0,21.0,343.0,sold,2.0,2.0,0,0,0,1,0,34.0,0.5
SOLD,850000,4.0,3.0,2185.0,26964.0,1988.0,Austin,78750,30.380207,-97.789206,41.0,55.0,343.0,sold,2.0,2.0,0,0,0,1,0,38.0,0.75
SOLD,790000,4.0,2.0,2322.0,13591.0,1980.0,Austin,78750,30.445741,-97.811052,2.0,14.0,343.0,sold,2.0,1.0,0,0,0,1,0,46.0,0.5
SOLD,497000,3.0,2.0,2429.0,7048.0,2010.0,Austin,78750,30.392132,-97.827309,350.0,44.0,343.0,sold,2.0,2.0,0,0,0,0,0,16.0,0.6666666666666666
SOLD,1049000,4.0,2.0,2544.0,15664.0,1976.0,Austin,78750,30.442726,-97.794345,4.0,25.0,343.0,sold,2.0,1.0,0,0,0,1,0,50.0,0.5
SOLD,495000,3.0,3.0,2299.0,6368.0,2013.0,Austin,78750,30.393054,-97.826373,325.0,69.0,343.0,sold,2.0,2.0,0,0,0,0,0,13.0,1.0
SOLD,415000,3.0,2.0,1503.0,16248.0,1971.0,Austin,78750,30.45084,-97.794729,0.0,32.0,343.0,sold,2.0,1.0,0,0,0,1,0,55.0,0.6666666666666666
SOLD,359000,2.0,2.0,1106.0,7048.0,2007.0,Austin,78750,30.450738,-97.795911,225.0,169.0,343.0,sold,1.0,1.0,0,0,0,0,0,19.0,1.0
SOLD,650000,4.0,3.0,2406.0,9540.0,1977.0,Austin,78750,30.449886,-97.804145,0.0,25.0,343.0,sold,2.0,1.0,0,0,0,1,0,49.0,0.75
SOLD,375000,3.0,2.0,1290.0,4221.0,2007.0,Austin,78750,30.450172,-97.796638,225.0,129.0,343.0,sold,1.0,1.0,0,0,0,0,0,19.0,0.6666666666666666
SOLD,375000,3.0,2.0,1410.0,6743.0,1978.0,Austin,78750,30.456026,-97.811833,0.0,65.0,343.0,sold,2.0,1.0,0,0,0,1,0,48.0,0.6666666666666666
SOLD,735000,4.0,2.0,2430.0,9148.0,1990.0,Austin,78750,30.427483,-97.791366,0.0,21.0,343.0,sold,2.0,1.0,0,0,0,1,0,36.0,0.5
SOLD,845000,4.0,2.0,2270.0,18121.0,1975.0,Austin,78750,30.436689,-97.798908,4.0,41.0,343.0,sold,2.0,2.0,0,0,0,1,0,51.0,0.5
SOLD,550000,4.0,3.0,2115.0,12942.0,1981.0,Austin,78750,30.45133,-97.819381,0.0,34.0,343.0,sold,2.0,1.0,0,0,0,1,0,45.0,0.75
SOLD,1150000,4.0,2.0,2698.0,13913.0,1976.0,Austin,78750,30.441903,-97.796061,0.0,32.0,343.0,sold,3.0,1.0,0,0,0,1,0,50.0,0.5
SOLD,1100000,4.0,2.0,2802.0,14096.0,1976.0,Austin,78750,30.441381,-97.796164,0.0,32.0,343.0,sold,2.0,1.0,0,0,0,1,0,50.0,0.5
SOLD,725000,4.0,3.0,2627.0,13961.0,1974.0,Austin,78750,30.433981,-97.80517,41.0,25.0,343.0,sold,2.0,1.0,0,0,0,1,0,52.0,0.75
SOLD,440000,3.0,2.0,1854.0,9583.0,1978.0,Austin,78750,30.463141,-97.809966,0.0,52.0,343.0,sold,2.0,2.0,0,0,0,1,0,48.0,0.6666666666666666
SOLD,345000,3.0,2.0,1352.0,5445.0,1978.0,Austin,78750,30.457231,-97.811653,0.0,56.0,343.0,sold,2.0,1.0,0,0,0,1,0,48.0,0.6666666666666666
SOLD,299750,2.0,2.0,1348.0,7048.0,1983.0,Austin,78750,30.454499,-97.809506,370.0,57.0,343.0,sold,2.0,1.0,0,0,0,0,0,43.0,1.0
SOLD,399000,3.0,2.0,1559.0,8520.0,2000.0,Austin,78750,30.444538,-97.806932,255.0,35.0,343.0,sold,2.0,1.0,0,0,0,0,0,26.0,0.6666666666666666
FOR_SALE,600000,3.0,2.0,1694.0,20887.0,1957.0,Austin,78759,30.423,-97.754475,0.0,8.0,354.0,for_sale,2.0,1.0,0,0,0,1,0,69.0,0.6666666666666666
FOR_SALE,724988,4.0,2.0,2381.0,10189.0,1971.0,Austin,78759,30.383508,-97.753827,0.0,2.0,304.0,for_sale,2.0,1.0,0,0,0,1,0,55.0,0.5
FOR_SALE,749000,5.0,2.0,2465.0,13059.0,1977.0,Austin,78759,30.428576,-97.767772,0.0,9.0,304.0,for_sale,2.0,2.0,0,0,0,1,0,49.0,0.4
PENDING,695000,4.0,2.0,2076.0,11949.0,1986.0,Austin,78759,30.421396,-97.786373,0.0,11.0,335.0,for_sale,2.0,1.0,0,0,0,1,0,40.0,0.5
FOR_SALE,1299999,4.0,3.0,3158.0,14314.0,1994.0,Austin,78759,30.395019,-97.760695,0.0,2.0,412.0,for_sale,2.0,2.0,0,0,0,1,0,32.0,0.75
FOR_SALE,375000,2.0,2.0,1265.0,3938.0,1978.0,Austin,78759,30.372063,-97.743982,300.0,30.0,296.0,for_sale,2.0,1.0,0,0,0,0,1,48.0,1.0
FOR_SALE,495000,3.0,2.0,1802.0,11631.0,1976.0,Austin,78759,30.424437,-97.768874,0.0,1.0,275.0,for_sale,2.0,1.0,0,0,0,1,0,50.0,0.6666666666666666
PENDING,550000,3.0,2.0,1483.0,10319.0,1980.0,Austin,78759,30.42199,-97.769599,0.0,10.0,371.0,for_sale,2.0,1.0,0,0,0,1,0,46.0,0.6666666666666666
PENDING,785000,4.0,2.0,2424.0,10062.0,1975.0,Austin,78759,30.423596,-97.763075,0.0,32.0,324.0,for_sale,2.0,2.0,0,0,0,1,0,51.0,0.5
FOR_SALE,680000,3.0,2.0,1904.0,3223.0,1979.0,Austin,78759,30.378302,-97.757457,377.0,11.0,357.0,for_sale,2.0,2.0,0,0,0,0,1,47.0,0.6666666666666666
PENDING,799000,4.0,2.0,2368.0,7614.0,1981.0,Austin,78759,30.374004,-97.74316,0.0,23.0,337.0,for_sale,2.0,2.0,0,0,0,1,0,45.0,0.5
FOR_SALE,564900,4.0,2.0,1612.0,6578.0,1979.0,Austin,78759,30.414087,-97.714307,0.0,38.0,350.0,for_sale,2.0,1.0,0,0,0,1,0,47.0,0.5
PENDING,840000,4.0,2.0,1837.0,11064.0,1973.0,Austin,78759,30.429197,-97.768559,0.0,22.0,457.0,for_sale,2.0,1.0,0,0,0,1,0,53.0,0.5
PENDING,1300000,4.0,2.0,1928.0,10454.0,1972.0,Austin,78759,30.38546,-97.748399,0.0,30.0,674.0,for_sale,2.0,1.0,0,0,0,1,0,54.0,0.5
FOR_SALE,799000,4.0,2.0,2416.0,25970.0,1983.0,Austin,78759,30.418831,-97.759543,0.0,66.0,331.0,for_sale,2.0,2.0,0,0,0,1,0,43.0,0.5
FOR_SALE,1100000,3.0,3.0,3404.0,30361.0,1989.0,Austin,78759,30.396254,-97.768703,0.0,11.0,323.0,for_sale,3.0,2.0,0,0,0,1,0,37.0,1.0
FOR_SALE,259000,1.0,1.0,831.0,2923.0,1985.0,Austin,78759,30.374351,-97.764101,238.0,67.0,312.0,for_sale,2.0,1.0,0,0,0,0,0,41.0,1.0
PENDING,625000,3.0,2.0,1782.0,10542.0,1979.0,Austin,78759,30.420443,-97.768514,0.0,27.0,351.0,for_sale,2.0,2.0,0,0,0,1,0,47.0,0.6666666666666666
FOR_SALE,1100000,4.0,2.0,2392.0,9967.0,1980.0,Austin,78759,30.379705,-97.756537,0.0,25.0,460.0,for_sale,2.0,2.0,0,0,0,1,0,46.0,0.5
FOR_SALE,650000,3.0,2.0,1842.0,9065.0,1978.0,Austin,78759,30.421125,-97.764979,0.0,119.0,353.0,for_sale,2.0,1.0,0,0,0,1,0,48.0,0.6666666666666666
PENDING,625000,3.0,2.0,1620.0,16832.0,1979.0,Austin,78759,30.420356,-97.766242,0.0,43.0,386.0,for_sale,2.0,1.0,0,0,0,1,0,47.0,0.6666666666666666
FOR_SALE,1049900,4.0,3.0,2476.0,11787.0,1969.0,Austin,78759,30.383066,-97.748789,0.0,46.0,424.0,for_sale,2.0,1.0,0,0,0,1,0,57.0,0.75
CONTINGENT,1000000,4.0,2.0,2505.0,34046.0,1988.0,Austin,78759,30.399219,-97.768701,41.0,29.0,399.0,for_sale,2.0,2.0,0,0,0,1,0,38.0,0.5
PENDING,599000,3.0,2.0,2142.0,2679.0,1993.0,Austin,78759,30.389971,-97.762273,465.0,72.0,280.0,for_sale,2.0,2.0,0,0,0,0,1,33.0,0.6666666666666666
FOR_SALE,498000,6.0,4.0,1936.0,10803.0,1983.0,Austin,78759,30.431012,-97.766261,0.0,14.0,257.0,for_sale,1.0,1.0,0,0,1,0,0,43.0,0.6666666666666666
FOR_SALE,569900,2.0,2.0,1627.0,3193.0,1975.0,Austin,78759,30.373481,-97.748795,255.0,6.0,350.0,for_sale,2.0,2.0,0,0,0,0,1,51.0,1.0
FOR_SALE,975000,4.0,3.0,3225.0,23784.0,1992.0,Austin,78759,30.39089,-97.76874,0.0,38.0,302.0,for_sale,2.0,2.0,0,0,0,1,0,34.0,0.75
FOR_SALE,300000,3.0,2.0,1342.0,7048.0,1977.0,Austin,78759,30.375407,-97.75824,438.0,73.0,224.0,for_sale,2.0,1.0,0,0,0,0,0,49.0,0.6666666666666666
PENDING,599999,3.0,2.0,1614.0,8137.0,1989.0,Austin,78759,30.414094,-97.765888,0.0,16.0,372.0,for_sale,2.0,1.0,0,0,0,1,0,37.0,0.6666666666666666
PENDING,934000,3.0,2.0,2804.0,11012.0,2000.0,Austin,78759,30.4124,-97.776511,19.0,17.0,333.0,for_sale,2.0,1.0,0,0,0,1,0,26.0,0.6666666666666666
PENDING,627000,4.0,2.0,1938.0,10912.0,1975.0,Austin,78759,30.42819,-97.77338,0.0,79.0,324.0,for_sale,2.0,2.0,0,0,0,1,0,51.0,0.5
FOR_SALE,285000,2.0,2.0,1147.0,5850.0,1985.0,Austin,78759,30.374359,-97.764038,475.0,118.0,248.0,for_sale,2.0,1.0,0,0,0,0,0,41.0,1.0
PENDING,635000,3.0,2.0,1999.0,8625.0,1972.0,Austin,78759,30.413851,-97.739442,0.0,8.0,318.0,for_sale,2.0,2.0,0,0,0,1,0,54.0,0.6666666666666666
PENDING,744900,3.0,2.0,2190.0,9771.0,1982.0,Austin,78759,30.422018,-97.761105,0.0,10.0,340.0,for_sale,2.0,1.0,0,0,0,1,0,44.0,0.6666666666666666
FOR_SALE,1450000,4.0,3.0,3142.0,13312.0,2000.0,Austin,78759,30.411892,-97.775645,19.0,11.0,461.0,for_sale,3.0,2.0,0,0,0,1,0,26.0,0.75
FOR_SALE,995000,4.0,3.0,3191.0,65048.0,1993.0,Austin,78759,30.409622,-97.77016,0.0,17.0,312.0,for_sale,2.0,2.0,0,0,0,1,0,33.0,0.75
FOR_SALE,495000,3.0,2.0,1874.0,3846.0,1984.0,Austin,78759,30.389931,-97.76069,475.0,74.0,264.0,for_sale,2.0,2.0,0,0,0,1,0,42.0,0.6666666666666666
FOR_SALE,999000,3.0,2.0,2542.0,29804.0,1975.0,Austin,78759,30.415234,-97.782183,0.0,87.0,393.0,for_sale,2.0,2.0,0,0,0,1,0,51.0,0.6666666666666666
FOR_SALE,389900,2.0,1.0,1590.0,9958.0,2004.0,Austin,78759,30.402004,-97.755865,426.0,16.0,245.0,for_sale,1.0,2.0,0,0,0,0,0,22.0,0.5
FOR_SALE,585000,3.0,2.0,1730.0,8930.0,1978.0,Austin,78759,30.4165,-97.714069,0.0,10.0,338.0,for_sale,2.0,1.0,0,0,0,1,0,48.0,0.6666666666666666
PENDING,350000,2.0,2.0,987.0,4966.0,1983.0,Austin,78759,30.368555,-97.748332,41.0,167.0,355.0,for_sale,1.0,1.0,0,0,0,0,0,43.0,1.0
FOR_SALE,496500,3.0,2.0,1183.0,7083.0,1973.0,Austin,78759,30.41398,-97.738855,0.0,38.0,420.0,for_sale,2.0,1.0,0,0,0,1,0,53.0,0.6666666666666666
FOR_SALE,565000,4.0,2.0,1730.0,9583.0,1975.0,Austin,78759,30.40168,-97.733168,58.0,45.0,327.0,for_sale,2.0,1.0,0,0,0,1,0,51.0,0.5
FOR_SALE,599000,2.0,2.0,2081.0,3681.0,1974.0,Austin,78759,30.37165,-97.748533,300.0,117.0,288.0,for_sale,2.0,1.0,0,0,0,0,1,52.0,1.0
PENDING,699000,3.0,2.0,2456.0,5802.0,1989.0,Austin,78759,30.403276,-97.762146,20.0,178.0,285.0,for_sale,2.0,2.0,0,0,0,1,0,37.0,0.6666666666666666
PENDING,649000,3.0,2.0,1563.0,8799.0,1964.0,Austin,78759,30.363613,-97.745283,0.0,17.0,415.0,for_sale,2.0,1.0,0,0,0,1,0,62.0,0.6666666666666666
FOR_SALE,399900,2.0,2.0,1223.0,4591.0,1982.0,Austin,78759,30.365201,-97.751142,582.0,54.0,327.0,for_sale,2.0,1.0,0,0,0,0,0,44.0,1.0
PENDING,798000,4.0,2.0,2137.0,9740.0,1983.0,Austin,78759,30.422451,-97.761445,0.0,30.0,373.0,for_sale,2.0,1.0,0,0,0,1,0,43.0,0.5
FOR_SALE,1195000,3.0,2.0,2584.0,47916.0,1991.0,Austin,78759,30.382362,-97.75557,0.0,87.0,462.0,for_sale,2.0,1.0,0,0,0,1,0,35.0,0.6666666666666666
FOR_SALE,250000,2.0,2.0,1056.0,3324.0,1977.0,Austin,78759,30.375407,-97.75824,312.0,177.0,237.0,for_sale,2.0,1.0,0,0,0,0,0,49.0,1.0
PENDING,1399000,4.0,2.0,2976.0,13347.0,1988.0,Austin,78759,30.414825,-97.776677,4.0,44.0,470.0,for_sale,2.0,2.0,0,0,0,1,0,38.0,0.5
FOR_SALE,969000,4.0,3.0,3458.0,11631.0,1994.0,Austin,78759,30.416518,-97.775541,4.0,51.0,280.0,for_sale,2.0,2.0,0,0,0,1,0,32.0,0.75
PENDING,395000,2.0,2.0,1079.0,4574.0,1981.0,Austin,78759,30.386854,-97.755096,41.0,123.0,366.0,for_sale,1.0,1.0,0,0,0,0,1,45.0,1.0
FOR_SALE,294900,2.0,2.0,1022.0,3594.0,1998.0,Austin,78759,30.308888,-97.825606,455.0,178.0,289.0,for_sale,1.0,1.0,0,0,0,0,0,28.0,1.0
PENDING,425000,3.0,2.0,1309.0,6882.0,1979.0,Austin,78759,30.415284,-97.715928,0.0,43.0,325.0,for_sale,2.0,1.0,0,0,0,1,0,47.0,0.6666666666666666
FOR_SALE,549999,3.0,2.0,2183.0,7449.0,1984.0,Austin,78759,30.422571,-97.751018,0.0,114.0,252.0,for_sale,2.0,1.0,0,0,0,1,0,42.0,0.6666666666666666
FOR_SALE,530000,2.0,2.0,1769.0,3354.0,1974.0,Austin,78759,30.371591,-97.747723,320.0,88.0,300.0,for_sale,2.0,1.0,0,0,0,0,1,52.0,1.0
PENDING,839000,4.0,2.0,2038.0,9374.0,1980.0,Austin,78759,30.420845,-97.770046,0.0,74.0,412.0,for_sale,2.0,1.0,0,0,0,1,0,46.0,0.5
FOR_SALE,569000,3.0,2.0,1402.0,9313.0,1969.0,Austin,78759,30.364206,-97.744482,0.0,83.0,406.0,for_sale,2.0,1.0,0,0,0,1,0,57.0,0.6666666666666666
PENDING,745000,3.0,2.0,1798.0,8503.0,1982.0,Austin,78759,30.421478,-97.771882,0.0,72.0,414.0,for_sale,2.0,1.0,0,0,0,1,0,44.0,0.6666666666666666
PENDING,499000,4.0,2.0,1932.0,7135.0,1973.0,Austin,78759,30.412361,-97.742912,0.0,68.0,258.0,for_sale,2.0,1.0,0,0,0,1,0,53.0,0.5
FOR_SALE,670000,3.0,2.0,1888.0,5898.0,1985.0,Austin,78759,30.368566,-97.749672,345.0,24.0,355.0,for_sale,2.0,2.0,0,0,0,1,0,41.0,0.6666666666666666
PENDING,442000,3.0,2.0,1273.0,6011.0,1972.0,Austin,78759,30.413535,-97.740846,0.0,32.0,347.0,for_sale,2.0,1.0,0,0,0,1,0,54.0,0.6666666666666666
FOR_SALE,650000,3.0,2.0,1773.0,9235.0,1972.0,Austin,78759,30.40619,-97.736774,57.0,42.0,367.0,for_sale,2.0,1.0,0,0,0,1,0,54.0,0.6666666666666666
FOR_SALE,849000,4.0,3.0,2903.0,8276.0,1996.0,Austin,78759,30.418227,-97.760454,0.0,113.0,292.0,for_sale,2.0,2.0,0,0,0,1,0,30.0,0.75
FOR_SALE,615000,4.0,2.0,2352.0,23235.0,1980.0,Austin,78759,30.419818,-97.784409,0.0,73.0,261.0,for_sale,2.0,2.0,0,0,0,1,0,46.0,0.5
FOR_SALE,274000,2.0,1.0,979.0,5850.0,1985.0,Austin,78759,30.374359,-97.764038,475.0,137.0,280.0,for_sale,2.0,1.0,0,0,0,0,0,41.0,0.5
FOR_SALE,180000,2.0,2.0,1069.0,2069.0,1982.0,Austin,78759,30.426585,-97.758759,423.0,52.0,168.0,for_sale,1.0,1.0,0,0,0,0,0,44.0,1.0
PENDING,565000,3.0,2.0,1643.0,7405.0,1983.0,Austin,78759,30.410032,-97.730723,0.0,117.0,344.0,for_sale,2.0,1.0,0,0,0,1,0,43.0,0.6666666666666666
CONTINGENT,189000,2.0,2.0,1046.0,2047.0,1982.0,Austin,78759,30.426585,-97.758759,420.0,51.0,181.0,for_sale,2.0,1.0,0,0,0,0,0,44.0,1.0
FOR_SALE,279000,2.0,2.0,1048.0,7048.0,1977.0,Austin,78759,30.375407,-97.75824,342.0,10.0,266.0,for_sale,2.0,1.0,0,0,0,0,0,49.0,1.0
FOR_SALE,524900,3.0,2.0,1360.0,11465.0,1965.0,Austin,78759,30.417937,-97.75429,0.0,94.0,386.0,for_sale,2.0,1.0,0,0,0,1,0,61.0,0.6666666666666666
FOR_SALE,920000,3.0,2.0,3100.0,9692.0,1993.0,Austin,78759,30.398706,-97.767842,41.0,160.0,297.0,for_sale,2.0,2.0,0,0,0,1,0,33.0,0.6666666666666666
FOR_SALE,725000,4.0,2.0,1816.0,10106.0,1980.0,Austin,78759,30.374185,-97.742194,0.0,31.0,399.0,for_sale,2.0,1.0,0,0,0,1,0,46.0,0.5
FOR_SALE,249000,1.0,1.0,792.0,2783.0,1982.0,Austin,78759,30.365201,-97.751142,317.0,200.0,314.0,for_sale,2.0,1.0,0,0,0,0,0,44.0,1.0
FOR_SALE,1725000,5.0,4.0,3705.0,9235.0,2022.0,Austin,78759,30.413255,-97.772064,0.0,55.0,466.0,for_sale,2.0,2.0,0,0,0,1,0,4.0,0.8
FOR_SALE,365000,2.0,2.0,1144.0,5902.0,1982.0,Austin,78759,30.377036,-97.760232,561.0,86.0,319.0,for_sale,2.0,1.0,0,0,0,0,0,44.0,1.0
FOR_SALE,398500,3.0,2.0,1223.0,4591.0,1982.0,Austin,78759,30.365201,-97.751142,582.0,53.0,326.0,for_sale,2.0,1.0,0,0,0,0,0,44.0,0.6666666666666666
FOR_SALE,799000,5.0,3.0,3068.0,10476.0,1981.0,Austin,78759,30.427517,-97.772589,0.0,89.0,260.0,for_sale,2.0,2.0,0,0,0,1,0,45.0,0.6
FOR_SALE,370000,2.0,2.0,1283.0,6665.0,1982.0,Austin,78759,30.377036,-97.760232,629.0,170.0,288.0,for_sale,2.0,2.0,0,0,0,0,0,44.0,1.0
PENDING,300000,2.0,2.0,1403.0,5837.0,1985.0,Austin,78759,30.374351,-97.764101,475.0,46.0,214.0,for_sale,2.0,2.0,0,0,0,0,0,41.0,1.0
FOR_SALE,275999,2.0,2.0,1183.0,4177.0,1998.0,Austin,78759,30.387545,-97.7495664,527.0,69.0,233.0,for_sale,1.0,1.0,0,0,0,0,0,28.0,1.0
FOR_SALE,699000,6.0,4.0,2388.0,7989.0,1976.0,Austin,78759,30.377083,-97.752235,0.0,73.0,293.0,for_sale,2.0,2.0,0,0,1,0,0,50.0,0.6666666666666666
PENDING,429000,2.0,2.0,1674.0,3297.0,1978.0,Austin,78759,30.370899,-97.745987,300.0,44.0,256.0,for_sale,2.0,2.0,0,0,0,0,1,48.0,1.0
FOR_SALE,150000,1.0,1.0,598.0,1281.0,1982.0,Austin,78759,30.377219,-97.74009,276.0,80.0,251.0,for_sale,2.0,1.0,0,0,0,0,0,44.0,1.0
FOR_SALE,189900,2.0,2.0,916.0,1973.0,1982.0,Austin,78759,30.377219,-97.74009,423.0,155.0,207.0,for_sale,2.0,1.0,0,0,0,0,0,44.0,1.0
FOR_SALE,799900,4.0,2.0,2192.0,9283.0,1985.0,Austin,78759,30.414988,-97.760557,0.0,109.0,365.0,for_sale,2.0,2.0,0,0,0,1,0,41.0,0.5
PENDING,439000,4.0,2.0,1454.0,6678.0,1979.0,Austin,78759,30.41571,-97.716947,0.0,69.0,302.0,for_sale,2.0,1.0,0,0,0,1,0,47.0,0.5
PENDING,463932,4.0,2.0,1578.0,7048.0,1978.0,Austin,78759,30.426362,-97.773722,0.0,58.0,294.0,for_sale,2.0,2.0,0,0,0,1,0,48.0,0.5
FOR_SALE,799000,3.0,2.0,2442.0,12850.0,1976.0,Austin,78759,30.385385,-97.757958,0.0,56.0,327.0,for_sale,1.0,2.0,0,0,0,1,0,50.0,0.6666666666666666
FOR_SALE,769000,3.0,2.0,2537.0,7048.0,2019.0,Austin,78759,30.370944,-97.759597,367.0,230.0,303.0,for_sale,1.0,2.0,0,0,0,0,0,7.0,0.6666666666666666
FOR_SALE,775000,3.0,2.0,2139.0,17433.0,1992.0,Austin,78759,30.395778,-97.773055,38.0,94.0,362.0,for_sale,2.0,2.0,0,0,0,1,0,34.0,0.6666666666666666
SOLD,699900,4.0,2.0,2232.0,8407.0,1992.0,Austin,78759,30.416402,-97.759941,0.0,29.0,343.0,sold,2.0,1.0,0,0,0,1,0,34.0,0.5
SOLD,674900,4.0,2.0,2402.0,10646.0,1982.0,Austin,78759,30.427073,-97.772394,0.0,43.0,343.0,sold,2.0,1.0,0,0,0,1,0,44.0,0.5
SOLD,689900,4.0,2.0,2432.0,15072.0,1984.0,Austin,78759,30.421361,-97.758627,0.0,38.0,343.0,sold,2.0,2.0,0,0,0,1,0,42.0,0.5
SOLD,650000,4.0,2.0,2154.0,10903.0,1978.0,Austin,78759,30.409444,-97.740889,87.0,49.0,343.0,sold,2.0,2.0,0,0,0,1,0,48.0,0.5
SOLD,875000,4.0,2.0,2297.0,13717.0,1982.0,Austin,78759,30.415144,-97.768751,0.0,55.0,343.0,sold,2.0,1.0,0,0,0,1,0,44.0,0.5
SOLD,1250000,4.0,2.0,2189.0,9958.0,1980.0,Austin,78759,30.407064,-97.733453,58.0,33.0,343.0,sold,2.0,1.0,0,0,0,1,0,46.0,0.5
SOLD,475000,3.0,2.0,1502.0,7331.0,1981.0,Austin,78759,30.419673,-97.715766,0.0,42.0,343.0,sold,2.0,1.0,0,0,0,1,0,45.0,0.6666666666666666
SOLD,685000,3.0,3.0,1908.0,6957.0,1976.0,Austin,78759,30.376984,-97.749594,0.0,143.0,343.0,sold,2.0,2.0,0,0,0,1,0,50.0,1.0
SOLD,1150000,4.0,3.0,2347.0,10237.0,1966.0,Austin,78759,30.36408,-97.747209,0.0,73.0,343.0,sold,2.0,1.0,0,0,0,1,0,60.0,0.75
SOLD,609900,3.0,2.0,1656.0,8843.0,1983.0,Austin,78759,30.422084,-97.752421,0.0,194.0,343.0,sold,2.0,1.0,0,0,0,1,0,43.0,0.6666666666666666
SOLD,179000,2.0,1.0,802.0,2614.0,1983.0,Austin,78759,30.384184,-97.745749,318.0,30.0,343.0,sold,2.0,1.0,0,0,0,0,0,43.0,0.5
SOLD,310000,2.0,2.0,1183.0,4177.0,1998.0,Austin,78759,30.308888,-97.825606,550.0,49.0,343.0,sold,1.0,1.0,0,0,0,0,0,28.0,1.0
SOLD,375000,2.0,1.0,1590.0,9958.0,2004.0,Austin,78759,30.402004,-97.755865,426.0,49.0,343.0,sold,1.0,2.0,0,0,0,0,0,22.0,0.5
SOLD,699000,3.0,2.0,1927.0,8756.0,1979.0,Austin,78759,30.419646,-97.765732,0.0,60.0,343.0,sold,2.0,1.0,0,0,0,1,0,47.0,0.6666666666666666
SOLD,429900,2.0,2.0,1564.0,7048.0,1985.0,Austin,78759,30.374352,-97.764099,475.0,28.0,343.0,sold,2.0,1.0,0,0,0,0,0,41.0,1.0
SOLD,795000,4.0,3.0,2772.0,10768.0,1984.0,Austin,78759,30.407818,-97.758665,13.0,48.0,343.0,sold,2.0,2.0,0,0,0,1,0,42.0,0.75
SOLD,825000,4.0,3.0,3247.0,14231.0,1993.0,Austin,78759,30.408746,-97.763368,41.0,138.0,343.0,sold,2.0,2.0,0,0,0,1,0,33.0,0.75
SOLD,699000,4.0,3.0,1903.0,11692.0,1969.0,Austin,78759,30.381425,-97.745212,0.0,13.0,343.0,sold,2.0,1.0,0,0,0,1,0,57.0,0.75
SOLD,1075000,4.0,2.0,2940.0,9683.0,1993.0,Austin,78759,30.410682,-97.762141,7.0,39.0,343.0,sold,2.0,2.0,0,0,0,1,0,33.0,0.5
SOLD,275000,2.0,2.0,1050.0,3258.0,1977.0,Austin,78759,30.375407,-97.75824,343.0,40.0,343.0,sold,2.0,1.0,0,0,0,0,0,49.0,1.0
SOLD,750000,4.0,2.0,2289.0,9797.0,1994.0,Austin,78759,30.414953,-97.758598,0.0,61.0,343.0,sold,2.0,1.0,0,0,0,1,0,32.0,0.5
SOLD,749900,4.0,2.0,2009.0,12802.0,1964.0,Austin,78759,30.376559,-97.743494,0.0,63.0,343.0,sold,2.0,1.0,0,0,0,1,0,62.0,0.5
SOLD,750000,4.0,2.0,2116.0,10245.0,1983.0,Austin,78759,30.418121,-97.764215,0.0,61.0,343.0,sold,2.0,2.0,0,0,0,1,0,43.0,0.5
SOLD,448300,3.0,2.0,1137.0,6752.0,1972.0,Austin,78759,30.413113,-97.740629,0.0,66.0,343.0,sold,2.0,1.0,0,0,0,1,0,54.0,0.6666666666666666
SOLD,1085000,4.0,2.0,2765.0,21475.0,1994.0,Austin,78759,30.417063,-97.776836,4.0,94.0,343.0,sold,3.0,2.0,0,0,0,1,0,32.0,0.5
SOLD,1175000,4.0,3.0,2598.0,9853.0,1970.0,Austin,78759,30.380375,-97.747306,0.0,30.0,343.0,sold,2.0,2.0,0,0,0,1,0,56.0,0.75
SOLD,474999,2.0,2.0,1571.0,3049.0,1976.0,Austin,78759,30.373252,-97.746082,273.0,36.0,343.0,sold,2.0,2.0,0,0,0,1,0,50.0,1.0
SOLD,449000,3.0,2.0,1485.0,6843.0,1980.0,Austin,78759,30.422959,-97.774346,0.0,56.0,343.0,sold,2.0,1.0,0,0,0,1,0,46.0,0.6666666666666666
SOLD,367900,2.0,2.0,1220.0,6321.0,1982.0,Austin,78759,30.377036,-97.760232,629.0,75.0,343.0,sold,2.0,2.0,0,0,0,0,0,44.0,1.0
SOLD,879900,3.0,2.0,2180.0,18326.0,1975.0,Austin,78759,30.424117,-97.780245,0.0,16.0,343.0,sold,2.0,1.0,0,0,0,1,0,51.0,0.6666666666666666
SOLD,1100000,4.0,2.0,2452.0,10119.0,1978.0,Austin,78759,30.383298,-97.759563,0.0,124.0,343.0,sold,2.0,2.0,0,0,0,1,0,48.0,0.5
SOLD,1440000,4.0,2.0,3132.0,15146.0,1986.0,Austin,78759,30.40827,-97.771028,0.0,96.0,343.0,sold,2.0,2.0,0,0,0,1,0,40.0,0.5
SOLD,600000,3.0,2.0,2191.0,11604.0,1976.0,Austin,78759,30.401109,-97.732029,58.0,45.0,343.0,sold,2.0,1.0,0,0,0,1,0,50.0,0.6666666666666666
SOLD,425000,3.0,2.0,1770.5,10890.0,1993.0,Austin,78759,30.414989,-97.767409,42.0,27.0,343.0,sold,2.0,1.0,1,0,0,0,0,33.0,0.6666666666666666
SOLD,649970,3.0,2.0,1769.0,12066.0,1983.0,Austin,78759,30.426607,-97.771032,0.0,75.0,343.0,sold,2.0,1.0,0,0,0,1,0,43.0,0.6666666666666666
SOLD,899900,5.0,4.0,2980.0,12981.0,1994.0,Austin,78759,30.416277,-97.756419,0.0,52.0,343.0,sold,2.0,2.0,0,0,0,1,0,32.0,0.8
SOLD,825000,4.0,2.0,2063.0,10707.0,1979.0,Austin,78759,30.406006,-97.731457,59.0,17.0,343.0,sold,2.0,1.0,0,0,0,1,0,47.0,0.5
SOLD,1390000,5.0,3.0,3254.0,11369.0,1968.0,Austin,78759,30.381389,-97.745794,0.0,27.0,343.0,sold,2.0,1.0,0,0,0,1,0,58.0,0.6
SOLD,1100000,3.0,2.0,2735.0,33145.0,1980.0,Austin,78759,30.396349,-97.758779,10.0,61.0,343.0,sold,2.0,1.0,0,0,0,1,0,46.0,0.6666666666666666
SOLD,779000,4.0,2.0,2453.0,7497.0,1990.0,Austin,78759,30.408938,-97.77016,0.0,48.0,343.0,sold,2.0,2.0,0,0,0,1,0,36.0,0.5
SOLD,1074500,4.0,3.0,2801.0,26694.0,1983.0,Austin,78759,30.415797,-97.772199,0.0,70.0,343.0,sold,2.0,2.0,0,0,0,1,0,43.0,0.75
SOLD,450000,3.0,2.0,1496.0,8433.0,1980.0,Austin,78759,30.416095,-97.715032,0.0,298.0,343.0,sold,2.0,1.0,0,0,0,1,0,46.0,0.6666666666666666
SOLD,175000,2.0,1.0,983.0,7048.0,1983.0,Austin,78759,30.410613,-97.747152,435.0,96.0,343.0,sold,2.0,2.0,0,0,0,0,0,43.0,0.5
SOLD,224000,1.0,1.0,801.0,4169.0,1982.0,Austin,78759,30.377036,-97.760232,392.0,41.0,343.0,sold,2.0,1.0,0,0,0,0,0,44.0,1.0
SOLD,1275000,3.0,2.0,2105.0,14505.0,1968.0,Austin,78759,30.380035,-97.751884,0.0,33.0,343.0,sold,2.0,1.0,0,0,0,1,0,58.0,0.6666666666666666
SOLD,1199000,4.0,2.0,2361.0,12837.0,1968.0,Austin,78759,30.379891,-97.752159,0.0,101.0,343.0,sold,2.0,1.0,0,0,0,1,0,58.0,0.5
SOLD,799950,4.0,2.0,1623.0,12807.0,1971.0,Austin,78759,30.369085,-97.752624,0.0,33.0,343.0,sold,2.0,1.0,0,0,0,1,0,55.0,0.5
SOLD,718900,3.0,2.0,1744.0,8712.0,1972.0,Austin,78759,30.404886,-97.739807,87.0,37.0,343.0,sold,2.0,1.0,0,0,0,1,0,54.0,0.6666666666666666
SOLD,725000,4.0,2.0,2210.0,9923.0,1975.0,Austin,78759,30.43115,-97.769734,0.0,26.0,343.0,sold,2.0,2.0,0,0,0,1,0,51.0,0.5
SOLD,530000,3.0,2.0,1690.0,21519.0,1978.0,Austin,78759,30.425355,-97.782387,0.0,15.0,343.0,sold,2.0,1.0,0,0,0,1,0,48.0,0.6666666666666666
SOLD,495000,3.0,2.0,1503.0,8102.0,1978.0,Austin,78759,30.417465,-97.711684,0.0,87.0,343.0,sold,2.0,2.0,0,0,0,1,0,48.0,0.6666666666666666
SOLD,850000,4.0,3.0,2882.0,7048.0,2019.0,Austin,78759,30.370944,-97.759597,540.0,262.0,343.0,sold,2.0,2.0,0,0,0,0,0,7.0,0.75
SOLD,800000,4.0,3.0,2267.0,14388.0,1994.0,Austin,78759,30.423067,-97.777341,0.0,35.0,343.0,sold,2.0,1.0,0,0,0,1,0,32.0,0.75
SOLD,700000,3.0,2.0,2200.0,13547.0,1985.0,Austin,78759,30.409062,-97.758475,0.0,51.0,343.0,sold,2.0,1.0,0,0,0,1,0,41.0,0.6666666666666666
SOLD,485000,2.0,2.0,1196.0,3485.0,1976.0,Austin,78759,30.372195,-97.746585,256.0,48.0,343.0,sold,2.0,1.0,0,0,0,0,1,50.0,1.0
SOLD,725000,3.0,2.0,2580.0,7048.0,2019.0,Austin,78759,30.370944,-97.759597,507.0,96.0,343.0,sold,1.0,2.0,0,0,0,0,0,7.0,0.6666666666666666
SOLD,389000,3.0,2.0,1427.0,4487.0,1977.0,Austin,78759,30.375407,-97.75824,466.0,99.0,343.0,sold,2.0,2.0,0,0,0,0,0,49.0,0.6666666666666666
SOLD,995000,5.0,2.0,3428.0,30592.0,1972.0,Austin,78759,30.423669,-97.7509,0.0,33.0,343.0,sold,4.0,2.0,0,0,0,1,0,54.0,0.4
SOLD,450000,2.0,2.0,1371.0,8015.0,1998.0,Austin,78759,30.417441,-97.752153,250.0,36.0,343.0,sold,2.0,1.0,0,0,0,1,0,28.0,1.0
SOLD,775000,4.0,2.0,2366.0,11953.0,1991.0,Austin,78759,30.410573,-97.765522,31.0,32.0,343.0,sold,2.0,1.0,0,0,0,1,0,35.0,0.5
SOLD,865000,4.0,3.0,2350.0,9178.0,2000.0,Austin,78759,30.397972,-97.77367,39.0,16.0,343.0,sold,2.0,2.0,0,0,0,1,0,26.0,0.75
SOLD,1100000,4.0,2.0,3355.0,16906.0,1979.0,Austin,78759,30.397002,-97.758828,2.0,58.0,343.0,sold,2.0,1.0,0,0,0,1,0,47.0,0.5
SOLD,665000,3.0,2.0,1822.0,8729.0,1979.0,Austin,78759,30.420126,-97.76487,0.0,36.0,343.0,sold,2.0,1.0,0,0,0,1,0,47.0,0.6666666666666666
SOLD,350000,2.0,2.0,1144.0,5902.0,1982.0,Austin,78759,30.377036,-97.760232,589.0,49.0,343.0,sold,1.0,1.0,0,0,0,0,0,44.0,1.0
SOLD,435000,2.0,2.0,1512.0,7850.0,1982.0,Austin,78759,30.377036,-97.760232,742.0,358.0,343.0,sold,2.0,1.0,0,0,0,0,0,44.0,1.0
SOLD,849000,4.0,2.0,2651.0,9988.0,1999.0,Austin,78759,30.413031,-97.769691,0.0,107.0,343.0,sold,2.0,2.0,0,0,0,1,0,27.0,0.5
SOLD,719000,4.0,2.0,2216.0,11935.0,1982.0,Austin,78759,30.416897,-97.769235,0.0,25.0,343.0,sold,2.0,1.0,0,0,0,1,0,44.0,0.5
SOLD,315000,2.0,2.0,1475.0,3363.0,1980.0,Austin,78759,30.431662,-97.770723,0.0,101.0,343.0,sold,2.0,2.0,0,0,0,0,1,46.0,1.0
SOLD,225000,1.0,1.0,887.0,4583.0,1982.0,Austin,78759,30.377036,-97.760232,436.0,35.0,343.0,sold,1.0,1.0,0,0,0,0,0,44.0,1.0
SOLD,425000,2.0,2.0,1139.0,2400.0,1980.0,Austin,78759,30.371497,-97.75313,172.0,178.0,343.0,sold,2.0,1.0,0,0,0,0,1,46.0,1.0
SOLD,640000,3.0,2.0,1899.0,9209.0,1971.0,Austin,78759,30.383155,-97.748584,0.0,144.0,343.0,sold,2.0,1.0,0,0,0,1,0,55.0,0.6666666666666666
SOLD,1250000,4.0,3.0,3634.0,14588.0,1990.0,Austin,78759,30.402986,-97.7716,0.0,37.0,343.0,sold,2.0,2.0,0,0,0,1,0,36.0,0.75
SOLD,775000,4.0,3.0,2691.0,18809.0,1975.0,Austin,78759,30.415607,-97.779962,0.0,42.0,343.0,sold,3.0,1.0,0,0,0,1,0,51.0,0.75
SOLD,1100000,4.0,2.0,2511.0,9801.0,1969.0,Austin,78759,30.379678,-97.753428,0.0,48.0,343.0,sold,2.0,1.0,0,0,0,1,0,57.0,0.5
SOLD,750000,4.0,2.0,2292.0,12480.0,1976.0,Austin,78759,30.426497,-97.775868,0.0,27.0,343.0,sold,2.0,2.0,0,0,0,1,0,50.0,0.5
SOLD,389900,2.0,2.0,1908.0,6525.0,1974.0,Austin,78759,30.372385,-97.751159,250.0,30.0,343.0,sold,2.0,1.0,0,0,0,1,0,52.0,1.0
SOLD,649900,3.0,2.0,1659.0,10062.0,1978.0,Austin,78759,30.408081,-97.738392,57.0,50.0,343.0,sold,2.0,1.0,0,0,0,1,0,48.0,0.6666666666666666
SOLD,450000,3.0,2.0,1520.0,11021.0,1982.0,Austin,78759,30.419302,-97.762775,0.0,35.0,343.0,sold,2.0,1.0,0,0,0,1,0,44.0,0.6666666666666666
SOLD,845000,4.0,2.0,2144.0,9352.0,1984.0,Austin,78759,30.392725,-97.762546,0.0,47.0,343.0,sold,2.0,2.0,0,0,0,1,0,42.0,0.5
SOLD,385000,4.0,2.0,1487.0,6765.0,1979.0,Austin,78759,30.415742,-97.71713,0.0,90.0,343.0,sold,2.0,1.0,0,0,0,1,0,47.0,0.5
SOLD,1070000,4.0,3.0,3179.0,17076.0,1983.0,Austin,78759,30.407561,-97.766039,41.0,47.0,343.0,sold,2.0,2.0,0,0,0,1,0,43.0,0.75
SOLD,1198900,4.0,3.0,3307.0,17137.0,1994.0,Austin,78759,30.424076,-97.778306,0.0,55.0,343.0,sold,2.0,2.0,0,0,0,1,0,32.0,0.75
SOLD,745000,3.0,2.0,1987.0,10842.0,1981.0,Austin,78759,30.40321,-97.731425,86.0,78.0,343.0,sold,2.0,1.0,0,0,0,1,0,45.0,0.6666666666666666
SOLD,560000,4.0,2.0,1705.0,13595.0,1981.0,Austin,78759,30.426879,-97.772889,0.0,29.0,343.0,sold,2.0,1.0,0,0,0,1,0,45.0,0.5
SOLD,879000,4.0,2.0,2586.0,13329.0,1982.0,Austin,78759,30.418686,-97.763876,0.0,28.0,343.0,sold,2.0,2.0,0,0,0,1,0,44.0,0.5
SOLD,1195000,4.0,3.0,3063.0,19036.0,1994.0,Austin,78759,30.39404,-97.775095,29.0,76.0,343.0,sold,2.0,2.0,0,0,0,1,0,32.0,0.75
SOLD,1200000,4.0,3.0,2515.0,5750.0,2013.0,Austin,78759,30.375697,-97.74652,75.0,33.0,343.0,sold,2.0,2.0,0,0,0,1,0,13.0,0.75
SOLD,239000,3.0,2.0,1427.0,4491.0,1977.0,Austin,78759,30.375407,-97.75824,466.0,27.0,343.0,sold,2.0,1.0,0,0,0,0,0,49.0,0.6666666666666666
SOLD,519900,3.0,2.0,1913.0,7736.0,1973.0,Austin,78759,30.412379,-97.740595,0.0,91.0,343.0,sold,2.0,1.0,0,0,0,1,0,53.0,0.6666666666666666
SOLD,740000,3.0,2.0,2382.0,6007.0,1982.0,Austin,78759,30.370546,-97.752953,172.0,75.0,343.0,sold,2.0,2.0,0,0,0,1,0,44.0,0.6666666666666666
SOLD,299000,2.0,2.0,1183.0,4182.0,1998.0,Austin,78759,30.308888,-97.825606,527.0,46.0,343.0,sold,1.0,1.0,0,0,0,0,0,28.0,1.0
FOR_SALE,698995,4.0,2.0,2609.0,12145.0,1996.0,Austin,78717,30.51695,-97.744044,45.0,32.0,268.0,for_sale,3.0,1.0,0,0,0,1,0,30.0,0.5
PENDING,575000,4.0,2.0,2253.0,6255.0,2003.0,Austin,78717,30.506262,-97.748821,54.0,10.0,255.0,for_sale,2.0,2.0,0,0,0,1,0,23.0,0.5
PENDING,800000,4.0,3.0,3080.0,8320.0,2007.0,Austin,78717,30.510041,-97.752138,69.0,31.0,260.0,for_sale,2.0,2.0,0,0,0,1,0,19.0,0.75
FOR_SALE,735000,5.0,3.0,2814.0,12188.0,2014.0,Austin,78717,30.496995,-97.757936,48.0,129.0,261.0,for_sale,3.0,2.0,0,0,0,1,0,12.0,0.6
FOR_SALE,455000,4.0,3.0,2163.0,2849.0,2015.0,Austin,78717,30.478827,-97.788503,285.0,72.0,210.0,for_sale,2.0,2.0,0,0,0,1,0,11.0,0.75
FOR_SALE,500000,3.0,2.0,2286.0,9200.0,1995.0,Austin,78717,30.490736,-97.771243,50.0,7.0,219.0,for_sale,2.0,1.0,0,0,0,1,0,31.0,0.6666666666666666
FOR_SALE,475000,3.0,2.0,2218.0,7841.0,2006.0,Austin,78717,30.496262,-97.794013,69.0,57.0,214.0,for_sale,2.0,2.0,0,0,0,1,0,20.0,0.6666666666666666
FOR_SALE,247990,2.0,2.0,1090.0,7048.0,2009.0,Austin,78717,30.495743,-97.776588,340.0,39.0,228.0,for_sale,1.0,1.0,0,0,0,0,0,17.0,1.0
PENDING,699900,3.0,2.0,2535.0,7614.0,2000.0,Austin,78717,30.492117,-97.768633,45.0,95.0,276.0,for_sale,2.0,1.0,0,0,0,1,0,26.0,0.6666666666666666
FOR_SALE,650000,3.0,2.0,2532.0,8011.0,2005.0,Austin,78717,30.5073,-97.751151,69.0,17.0,257.0,for_sale,3.0,1.0,0,0,0,1,0,21.0,0.6666666666666666
FOR_SALE,335000,2.0,2.0,1378.0,3485.0,2007.0,Austin,78717,30.495587,-97.788294,381.0,50.0,243.0,for_sale,2.0,1.0,0,0,0,0,0,19.0,1.0
FOR_SALE,945000,4.0,3.0,3727.0,10990.0,2011.0,Austin,78717,30.486822,-97.723964,37.0,81.0,254.0,for_sale,2.0,2.0,0,0,0,1,0,15.0,0.75
FOR_SALE,349900,3.0,2.0,1779.0,7048.0,2018.0,Austin,78717,30.47979,-97.791626,350.0,30.0,197.0,for_sale,2.0,2.0,0,0,0,0,0,8.0,0.6666666666666666
FOR_SALE,675000,5.0,3.0,2840.0,11975.0,2000.0,Austin,78717,30.51567,-97.747347,50.0,73.0,238.0,for_sale,3.0,1.0,0,0,0,1,0,26.0,0.6
FOR_SALE,395000,3.0,2.0,1977.0,3049.0,2017.0,Austin,78717,30.478748,-97.787428,213.0,69.0,200.0,for_sale,2.0,2.0,0,0,0,1,0,9.0,0.6666666666666666
FOR_SALE,634900,4.0,3.0,3166.0,5227.0,2004.0,Austin,78717,30.49786,-97.769532,107.0,33.0,201.0,for_sale,2.0,2.0,0,0,0,1,0,22.0,0.75
FOR_SALE,585000,4.0,2.0,2257.0,12815.0,2002.0,Austin,78717,30.498212,-97.760005,69.0,11.0,259.0,for_sale,2.0,1.0,0,0,0,1,0,24.0,0.5
PENDING,465000,3.0,2.0,2381.0,7048.0,2015.0,Austin,78717,30.487903,-97.729245,100.0,123.0,195.0,for_sale,2.0,2.0,0,0,0,1,0,11.0,0.6666666666666666
FOR_SALE,799000,4.0,3.0,3338.0,10385.0,2008.0,Austin,78717,30.508817,-97.752174,69.0,3.0,239.0,for_sale,3.0,2.0,0,0,0,1,0,18.0,0.75
FOR_SALE,429900,3.0,2.0,1767.0,6547.0,1997.0,Austin,78717,30.486166,-97.741071,10.0,23.0,243.0,for_sale,2.0,1.0,0,0,0,1,0,29.0,0.6666666666666666
PENDING,519000,4.0,3.0,2220.0,6273.0,2013.0,Austin,78717,30.490284,-97.797532,56.0,19.0,234.0,for_sale,2.0,2.0,0,0,0,1,0,13.0,0.75
FOR_SALE,450000,3.0,2.0,1814.0,7392.0,2015.0,Austin,78717,30.495033,-97.799799,69.0,35.0,248.0,for_sale,2.0,2.0,0,0,0,1,0,11.0,0.6666666666666666
FOR_SALE,539900,4.0,2.0,2504.0,7623.0,2001.0,Austin,78717,30.492221,-97.736525,20.0,4.0,216.0,for_sale,2.0,2.0,0,0,0,1,0,25.0,0.5
FOR_SALE,298000,3.0,2.0,1401.0,4748.0,1985.0,Austin,78717,30.509557,-97.739572,18.0,144.0,213.0,for_sale,2.0,1.0,0,0,0,1,0,41.0,0.6666666666666666
FOR_SALE,695000,4.0,2.0,2547.0,8690.0,2006.0,Austin,78717,30.49336,-97.763039,60.0,20.0,273.0,for_sale,2.0,1.0,0,0,0,1,0,20.0,0.5
FOR_SALE,535000,4.0,3.0,2277.0,6965.0,2009.0,Austin,78717,30.491664,-97.792857,69.0,17.0,235.0,for_sale,2.0,2.0,0,0,0,1,0,17.0,0.75
FOR_SALE,879000,4.0,3.0,3751.0,8451.0,2002.0,Austin,78717,30.503029,-97.762196,69.0,51.0,234.0,for_sale,2.0,2.0,0,0,0,1,0,24.0,0.75
FOR_SALE,440000,3.0,2.0,1977.0,4400.0,2017.0,Austin,78717,30.479073,-97.770576,60.0,59.0,223.0,for_sale,2.0,2.0,0,0,0,1,0,9.0,0.6666666666666666
FOR_SALE,325000,3.0,2.0,1217.0,4447.0,1984.0,Austin,78717,30.510054,-97.738746,18.0,23.0,267.0,for_sale,1.0,1.0,0,0,0,1,0,42.0,0.6666666666666666
FOR_SALE,829999,6.0,3.0,3812.0,11857.0,2000.0,Austin,78717,30.494201,-97.737346,0.0,49.0,218.0,for_sale,3.0,2.0,0,0,0,1,0,26.0,0.5
PENDING,649000,4.0,3.0,3020.0,9017.0,1991.0,Austin,78717,30.491234,-97.74368,17.0,22.0,215.0,for_sale,2.0,2.0,0,0,0,1,0,35.0,0.75
FOR_SALE,432500,3.0,2.0,1792.0,4513.0,2016.0,Austin,78717,30.487,-97.790886,171.0,101.0,241.0,for_sale,1.0,2.0,0,0,0,1,0,10.0,0.6666666666666666
FOR_SALE,825000,4.0,3.0,3003.0,9191.0,2013.0,Austin,78717,30.490032,-97.726008,37.0,80.0,275.0,for_sale,3.0,1.0,0,0,0,1,0,13.0,0.75
FOR_SALE,844000,5.0,3.0,3153.0,7601.0,1998.0,Austin,78717,30.487022,-97.763738,50.0,45.0,268.0,for_sale,2.0,2.0,0,0,0,1,0,28.0,0.6
FOR_SALE,399000,2.0,2.0,1435.0,4400.0,2013.0,Austin,78717,30.483925,-97.792693,193.0,108.0,278.0,for_sale,1.0,2.0,0,0,0,0,0,13.0,1.0
FOR_SALE,250000,2.0,1.0,1090.0,1917.0,2008.0,Austin,78717,30.495802,-97.777351,340.0,93.0,229.0,for_sale,1.0,2.0,0,0,0,0,0,18.0,0.5
FOR_SALE,294999,3.0,2.0,1571.0,7048.0,2012.0,Austin,78717,30.492545,-97.78986,300.0,45.0,188.0,for_sale,2.0,2.0,0,0,0,0,0,14.0,0.6666666666666666
FOR_SALE,499900,4.0,2.0,2125.0,6769.0,2006.0,Austin,78717,30.493348,-97.761464,69.0,53.0,235.0,for_sale,2.0,1.0,0,0,0,1,0,20.0,0.5
FOR_SALE,829900,4.0,2.0,3146.0,9888.0,2017.0,Austin,78717,30.487857,-97.752946,48.0,3.0,264.0,for_sale,2.0,2.0,0,0,0,1,0,9.0,0.5
FOR_SALE,599900,3.0,2.0,2503.0,9426.0,2002.0,Austin,78717,30.51249,-97.748173,69.0,31.0,240.0,for_sale,3.0,1.0,0,0,0,1,0,24.0,0.6666666666666666
FOR_SALE,625000,4.0,3.0,2066.0,14854.0,2006.0,Austin,78717,30.499258,-97.795936,69.0,23.0,303.0,for_sale,2.0,2.0,0,0,0,1,0,20.0,0.75
FOR_SALE,959000,6.0,4.0,3812.0,9583.0,2003.0,Austin,78717,30.503843,-97.758403,111.0,80.0,252.0,for_sale,3.0,2.0,0,0,0,1,0,23.0,0.6666666666666666
FOR_SALE,489000,3.0,2.0,2090.0,8337.0,2005.0,Austin,78717,30.495525,-97.75966,69.0,32.0,234.0,for_sale,2.0,1.0,0,0,0,1,0,21.0,0.6666666666666666
FOR_SALE,524000,4.0,2.0,2354.0,7405.0,1997.0,Austin,78717,30.494221,-97.771367,45.0,139.0,223.0,for_sale,2.0,1.0,0,0,0,1,0,29.0,0.5
FOR_SALE,485000,3.0,2.0,2275.0,2614.0,2015.0,Austin,78717,30.478864,-97.788208,285.0,68.0,213.0,for_sale,2.0,2.0,0,0,0,1,0,11.0,0.6666666666666666
PENDING,469000,3.0,2.0,1991.0,8307.0,2015.0,Austin,78717,30.495981,-97.798778,65.0,73.0,236.0,for_sale,2.0,1.0,0,0,0,1,0,11.0,0.6666666666666666
FOR_SALE,300000,3.0,2.0,1148.0,4535.0,1985.0,Austin,78717,30.509008,-97.740447,18.0,80.0,261.0,for_sale,1.0,1.0,0,0,0,1,0,41.0,0.6666666666666666
FOR_SALE,485000,3.0,2.0,2004.0,7083.0,1997.0,Austin,78717,30.49285,-97.770823,45.0,3.0,242.0,for_sale,2.0,1.0,0,0,0,1,0,29.0,0.6666666666666666
FOR_SALE,535000,3.0,2.0,1625.0,7257.0,1986.0,Austin,78717,30.48927,-97.738586,17.0,35.0,329.0,for_sale,2.0,2.0,0,0,0,1,0,40.0,0.6666666666666666
FOR_SALE,360000,3.0,2.0,1701.0,7048.0,2018.0,Austin,78717,30.479985,-97.791013,350.0,17.0,212.0,for_sale,2.0,2.0,0,0,0,0,1,8.0,0.6666666666666666
FOR_SALE,285000,2.0,2.0,1231.0,7048.0,2009.0,Austin,78717,30.496295,-97.777259,340.0,112.0,232.0,for_sale,2.0,2.0,0,0,0,0,0,17.0,1.0
FOR_SALE,449000,3.0,2.0,1868.0,5358.0,2015.0,Austin,78717,30.481784,-97.790962,194.0,32.0,240.0,for_sale,1.0,2.0,0,0,0,0,0,11.0,0.6666666666666666
FOR_SALE,600000,4.0,2.0,2530.0,8032.0,2016.0,Austin,78717,30.49111,-97.789485,58.0,67.0,237.0,for_sale,2.0,2.0,0,0,0,1,0,10.0,0.5
FOR_SALE,679900,4.0,2.0,3234.0,7488.0,2001.0,Austin,78717,30.516043,-97.738377,50.0,55.0,210.0,for_sale,2.0,2.0,0,0,0,1,0,25.0,0.5
FOR_SALE,799990,4.0,4.0,3182.0,9453.0,2014.0,Austin,78717,30.487839,-97.791355,58.0,103.0,251.0,for_sale,2.0,2.0,0,0,0,1,0,12.0,1.0
FOR_SALE,399000,2.0,2.0,1362.0,7048.0,2016.0,Austin,78717,30.485449,-97.791527,171.0,3.0,293.0,for_sale,1.0,1.0,0,0,0,0,0,10.0,1.0
FOR_SALE,385000,4.0,3.0,2060.0,7048.0,2018.0,Austin,78717,30.480286,-97.791671,350.0,184.0,187.0,for_sale,2.0,2.0,0,0,0,0,0,8.0,0.75
FOR_SALE,450000,3.0,2.0,1872.0,7362.0,2004.0,Austin,78717,30.508701,-97.748283,54.0,116.0,240.0,for_sale,2.0,1.0,0,0,0,1,0,22.0,0.6666666666666666
PENDING,785000,5.0,4.0,3731.0,7971.0,2005.0,Austin,78717,30.495025,-97.763717,69.0,44.0,210.0,for_sale,2.0,2.0,0,0,0,1,0,21.0,0.8
FOR_SALE,450000,3.0,2.0,1830.0,9583.0,2022.0,Austin,78717,30.475956,-97.781334,185.0,73.0,246.0,for_sale,2.0,2.0,0,0,0,1,0,4.0,0.6666666666666666
FOR_SALE,599990,3.0,2.0,2716.0,5576.0,2008.0,Austin,78717,30.498556,-97.770976,100.0,82.0,221.0,for_sale,2.0,2.0,0,0,0,1,0,18.0,0.6666666666666666
FOR_SALE,645000,3.0,2.0,2549.0,9496.0,2004.0,Austin,78717,30.503915,-97.753662,65.0,31.0,253.0,for_sale,3.0,1.0,0,0,0,1,0,22.0,0.6666666666666666
FOR_SALE,675000,4.0,2.0,2713.0,6765.0,2010.0,Austin,78717,30.491639,-97.723914,35.0,231.0,249.0,for_sale,2.0,2.0,0,0,0,1,0,16.0,0.5
FOR_SALE,595000,4.0,3.0,2667.0,4996.0,2019.0,Austin,78717,30.478199,-97.772213,57.0,18.0,223.0,for_sale,2.0,2.0,0,0,0,1,0,7.0,0.75
FOR_SALE,829000,5.0,4.0,2963.0,8621.0,2003.0,Austin,78717,30.49665,-97.7846,69.0,65.0,280.0,for_sale,2.0,2.0,0,0,0,1,0,23.0,0.8
FOR_SALE,624000,4.0,2.0,2767.0,7841.0,2002.0,Austin,78717,30.506197,-97.756928,69.0,17.0,226.0,for_sale,2.0,1.0,0,0,0,1,0,24.0,0.5
PENDING,524900,3.0,2.0,1941.0,6848.0,1992.0,Austin,78717,30.499225,-97.743971,8.0,31.0,270.0,for_sale,2.0,1.0,0,0,0,1,0,34.0,0.6666666666666666
FOR_SALE,410000,3.0,2.0,1799.0,7048.0,2020.0,Austin,78717,30.491396,-97.801579,370.0,89.0,228.0,for_sale,2.0,2.0,0,0,0,0,0,6.0,0.6666666666666666
PENDING,539000,4.0,3.0,2325.0,7057.0,2012.0,Austin,78717,30.489649,-97.797795,69.0,51.0,232.0,for_sale,2.0,2.0,0,0,0,1,0,14.0,0.75
FOR_SALE,630000,5.0,2.0,2762.0,10890.0,2015.0,Austin,78717,30.494848,-97.800213,65.0,39.0,228.0,for_sale,2.0,2.0,0,0,0,1,0,11.0,0.4
FOR_SALE,425000,4.0,2.0,1975.0,7048.0,2020.0,Austin,78717,30.491661,-97.801231,370.0,31.0,215.0,for_sale,2.0,2.0,0,0,0,0,0,6.0,0.5
FOR_SALE,345000,3.0,2.0,1779.0,7048.0,2017.0,Austin,78717,30.480204,-97.790809,350.0,157.0,194.0,for_sale,2.0,2.0,0,0,0,0,0,9.0,0.6666666666666666
FOR_SALE,567000,4.0,2.0,3211.0,8276.0,1999.0,Austin,78717,30.48548,-97.740473,15.0,121.0,177.0,for_sale,2.0,2.0,0,0,0,1,0,27.0,0.5
FOR_SALE,599000,4.0,2.0,2519.0,14201.0,1991.0,Austin,78717,30.506255,-97.742682,8.0,32.0,238.0,for_sale,2.0,2.0,0,0,0,1,0,35.0,0.5
FOR_SALE,499000,3.0,2.0,1714.0,6817.0,1986.0,Austin,78717,30.491667,-97.738676,17.0,135.0,291.0,for_sale,2.0,2.0,0,0,0,1,0,40.0,0.6666666666666666
FOR_SALE,749900,4.0,3.0,3169.0,9235.0,2003.0,Austin,78717,30.502047,-97.761408,69.0,38.0,237.0,for_sale,2.0,2.0,0,0,0,1,0,23.0,0.75
FOR_SALE,651000,5.0,4.0,3405.0,7231.0,2004.0,Austin,78717,30.501587,-97.782252,66.0,0.0,191.0,for_sale,2.0,2.0,0,0,0,1,0,22.0,0.8
FOR_SALE,599900,3.0,2.0,2492.0,7048.0,2001.0,Austin,78717,30.493583,-97.768476,45.0,142.0,241.0,for_sale,2.0,1.0,0,0,0,1,0,25.0,0.6666666666666666
FOR_SALE,544000,4.0,2.0,2281.0,7688.0,2004.0,Austin,78717,30.495643,-97.758345,55.0,121.0,238.0,for_sale,2.0,1.0,0,0,0,1,0,22.0,0.5
FOR_SALE,864999,4.0,3.0,3003.0,7884.0,2013.0,Austin,78717,30.488842,-97.794721,75.0,16.0,288.0,for_sale,3.0,1.0,0,0,0,1,0,13.0,0.75
FOR_SALE,410000,2.0,2.0,1443.0,5667.0,2014.0,Austin,78717,30.482653,-97.790726,194.0,115.0,284.0,for_sale,1.0,2.0,0,0,0,1,0,12.0,1.0
FOR_SALE,560000,4.0,3.0,2679.0,4704.0,2020.0,Austin,78717,30.476901,-97.771363,60.0,116.0,209.0,for_sale,2.0,2.0,0,0,0,1,0,6.0,0.75
FOR_SALE,584000,4.0,3.0,2516.0,7488.0,2017.0,Austin,78717,30.494185,-97.799173,69.0,39.0,232.0,for_sale,1.0,2.0,0,0,0,1,0,9.0,0.75
FOR_SALE,525000,4.0,2.0,2230.0,11221.0,2005.0,Austin,78717,30.494534,-97.791945,69.0,66.0,235.0,for_sale,2.0,2.0,0,0,0,1,0,21.0,0.5
FOR_SALE,775000,4.0,3.0,3318.0,8642.0,2006.0,Austin,78717,30.503339,-97.76455,41.0,112.0,234.0,for_sale,2.0,2.0,0,0,0,1,0,20.0,0.75
FOR_SALE,399900,3.0,2.0,2237.0,3158.0,2016.0,Austin,78717,30.478186,-97.787544,285.0,200.0,179.0,for_sale,2.0,2.0,0,0,0,1,0,10.0,0.6666666666666666
FOR_SALE,660000,5.0,4.0,3028.0,5009.0,2018.0,Austin,78717,30.476644,-97.773119,41.0,43.0,218.0,for_sale,2.0,2.0,0,0,0,0,0,8.0,0.8
FOR_SALE,437500,2.0,2.0,1661.0,7048.0,2014.0,Austin,78717,30.483111,-97.792206,194.0,65.0,263.0,for_sale,1.0,2.0,0,0,0,1,0,12.0,1.0
FOR_SALE,675000,4.0,2.0,2917.0,12933.0,1999.0,Austin,78717,30.494607,-97.746819,8.0,130.0,231.0,for_sale,2.0,2.0,0,0,0,1,0,27.0,0.5
FOR_SALE,450000,3.0,2.0,1815.0,7048.0,2014.0,Austin,78717,30.482739,-97.790517,193.0,81.0,248.0,for_sale,1.0,2.0,0,0,0,1,0,12.0,0.6666666666666666
FOR_SALE,499000,3.0,2.0,2238.0,7048.0,2017.0,Austin,78717,30.478125,-97.769905,60.0,52.0,223.0,for_sale,2.0,2.0,0,0,0,0,0,9.0,0.6666666666666666
FOR_SALE,789000,5.0,3.0,3396.0,7867.0,2001.0,Austin,78717,30.494989,-97.769112,50.0,16.0,232.0,for_sale,2.0,2.0,0,0,0,1,0,25.0,0.6
PENDING,548000,3.0,2.0,2212.0,10171.0,2006.0,Austin,78717,30.495913,-97.795556,69.0,100.0,248.0,for_sale,2.0,1.0,0,0,0,1,0,20.0,0.6666666666666666
SOLD,959900,4.0,3.0,3480.0,14418.0,2013.0,Austin,78717,30.485564,-97.795579,58.0,47.0,343.0,sold,3.0,1.0,0,0,0,1,0,13.0,0.75
SOLD,597500,3.0,3.0,2658.0,11687.0,1995.0,Austin,78717,30.511197,-97.743706,45.0,116.0,343.0,sold,2.0,1.0,0,0,0,1,0,31.0,1.0
SOLD,259900,2.0,2.0,1461.0,7048.0,2009.0,Austin,78717,30.496095,-97.776551,340.0,203.0,343.0,sold,2.0,2.0,0,0,0,0,0,17.0,1.0
SOLD,715000,5.0,4.0,3280.0,7492.0,2004.0,Austin,78717,30.500789,-97.783974,69.0,28.0,343.0,sold,2.0,2.0,0,0,0,1,0,22.0,0.8
SOLD,399750,3.0,2.0,1677.0,5963.0,1985.0,Austin,78717,30.49217,-97.738715,15.0,134.0,343.0,sold,2.0,1.0,0,0,0,1,0,41.0,0.6666666666666666
SOLD,325000,3.0,2.0,1571.0,7048.0,2012.0,Austin,78717,30.493364,-97.790901,335.0,95.0,343.0,sold,2.0,2.0,0,0,0,0,0,14.0,0.6666666666666666
SOLD,485000,3.0,2.0,1920.0,5881.0,2005.0,Austin,78717,30.501307,-97.778177,69.0,46.0,343.0,sold,2.0,1.0,0,0,0,1,0,21.0,0.6666666666666666
SOLD,550000,4.0,2.0,2715.0,9871.0,1994.0,Austin,78717,30.490294,-97.770809,50.0,117.0,343.0,sold,2.0,2.0,0,0,0,1,0,32.0,0.5
SOLD,699900,4.0,3.0,2916.0,10877.0,2000.0,Austin,78717,30.517699,-97.740513,45.0,149.0,343.0,sold,2.0,2.0,0,0,0,1,0,26.0,0.75
SOLD,649900,3.0,2.0,2890.0,11221.0,1997.0,Austin,78717,30.5165,-97.743991,50.0,29.0,343.0,sold,2.0,1.0,0,0,0,1,0,29.0,0.6666666666666666
SOLD,750000,4.0,2.0,2931.0,10716.0,1995.0,Austin,78717,30.498563,-97.745509,8.0,33.0,343.0,sold,2.0,2.0,0,0,0,1,0,31.0,0.5
SOLD,735000,4.0,2.0,2766.0,7449.0,2017.0,Austin,78717,30.494431,-97.753557,48.0,101.0,343.0,sold,2.0,2.0,0,0,0,1,0,9.0,0.5
SOLD,589900,3.0,2.0,2127.0,6251.0,2014.0,Austin,78717,30.498162,-97.754889,50.0,86.0,343.0,sold,2.0,1.0,0,0,0,1,0,12.0,0.6666666666666666
SOLD,789000,4.0,3.0,3166.0,10520.0,2006.0,Austin,78717,30.49455,-97.76258,69.0,57.0,343.0,sold,2.0,2.0,0,0,0,1,0,20.0,0.75
SOLD,525000,3.0,2.0,1886.0,6007.0,2010.0,Austin,78717,30.49016,-97.725226,37.0,38.0,343.0,sold,2.0,1.0,0,0,0,1,0,16.0,0.6666666666666666
SOLD,1200000,4.0,3.0,3752.0,10559.0,2009.0,Austin,78717,30.504842,-97.763818,62.0,65.0,343.0,sold,3.0,2.0,0,0,0,1,0,17.0,0.75
SOLD,329900,2.0,2.0,1378.0,7048.0,2006.0,Austin,78717,30.495277,-97.787976,385.0,96.0,343.0,sold,2.0,1.0,0,0,0,0,0,20.0,1.0
SOLD,424000,3.0,2.0,1620.0,4556.0,2016.0,Austin,78717,30.486781,-97.790719,193.0,62.0,343.0,sold,1.0,2.0,0,0,0,1,0,10.0,0.6666666666666666
SOLD,465000,3.0,2.0,2129.0,5140.0,2004.0,Austin,78717,30.500865,-97.787446,69.0,48.0,343.0,sold,2.0,2.0,0,0,0,1,0,22.0,0.6666666666666666
SOLD,298500,3.0,2.0,1317.0,4251.0,1985.0,Austin,78717,30.508232,-97.737649,13.0,27.0,343.0,sold,2.0,2.0,0,0,0,1,0,41.0,0.6666666666666666
SOLD,750000,4.0,2.0,2921.0,13504.0,1999.0,Austin,78717,30.51744,-97.746265,45.0,28.0,343.0,sold,2.0,2.0,0,0,0,1,0,27.0,0.5
SOLD,439000,3.0,2.0,1868.0,7924.0,2007.0,Austin,78717,30.492477,-97.796865,65.0,18.0,343.0,sold,2.0,1.0,0,0,0,1,0,19.0,0.6666666666666666
SOLD,500000,4.0,3.0,2237.0,5532.0,2012.0,Austin,78717,30.489457,-97.798702,69.0,157.0,343.0,sold,2.0,2.0,0,0,0,1,0,14.0,0.75
SOLD,749900,5.0,4.0,3126.0,14070.0,2008.0,Austin,78717,30.496871,-97.797011,69.0,51.0,343.0,sold,2.0,2.0,0,0,0,1,0,18.0,0.8
SOLD,460000,4.0,2.0,2588.0,9535.0,1998.0,Austin,78717,30.485198,-97.741621,17.0,104.0,343.0,sold,2.0,2.0,0,0,0,1,0,28.0,0.5
SOLD,425000,3.0,2.0,2120.0,6926.0,2002.0,Austin,78717,30.493901,-97.782493,69.0,27.0,343.0,sold,2.0,2.0,0,0,0,1,0,24.0,0.6666666666666666
SOLD,649000,3.0,2.0,2728.0,8581.0,2011.0,Austin,78717,30.491307,-97.796353,69.0,47.0,343.0,sold,2.0,2.0,0,0,0,1,0,15.0,0.6666666666666666
SOLD,750000,4.0,2.0,2929.0,14070.0,1997.0,Austin,78717,30.495514,-97.745064,16.0,87.0,343.0,sold,2.0,2.0,0,0,0,1,0,29.0,0.5
SOLD,729000,5.0,4.0,3247.0,8102.0,2004.0,Austin,78717,30.499756,-97.793419,65.0,33.0,343.0,sold,2.0,2.0,0,0,0,1,0,22.0,0.8
SOLD,579700,3.0,2.0,1888.0,7436.0,2003.0,Austin,78717,30.50759,-97.747775,69.0,42.0,343.0,sold,2.0,1.0,0,0,0,1,0,23.0,0.6666666666666666
SOLD,699000,3.0,2.0,2647.0,8377.0,2004.0,Austin,78717,30.50946,-97.749812,69.0,40.0,343.0,sold,3.0,1.0,0,0,0,1,0,22.0,0.6666666666666666
SOLD,620000,4.0,2.0,2878.0,6181.0,2016.0,Austin,78717,30.493735,-97.799913,69.0,33.0,343.0,sold,2.0,2.0,0,0,0,1,0,10.0,0.5
SOLD,569500,3.0,2.0,2305.0,10189.0,1997.0,Austin,78717,30.49935,-97.747511,8.0,35.0,343.0,sold,2.0,1.0,0,0,0,1,0,29.0,0.6666666666666666
SOLD,825000,4.0,3.0,3266.0,10115.0,2004.0,Austin,78717,30.503065,-97.766459,65.0,259.0,343.0,sold,3.0,2.0,0,0,0,1,0,22.0,0.75
SOLD,380000,3.0,2.0,1858.0,4792.0,2002.0,Austin,78717,30.506611,-97.744601,66.0,222.0,343.0,sold,2.0,1.0,0,0,0,1,0,24.0,0.6666666666666666
SOLD,499900,3.0,2.0,2095.0,7436.0,2009.0,Austin,78717,30.490528,-97.724386,37.0,190.0,343.0,sold,2.0,1.0,0,0,0,1,0,17.0,0.6666666666666666
SOLD,549900,3.0,2.0,2486.0,8808.0,1998.0,Austin,78717,30.493341,-97.744659,17.0,54.0,343.0,sold,2.0,1.0,0,0,0,1,0,28.0,0.6666666666666666
SOLD,699000,4.0,2.0,2595.0,8864.0,1992.0,Austin,78717,30.498292,-97.74422,8.0,41.0,343.0,sold,2.0,1.0,0,0,0,1,0,34.0,0.5
SOLD,459000,3.0,2.0,1896.0,4940.0,2018.0,Austin,78717,30.476391,-97.773625,60.0,145.0,343.0,sold,2.0,1.0,0,0,0,1,0,8.0,0.6666666666666666
SOLD,740000,5.0,3.0,3354.0,9975.0,2000.0,Austin,78717,30.48985,-97.734871,15.0,91.0,343.0,sold,2.0,2.0,0,0,0,1,0,26.0,0.6
SOLD,819000,3.0,3.0,3258.0,10616.0,2004.0,Austin,78717,30.501857,-97.761961,69.0,62.0,343.0,sold,2.0,2.0,0,0,0,1,0,22.0,1.0
SOLD,697250,3.0,2.0,2618.0,18465.0,1997.0,Austin,78717,30.495479,-97.742709,31.0,42.0,343.0,sold,2.0,1.0,0,0,0,1,0,29.0,0.6666666666666666
SOLD,810000,4.0,2.0,3320.0,8734.0,1997.0,Austin,78717,30.486628,-97.766322,45.0,57.0,343.0,sold,3.0,2.0,0,0,0,1,0,29.0,0.5
SOLD,730000,5.0,3.0,3030.0,8281.0,1998.0,Austin,78717,30.500844,-97.745296,21.0,42.0,343.0,sold,2.0,1.0,0,0,0,1,0,28.0,0.6
SOLD,685000,4.0,3.0,2770.0,14205.0,2001.0,Austin,78717,30.514739,-97.748472,69.0,34.0,343.0,sold,3.0,1.0,0,0,0,1,0,25.0,0.75
SOLD,460000,4.0,3.0,2163.0,4726.0,2019.0,Austin,78717,30.478543,-97.769139,60.0,21.0,343.0,sold,2.0,2.0,0,0,0,1,0,7.0,0.75
SOLD,649900,4.0,2.0,2627.0,10903.0,1996.0,Austin,78717,30.516781,-97.74324,50.0,40.0,343.0,sold,2.0,1.0,0,0,0,1,0,30.0,0.5
SOLD,479000,3.0,2.0,1683.0,6726.0,2014.0,Austin,78717,30.482772,-97.791056,193.0,33.0,343.0,sold,1.0,2.0,0,0,0,1,0,12.0,0.6666666666666666
SOLD,865000,4.0,3.0,3215.0,9309.0,2006.0,Austin,78717,30.511223,-97.753526,69.0,45.0,343.0,sold,2.0,1.0,0,0,0,1,0,20.0,0.75
SOLD,349900,3.0,2.0,1317.0,4147.0,1985.0,Austin,78717,30.510188,-97.740405,13.0,24.0,343.0,sold,2.0,2.0,0,0,0,1,0,41.0,0.6666666666666666
SOLD,649600,4.0,2.0,2759.0,8930.0,2003.0,Austin,78717,30.498625,-97.791796,100.0,14.0,343.0,sold,3.0,2.0,0,0,0,1,0,23.0,0.5
SOLD,849900,5.0,4.0,3080.0,6251.0,2015.0,Austin,78717,30.497374,-97.75461,50.0,26.0,343.0,sold,2.0,2.0,0,0,0,1,0,11.0,0.8
SOLD,509900,4.0,2.0,2206.0,9496.0,1987.0,Austin,78717,30.50365,-97.743284,8.0,50.0,343.0,sold,2.0,1.0,0,0,0,1,0,39.0,0.5
SOLD,900000,4.0,3.0,2988.0,9557.0,2017.0,Austin,78717,30.49548,-97.753588,48.0,36.0,343.0,sold,2.0,2.0,0,0,0,1,0,9.0,0.75
SOLD,459900,3.0,2.0,1785.0,6839.0,2009.0,Austin,78717,30.492107,-97.795167,69.0,56.0,343.0,sold,2.0,1.0,0,0,0,1,0,17.0,0.6666666666666666
SOLD,378000,3.0,2.0,1701.0,1080.0,2017.0,Austin,78717,30.480258,-97.790832,350.0,89.0,343.0,sold,2.0,2.0,0,0,0,0,0,9.0,0.6666666666666666
SOLD,625000,5.0,3.0,2617.0,6055.0,2011.0,Austin,78717,30.494304,-97.798204,65.0,38.0,343.0,sold,2.0,2.0,0,0,0,1,0,15.0,0.6
SOLD,805000,5.0,4.0,3298.0,8716.0,2005.0,Austin,78717,30.499905,-97.793772,65.0,399.0,343.0,sold,3.0,2.0,0,0,0,1,0,21.0,0.8
SOLD,375000,4.0,2.0,1845.0,7048.0,2012.0,Austin,78717,30.492205,-97.790153,325.0,47.0,343.0,sold,2.0,2.0,0,0,0,0,0,14.0,0.5
SOLD,719622,4.0,3.0,2688.0,8451.0,1992.0,Austin,78717,30.49974,-97.742783,8.0,48.0,343.0,sold,2.0,2.0,0,0,0,1,0,34.0,0.75
SOLD,576000,3.0,2.0,2273.0,6543.0,2002.0,Austin,78717,30.498618,-97.760881,59.0,61.0,343.0,sold,2.0,1.0,0,0,0,1,0,24.0,0.6666666666666666
SOLD,875000,4.0,4.0,3494.0,8494.0,2013.0,Austin,78717,30.488805,-97.794908,67.0,60.0,343.0,sold,2.0,2.0,0,0,0,1,0,13.0,1.0
SOLD,330000,3.0,2.0,1571.0,7048.0,2011.0,Austin,78717,30.493931,-97.789769,408.0,68.0,343.0,sold,2.0,2.0,0,0,0,0,0,15.0,0.6666666666666666
SOLD,485000,3.0,2.0,2176.0,7802.0,1997.0,Austin,78717,30.493504,-97.772928,50.0,87.0,343.0,sold,2.0,1.0,0,0,0,1,0,29.0,0.6666666666666666
SOLD,660000,4.0,3.0,3013.0,8594.0,2001.0,Austin,78717,30.493208,-97.768409,33.0,30.0,343.0,sold,2.0,2.0,0,0,0,1,0,25.0,0.75
SOLD,458900,3.0,2.0,1770.0,5750.0,2010.0,Austin,78717,30.490703,-97.794896,69.0,44.0,343.0,sold,2.0,1.0,0,0,0,1,0,16.0,0.6666666666666666
SOLD,775000,4.0,2.0,3195.0,8943.0,1999.0,Austin,78717,30.486255,-97.763316,50.0,284.0,343.0,sold,3.0,2.0,0,0,0,1,0,27.0,0.5
SOLD,429000,3.0,2.0,1662.0,7048.0,2013.0,Austin,78717,30.48395,-97.792149,193.0,51.0,343.0,sold,1.0,2.0,0,0,0,0,0,13.0,0.6666666666666666
SOLD,693000,4.0,2.0,2484.0,8790.0,2014.0,Austin,78717,30.497466,-97.757625,50.0,35.0,343.0,sold,2.0,1.0,0,0,0,1,0,12.0,0.5
SOLD,399995,3.0,2.0,1438.0,9936.0,1984.0,Austin,78717,30.508701,-97.738678,18.0,32.0,343.0,sold,2.0,1.0,0,0,0,1,0,42.0,0.6666666666666666
SOLD,645000,4.0,2.0,2847.0,9148.0,1995.0,Austin,78717,30.515903,-97.744854,45.0,33.0,343.0,sold,2.0,1.0,0,0,0,1,0,31.0,0.5
SOLD,900000,4.0,3.0,3718.0,14222.0,2004.0,Austin,78717,30.50233,-97.763149,69.0,75.0,343.0,sold,3.0,2.0,0,0,0,1,0,22.0,0.75
SOLD,698500,3.0,2.0,2531.0,8581.0,2007.0,Austin,78717,30.510944,-97.752553,65.0,34.0,343.0,sold,3.0,1.0,0,0,0,1,0,19.0,0.6666666666666666
SOLD,597000,3.0,2.0,2806.0,5319.0,2006.0,Austin,78717,30.497711,-97.771549,138.0,46.0,343.0,sold,2.0,2.0,0,0,0,1,0,20.0,0.6666666666666666
SOLD,740000,4.0,2.0,3013.0,8059.0,1998.0,Austin,78717,30.513286,-97.745803,45.0,41.0,343.0,sold,2.0,2.0,0,0,0,1,0,28.0,0.5
SOLD,550000,3.0,2.0,2127.0,7793.0,2003.0,Austin,78717,30.498639,-97.760223,69.0,45.0,343.0,sold,2.0,2.0,0,0,0,1,0,23.0,0.6666666666666666
SOLD,425000,3.0,3.0,2372.0,7048.0,2023.0,Austin,78717,30.49439,-97.723015,200.0,192.0,343.0,sold,1.0,3.0,0,0,0,0,0,3.0,1.0
SOLD,490000,3.0,2.0,2051.0,12850.0,1992.0,Austin,78717,30.505551,-97.742189,8.0,29.0,343.0,sold,2.0,1.0,0,0,0,1,0,34.0,0.6666666666666666
SOLD,545000,4.0,2.0,2678.0,14462.0,1993.0,Austin,78717,30.488611,-97.744401,17.0,28.0,343.0,sold,2.0,2.0,0,0,0,1,0,33.0,0.5
SOLD,588000,4.0,3.0,2411.0,6900.0,2019.0,Austin,78717,30.488422,-97.750885,167.0,62.0,343.0,sold,2.0,2.0,0,0,0,1,0,7.0,0.75
FOR_SALE,250000,4.0,2.0,1491.0,11587.0,1972.0,Austin,78723,30.288025,-97.677773,0.0,89.0,168.0,for_sale,2.0,1.0,0,0,0,1,0,54.0,0.5
FOR_SALE,790000,8.0,4.0,3400.0,33776.0,1984.0,Austin,78723,30.309656,-97.679482,1300.0,33.0,232.0,for_sale,2.0,2.0,0,0,1,0,0,42.0,0.5
FOR_SALE,294500,3.0,2.0,1806.0,9304.0,1969.0,Austin,78723,30.307064,-97.664753,0.0,126.0,163.0,for_sale,2.0,1.0,0,0,0,1,0,57.0,0.6666666666666666
FOR_SALE,592500,4.0,2.0,1338.0,7667.0,1954.0,Austin,78723,30.310049,-97.698882,0.0,101.0,443.0,for_sale,2.0,1.0,0,0,0,1,0,72.0,0.5
FOR_SALE,695000,5.0,3.0,2770.0,9426.0,1962.0,Austin,78723,30.305927,-97.683438,0.0,2.0,251.0,for_sale,2.0,2.0,0,0,0,1,0,64.0,0.6
FOR_SALE,439000,3.0,2.0,1402.0,8364.0,1956.0,Austin,78723,30.318966,-97.697184,0.0,191.0,313.0,for_sale,2.0,1.0,0,0,0,1,0,70.0,0.6666666666666666
FOR_SALE,485000,4.0,2.0,2225.0,8703.0,1967.0,Austin,78723,30.321936,-97.674118,0.0,94.0,218.0,for_sale,2.0,1.0,0,0,0,1,0,59.0,0.5
FOR_SALE,730000,4.0,3.0,2254.0,11513.0,1971.0,Austin,78723,30.305211,-97.672503,0.0,45.0,324.0,for_sale,1.0,1.0,0,0,0,1,0,55.0,0.75
FOR_SALE,405000,3.0,1.0,1160.0,7405.0,1956.0,Austin,78723,30.317185,-97.687577,0.0,121.0,349.0,for_sale,2.0,1.0,0,0,0,1,0,70.0,0.3333333333333333
FOR_SALE,480000,4.0,2.0,1170.0,7449.0,1961.0,Austin,78723,30.315702,-97.689662,0.0,101.0,410.0,for_sale,2.0,1.0,0,0,0,1,0,65.0,0.5
FOR_SALE,825000,4.0,3.0,2404.0,13809.0,1968.0,Austin,78723,30.321203,-97.677343,0.0,6.0,343.0,for_sale,2.0,2.0,0,0,0,1,0,58.0,0.75
PENDING,725000,3.0,2.0,1439.0,3328.0,2008.0,Austin,78723,30.292995,-97.704652,75.0,16.0,504.0,for_sale,2.0,1.0,0,0,0,1,0,18.0,0.6666666666666666
FOR_SALE,424900,2.0,2.0,925.0,29473.0,2026.0,Austin,78723,30.291243,-97.699364,514.0,67.0,459.0,for_sale,2.0,3.0,0,0,0,0,0,0.0,1.0
FOR_SALE,539000,5.0,2.0,2111.0,9683.0,1970.0,Austin,78723,30.318198,-97.666549,0.0,120.0,255.0,for_sale,2.0,1.0,0,0,0,1,0,56.0,0.4
FOR_SALE,495000,3.0,2.0,1242.0,6617.0,1960.0,Austin,78723,30.318816,-97.684243,0.0,5.0,399.0,for_sale,1.0,1.0,0,0,0,1,0,66.0,0.6666666666666666
FOR_SALE,725000,5.0,3.0,2300.0,9605.0,1968.0,Austin,78723,30.317839,-97.675545,0.0,16.0,315.0,for_sale,2.0,2.0,0,0,0,1,0,58.0,0.6
FOR_SALE,600000,4.0,2.0,2303.0,8525.0,1963.0,Austin,78723,30.312107,-97.686888,0.0,26.0,261.0,for_sale,2.0,2.0,0,0,0,1,0,63.0,0.5
FOR_SALE,1250000,3.0,2.0,2210.0,7105.0,2021.0,Austin,78723,30.287749,-97.70469,0.0,3.0,566.0,for_sale,2.0,2.0,0,0,0,1,0,5.0,0.6666666666666666
FOR_SALE,949949,4.0,2.0,1994.0,3419.0,2009.0,Austin,78723,30.293418,-97.700729,75.0,37.0,476.0,for_sale,2.0,2.0,0,0,0,1,0,17.0,0.5
FOR_SALE,1150000,3.0,2.0,2090.0,4792.0,2026.0,Austin,78723,30.291126,-97.691544,125.0,51.0,550.0,for_sale,2.0,2.0,0,0,0,1,0,0.0,0.6666666666666666
FOR_SALE,987000,3.0,2.0,2005.0,3920.0,2021.0,Austin,78723,30.293528,-97.691236,75.0,17.0,492.0,for_sale,2.0,1.0,0,0,0,1,0,5.0,0.6666666666666666
FOR_SALE,450000,3.0,2.0,1650.0,8546.0,1969.0,Austin,78723,30.320034,-97.667927,0.0,111.0,273.0,for_sale,2.0,1.0,0,0,0,1,0,57.0,0.6666666666666666
FOR_SALE,690000,3.0,2.0,2390.0,10019.0,2022.0,Austin,78723,30.291824,-97.679527,125.0,25.0,289.0,for_sale,2.0,2.0,0,0,0,0,0,4.0,0.6666666666666666
FOR_SALE,599900,4.0,3.0,2191.0,3476.0,2019.0,Austin,78723,30.29473,-97.681941,220.0,93.0,274.0,for_sale,2.0,3.0,0,0,0,1,0,7.0,0.75
FOR_SALE,774999,5.0,4.0,2696.0,17481.0,2005.0,Austin,78723,30.316469,-97.678039,0.0,205.0,287.0,for_sale,2.0,1.0,0,0,0,1,0,21.0,0.8
FOR_SALE,425000,3.0,2.0,1650.0,8546.0,1969.0,Austin,78723,30.320034,-97.667927,0.0,23.0,258.0,for_sale,2.0,1.0,0,0,0,1,0,57.0,0.6666666666666666
FOR_SALE,389000,3.0,2.0,1317.0,6334.0,1952.0,Austin,78723,30.308195,-97.67693,41.0,52.0,295.0,for_sale,2.0,1.0,0,0,0,0,0,74.0,0.6666666666666666
FOR_SALE,358000,2.0,2.0,1500.0,33776.0,1984.0,Austin,78723,30.309656,-97.679482,550.0,33.0,239.0,for_sale,2.0,2.0,0,0,1,0,0,42.0,1.0
FOR_SALE,275000,1.0,1.0,616.0,44.0,2026.0,Austin,78723,30.28713,-97.697441,307.0,10.0,446.0,for_sale,1.0,1.0,0,0,0,0,0,0.0,1.0
FOR_SALE,450000,3.0,2.0,1415.0,15507.0,1967.0,Austin,78723,30.298513,-97.674995,0.0,85.0,318.0,for_sale,2.0,1.0,0,0,0,1,0,59.0,0.6666666666666666
FOR_SALE,609995,5.0,3.0,2097.0,23043.0,1967.0,Austin,78723,30.300788,-97.675899,0.0,201.0,291.0,for_sale,2.0,1.0,0,0,0,1,0,59.0,0.6
FOR_SALE,929000,4.0,2.0,2345.0,3328.0,2007.0,Austin,78723,30.29158,-97.706221,67.0,248.0,396.0,for_sale,2.0,2.0,0,0,0,1,0,19.0,0.5
FOR_SALE,862000,3.0,3.0,2156.0,2605.0,2020.0,Austin,78723,30.294937,-97.695741,349.0,2.0,400.0,for_sale,2.0,2.0,0,0,0,0,1,6.0,1.0
FOR_SALE,750000,3.0,2.0,1964.0,2091.0,2015.0,Austin,78723,30.291821,-97.697261,351.0,31.0,382.0,for_sale,2.0,2.0,0,0,0,0,1,11.0,0.6666666666666666
PENDING,735000,4.0,3.0,2010.0,10180.0,2025.0,Austin,78723,30.317966,-97.683012,0.0,144.0,366.0,for_sale,2.0,1.0,0,0,0,1,0,1.0,0.75
PENDING,399000,2.0,2.0,1230.0,1895.0,2020.0,Austin,78723,30.295998,-97.697883,255.0,60.0,324.0,for_sale,1.0,2.0,0,0,0,0,0,6.0,1.0
FOR_SALE,1300000,3.0,2.0,2721.0,2762.0,2015.0,Austin,78723,30.298221,-97.701602,385.0,33.0,478.0,for_sale,2.0,3.0,0,0,0,0,1,11.0,0.6666666666666666
FOR_SALE,950000,3.0,3.0,2455.0,8969.0,1963.0,Austin,78723,30.308728,-97.685849,0.0,75.0,387.0,for_sale,2.0,2.0,0,0,0,1,0,63.0,1.0
FOR_SALE,925000,3.0,2.0,2372.0,3049.0,2023.0,Austin,78723,30.294306,-97.691751,372.0,2.0,390.0,for_sale,2.0,2.0,0,0,0,0,1,3.0,0.6666666666666666
FOR_SALE,879990,4.0,2.0,2269.0,10302.0,1968.0,Austin,78723,30.304615,-97.693077,41.0,163.0,388.0,for_sale,2.0,1.0,0,0,0,1,0,58.0,0.5
FOR_SALE,850000,4.0,3.0,2694.0,16683.0,1965.0,Austin,78723,30.319031,-97.676321,0.0,11.0,316.0,for_sale,2.0,2.0,0,0,0,1,0,61.0,0.75
FOR_SALE,599000,4.0,3.0,1968.0,8503.0,1959.0,Austin,78723,30.310347,-97.692078,0.0,17.0,304.0,for_sale,2.0,1.0,0,0,0,1,0,67.0,0.75
FOR_SALE,415000,3.0,1.0,1511.0,8947.0,1964.0,Austin,78723,30.287898,-97.669951,0.0,6.0,275.0,for_sale,1.0,1.0,0,0,0,1,0,62.0,0.3333333333333333
PENDING,555000,4.0,2.0,1438.0,7610.0,1956.0,Austin,78723,30.318933,-97.696121,0.0,31.0,386.0,for_sale,2.0,1.0,0,0,0,1,0,70.0,0.5
FOR_SALE,799900,3.0,2.0,2335.0,2971.0,2013.0,Austin,78723,30.29797,-97.700622,371.0,81.0,343.0,for_sale,2.0,2.0,0,0,0,0,1,13.0,0.6666666666666666
FOR_SALE,179000,1.0,1.0,750.0,33776.0,1984.0,Austin,78723,30.309656,-97.679482,1100.0,33.0,239.0,for_sale,2.0,2.0,0,0,0,0,0,42.0,1.0
FOR_SALE,399900,3.0,2.0,1265.0,8864.0,1961.0,Austin,78723,30.319562,-97.681427,0.0,93.0,316.0,for_sale,2.0,1.0,0,0,0,1,0,65.0,0.6666666666666666
FOR_SALE,475000,3.0,2.0,1845.0,7976.0,1973.0,Austin,78723,30.288552,-97.675866,0.0,31.0,257.0,for_sale,2.0,1.0,0,0,0,1,0,53.0,0.6666666666666666
FOR_SALE,525000,3.0,1.0,1159.0,8712.0,1955.0,Austin,78723,30.3111,-97.694822,0.0,30.0,453.0,for_sale,1.0,1.0,0,0,0,1,0,71.0,0.3333333333333333
FOR_SALE,399000,3.0,2.0,1224.0,8346.0,2007.0,Austin,78723,30.292043,-97.667222,15.0,52.0,326.0,for_sale,2.0,1.0,0,0,0,1,0,19.0,0.6666666666666666
FOR_SALE,625000,4.0,2.0,2286.0,9566.0,1966.0,Austin,78723,30.316953,-97.673389,0.0,81.0,273.0,for_sale,2.0,1.0,0,0,0,1,0,60.0,0.5
FOR_SALE,365000,3.0,2.0,1349.0,9405.0,1971.0,Austin,78723,30.307609,-97.665472,0.0,12.0,271.0,for_sale,2.0,1.0,0,0,0,1,0,55.0,0.6666666666666666
PENDING,1350000,4.0,3.0,2336.0,16039.0,2013.0,Austin,78723,30.284712,-97.696939,0.0,33.0,578.0,for_sale,2.0,2.0,0,0,0,1,0,13.0,0.75
PENDING,550000,3.0,2.0,1530.0,9875.0,1954.0,Austin,78723,30.311696,-97.700329,0.0,38.0,359.0,for_sale,1.0,1.0,0,0,0,1,0,72.0,0.6666666666666666
FOR_SALE,449000,2.0,2.0,1486.0,44.0,2026.0,Austin,78723,30.287844,-97.697594,376.0,10.0,302.0,for_sale,2.0,3.0,0,0,0,0,0,0.0,1.0
FOR_SALE,545000,3.0,2.0,1457.0,9474.0,1966.0,Austin,78723,30.296716,-97.676821,0.0,16.0,374.0,for_sale,1.0,1.0,0,0,0,1,0,60.0,0.6666666666666666
FOR_SALE,725000,3.0,2.0,2301.0,3006.0,2020.0,Austin,78723,30.29273,-97.679358,189.0,108.0,315.0,for_sale,2.0,2.0,0,0,0,1,0,6.0,0.6666666666666666
FOR_SALE,299900,2.0,2.0,1031.0,2100.0,2022.0,Austin,78723,30.290627,-97.678814,522.0,3.0,291.0,for_sale,2.0,1.0,0,0,0,0,0,4.0,1.0
FOR_SALE,829000,4.0,3.0,2156.0,2618.0,2014.0,Austin,78723,30.299172,-97.700999,361.0,69.0,385.0,for_sale,2.0,2.0,0,0,0,0,1,12.0,0.75
FOR_SALE,425000,3.0,2.0,1527.0,7244.0,1973.0,Austin,78723,30.289594,-97.675805,0.0,4.0,278.0,for_sale,2.0,1.0,0,0,0,1,0,53.0,0.6666666666666666
FOR_SALE,699000,5.0,2.0,2070.0,9191.0,1967.0,Austin,78723,30.303704,-97.684336,0.0,23.0,338.0,for_sale,2.0,1.0,0,0,0,1,0,59.0,0.4
FOR_SALE,445000,2.0,1.0,1312.0,14697.0,2005.0,Austin,78723,30.307034,-97.681788,0.0,60.0,339.0,for_sale,2.0,1.0,0,0,0,1,0,21.0,0.5
FOR_SALE,495000,3.0,2.0,1938.0,5393.0,2018.0,Austin,78723,30.295006,-97.67662,180.0,200.0,255.0,for_sale,2.0,2.0,0,0,0,0,0,8.0,0.6666666666666666
PENDING,321000,4.0,2.0,1833.0,8921.0,1956.0,Austin,78723,30.315983,-97.694148,0.0,136.0,175.0,for_sale,2.0,1.0,0,0,0,1,0,70.0,0.5
FOR_SALE,475000,4.0,2.0,1480.0,7710.0,1958.0,Austin,78723,30.299159,-97.684262,0.0,189.0,321.0,for_sale,2.0,1.0,0,0,0,1,0,68.0,0.5
PENDING,695000,3.0,2.0,1904.0,21153.0,1969.0,Austin,78723,30.31391,-97.678822,0.0,59.0,365.0,for_sale,4.0,1.0,0,0,0,1,0,57.0,0.6666666666666666
PENDING,389900,3.0,2.0,2012.0,7048.0,2022.0,Austin,78723,30.29232,-97.677715,570.0,213.0,194.0,for_sale,2.0,2.0,0,0,0,0,0,4.0,0.6666666666666666
FOR_SALE,399000,4.0,2.0,1945.0,11382.0,1972.0,Austin,78723,30.305948,-97.663855,0.0,111.0,205.0,for_sale,2.0,1.0,0,0,0,1,0,54.0,0.5
FOR_SALE,685000,4.0,3.0,1912.0,7139.0,1964.0,Austin,78723,30.296199,-97.678799,0.0,32.0,358.0,for_sale,1.0,1.0,0,0,0,1,0,62.0,0.75
FOR_SALE,575000,4.0,3.0,1843.0,11587.0,1956.0,Austin,78723,30.317298,-97.686979,0.0,117.0,312.0,for_sale,2.0,1.0,0,0,0,1,0,70.0,0.75
FOR_SALE,475000,2.0,2.0,1359.0,2139.0,2016.0,Austin,78723,30.289089,-97.70771,310.0,244.0,350.0,for_sale,2.0,2.0,0,0,0,1,0,10.0,1.0
FOR_SALE,749999,3.0,2.0,2524.0,18382.0,1960.0,Austin,78723,30.315937,-97.69344,0.0,24.0,297.0,for_sale,2.0,1.0,0,0,0,1,0,66.0,0.6666666666666666
FOR_SALE,525000,4.0,2.0,1984.0,8329.0,1975.0,Austin,78723,30.30703,-97.672132,0.0,138.0,265.0,for_sale,2.0,2.0,0,0,0,1,0,51.0,0.5
FOR_SALE,649000,3.0,2.0,2462.0,2993.0,2019.0,Austin,78723,30.292283,-97.678824,180.0,87.0,264.0,for_sale,2.0,2.0,0,0,0,1,0,7.0,0.6666666666666666
FOR_SALE,398000,2.0,1.0,829.0,6839.0,1952.0,Austin,78723,30.287211,-97.704029,0.0,58.0,480.0,for_sale,1.0,1.0,0,0,0,1,0,74.0,0.5
FOR_SALE,290000,2.0,1.0,1016.0,3071.0,1968.0,Austin,78723,30.307734,-97.674461,308.0,10.0,285.0,for_sale,2.0,2.0,0,0,0,0,1,58.0,0.5
FOR_SALE,299990,2.0,1.0,888.0,6486.0,1953.0,Austin,78723,30.287996,-97.70528,0.0,361.0,338.0,for_sale,2.0,1.0,0,0,0,1,0,73.0,0.5
FOR_SALE,525000,3.0,2.0,1952.0,7958.0,1964.0,Austin,78723,30.317329,-97.669765,0.0,9.0,269.0,for_sale,1.0,2.0,0,0,0,1,0,62.0,0.6666666666666666
FOR_SALE,315000,1.0,1.0,551.0,235.0,2010.0,Austin,78723,30.301548,-97.708506,418.0,61.0,572.0,for_sale,1.0,1.0,0,0,0,0,0,16.0,1.0
FOR_SALE,525000,3.0,2.0,1647.0,8886.0,1985.0,Austin,78723,30.302788,-97.665533,0.0,87.0,319.0,for_sale,2.0,2.0,0,0,0,1,0,41.0,0.6666666666666666
FOR_SALE,490000,3.0,1.0,1040.0,6469.0,1955.0,Austin,78723,30.30966,-97.70211,0.0,149.0,471.0,for_sale,2.0,1.0,0,0,0,1,0,71.0,0.3333333333333333
FOR_SALE,550000,2.0,2.0,1162.0,405.0,2023.0,Austin,78723,30.298589,-97.706491,754.0,108.0,473.0,for_sale,2.0,1.0,0,0,0,0,0,3.0,1.0
FOR_SALE,545000,3.0,1.0,1222.0,8041.0,1954.0,Austin,78723,30.310738,-97.695287,0.0,29.0,446.0,for_sale,1.0,1.0,0,0,0,1,0,72.0,0.3333333333333333
FOR_SALE,180500,1.0,1.0,575.0,43255.0,1969.0,Austin,78723,30.309719,-97.708248,288.0,194.0,314.0,for_sale,2.0,1.0,0,0,0,0,0,57.0,1.0
FOR_SALE,710000,3.0,2.0,1844.0,2805.0,2022.0,Austin,78723,30.296318,-97.695455,409.0,87.0,385.0,for_sale,2.0,2.0,0,0,0,0,0,4.0,0.6666666666666666
FOR_SALE,374000,1.0,1.0,776.0,270.0,2024.0,Austin,78723,30.298589,-97.706491,525.0,109.0,482.0,for_sale,1.0,1.0,0,0,0,0,0,2.0,1.0
FOR_SALE,449900,3.0,2.0,1441.0,3707.0,2019.0,Austin,78723,30.317752,-97.689943,300.0,45.0,312.0,for_sale,2.0,2.0,0,0,0,0,0,7.0,0.6666666666666666
FOR_SALE,799000,2.0,1.0,1194.0,25600.0,1950.0,Austin,78723,30.289926,-97.680851,0.0,333.0,669.0,for_sale,1.0,1.0,0,0,0,1,0,76.0,0.5
FOR_SALE,360000,3.0,2.0,1555.0,11975.0,1960.0,Austin,78723,30.303107,-97.683445,41.0,149.0,232.0,for_sale,2.0,1.0,0,0,0,1,0,66.0,0.6666666666666666
PENDING,719000,4.0,2.0,2248.0,14231.0,1968.0,Austin,78723,30.319001,-97.670163,0.0,81.0,320.0,for_sale,2.0,2.0,0,0,0,1,0,58.0,0.5
FOR_SALE,814500,3.0,2.0,1942.0,1742.0,2022.0,Austin,78723,30.294091,-97.692513,352.0,30.0,419.0,for_sale,2.0,2.0,0,0,0,0,1,4.0,0.6666666666666666
FOR_SALE,390000,3.0,2.0,1430.0,8973.0,1964.0,Austin,78723,30.288352,-97.669676,0.0,44.0,273.0,for_sale,2.0,1.0,0,0,0,1,0,62.0,0.6666666666666666
FOR_SALE,749000,3.0,2.0,1352.0,470.0,2023.0,Austin,78723,30.298589,-97.706491,928.0,41.0,554.0,for_sale,2.0,1.0,0,0,0,0,0,3.0,0.6666666666666666
PENDING,499000,3.0,2.0,1938.0,10149.0,1967.0,Austin,78723,30.289452,-97.67267,0.0,52.0,257.0,for_sale,2.0,1.0,0,0,0,1,0,59.0,0.6666666666666666
PENDING,899900,4.0,2.0,2434.0,19319.0,1969.0,Austin,78723,30.32086,-97.670787,0.0,58.0,370.0,for_sale,2.0,2.0,0,0,0,1,0,57.0,0.5
FOR_SALE,229999,2.0,1.0,725.0,43255.0,1969.0,Austin,78723,30.309723,-97.707385,19.0,101.0,317.0,for_sale,2.0,2.0,0,0,0,0,0,57.0,0.5
FOR_SALE,225000,2.0,1.0,789.0,1921.0,1968.0,Austin,78723,30.312921,-97.693601,295.0,109.0,285.0,for_sale,2.0,1.0,0,0,0,0,0,58.0,0.5
FOR_SALE,320000,1.0,1.0,815.0,44.0,2026.0,Austin,78723,30.287638,-97.697205,307.0,10.0,393.0,for_sale,1.0,2.0,0,0,0,0,0,0.0,1.0
SOLD,1050000,3.0,2.0,2196.0,2614.0,2024.0,Austin,78723,30.292189,-97.69308,372.0,49.0,343.0,sold,2.0,2.0,0,0,0,0,1,2.0,0.6666666666666666
SOLD,399900,2.0,2.0,1014.0,8712.0,2025.0,Austin,78723,30.311689,-97.679435,0.0,145.0,343.0,sold,1.0,2.0,0,0,0,1,0,1.0,1.0
SOLD,800000,3.0,2.0,1439.0,5027.0,2008.0,Austin,78723,30.290502,-97.703935,75.0,39.0,343.0,sold,2.0,1.0,0,0,0,1,0,18.0,0.6666666666666666
SOLD,829900,4.0,2.0,2181.0,8625.0,1967.0,Austin,78723,30.309985,-97.685724,0.0,75.0,343.0,sold,2.0,1.0,0,0,0,1,0,59.0,0.5
SOLD,599990,3.0,2.0,1727.0,6386.0,2024.0,Austin,78723,30.302126,-97.66461,70.0,25.0,343.0,sold,2.0,1.0,0,0,0,1,0,2.0,0.6666666666666666
SOLD,440000,3.0,2.0,1608.0,10280.0,1963.0,Austin,78723,30.316632,-97.675772,0.0,62.0,343.0,sold,2.0,1.0,0,0,0,1,0,63.0,0.6666666666666666
SOLD,525000,3.0,2.0,1343.0,7710.0,1954.0,Austin,78723,30.310563,-97.69986,0.0,21.0,343.0,sold,2.0,1.0,0,0,0,1,0,72.0,0.6666666666666666
SOLD,575000,3.0,2.0,1521.0,4779.0,2017.0,Austin,78723,30.284504,-97.696198,192.0,84.0,343.0,sold,1.0,2.0,0,0,0,1,0,9.0,0.6666666666666666
SOLD,599900,5.0,3.0,2650.0,7767.0,2022.0,Austin,78723,30.301803,-97.663418,146.0,90.0,343.0,sold,1.0,2.0,0,0,0,1,0,4.0,0.6
SOLD,525000,3.0,2.0,1938.0,5393.0,2021.0,Austin,78723,30.29557,-97.67494,180.0,42.0,343.0,sold,2.0,2.0,0,0,0,1,0,5.0,0.6666666666666666
SOLD,730000,3.0,2.0,1918.0,2026.0,2008.0,Austin,78723,30.294009,-97.703701,351.0,96.0,343.0,sold,2.0,2.0,0,0,0,0,1,18.0,0.6666666666666666
SOLD,515000,3.0,2.0,1786.0,9365.0,1965.0,Austin,78723,30.30029,-97.679307,0.0,96.0,343.0,sold,1.0,1.0,0,0,0,1,0,61.0,0.6666666666666666
SOLD,824999,3.0,2.0,2066.0,2522.0,2017.0,Austin,78723,30.298153,-97.699933,361.0,38.0,343.0,sold,2.0,2.0,0,0,0,0,1,9.0,0.6666666666666666
SOLD,320000,3.0,2.0,1504.0,13817.0,1975.0,Austin,78723,30.302787,-97.666319,0.0,27.0,343.0,sold,2.0,1.0,0,0,0,1,0,51.0,0.6666666666666666
SOLD,499000,3.0,2.0,1800.0,6068.0,2015.0,Austin,78723,30.307097,-97.674401,3.0,178.0,343.0,sold,2.0,2.0,0,0,0,0,0,11.0,0.6666666666666666
SOLD,509000,3.0,3.0,1728.0,10023.0,1963.0,Austin,78723,30.320408,-97.681331,0.0,89.0,343.0,sold,2.0,2.0,0,0,0,1,0,63.0,1.0
SOLD,1050000,3.0,2.0,2075.0,4996.0,2009.0,Austin,78723,30.29005,-97.701915,72.0,53.0,343.0,sold,2.0,1.0,0,0,0,1,0,17.0,0.6666666666666666
SOLD,599900,3.0,2.0,1958.0,7013.0,2018.0,Austin,78723,30.315501,-97.690301,41.0,67.0,343.0,sold,1.0,3.0,0,0,0,0,0,8.0,0.6666666666666666
SOLD,879000,3.0,2.0,2085.0,2126.0,2021.0,Austin,78723,30.299016,-97.696798,361.0,83.0,343.0,sold,2.0,2.0,0,0,0,0,1,5.0,0.6666666666666666
SOLD,464970,3.0,3.0,1704.0,5310.0,2016.0,Austin,78723,30.296062,-97.681662,330.0,66.0,343.0,sold,1.0,2.0,0,0,0,0,0,10.0,1.0
SOLD,897000,4.0,3.0,2194.0,2614.0,2015.0,Austin,78723,30.29128,-97.697243,360.0,61.0,343.0,sold,2.0,2.0,0,0,0,0,1,11.0,0.75
SOLD,550000,3.0,2.0,1372.0,10232.0,1964.0,Austin,78723,30.287208,-97.67173,0.0,56.0,343.0,sold,2.0,1.0,0,0,0,1,0,62.0,0.6666666666666666
SOLD,499990,4.0,2.0,1914.0,9749.0,1964.0,Austin,78723,30.306458,-97.676149,0.0,66.0,343.0,sold,2.0,2.0,0,0,0,1,0,62.0,0.5
SOLD,550000,3.0,2.0,2080.0,11021.0,1967.0,Austin,78723,30.29966,-97.675322,0.0,23.0,343.0,sold,2.0,1.0,0,0,0,1,0,59.0,0.6666666666666666
SOLD,599999,3.0,2.0,1690.0,8682.0,1967.0,Austin,78723,30.299398,-97.677346,0.0,42.0,343.0,sold,2.0,1.0,0,0,0,1,0,59.0,0.6666666666666666
SOLD,584888,2.0,2.0,1162.0,405.0,2024.0,Austin,78723,30.298589,-97.706491,763.0,83.0,343.0,sold,2.0,1.0,0,0,0,0,0,2.0,1.0
SOLD,719000,3.0,3.0,1874.0,4835.0,2019.0,Austin,78723,30.286291,-97.698768,220.0,54.0,343.0,sold,1.0,2.0,0,0,0,1,0,7.0,1.0
SOLD,1150000,3.0,2.0,2387.0,3441.0,2018.0,Austin,78723,30.294975,-97.697365,75.0,32.0,343.0,sold,2.0,2.0,0,0,0,1,0,8.0,0.6666666666666666
SOLD,389000,3.0,2.0,1420.0,4713.0,2007.0,Austin,78723,30.291288,-97.667641,15.0,33.0,343.0,sold,2.0,1.0,0,0,0,1,0,19.0,0.6666666666666666
SOLD,799000,4.0,2.0,2251.0,10973.0,2026.0,Austin,78723,30.288229,-97.673418,0.0,54.0,343.0,sold,2.0,2.0,0,0,0,1,0,0.0,0.5
SOLD,525000,3.0,2.0,1372.0,8316.0,1959.0,Austin,78723,30.308152,-97.690418,0.0,31.0,343.0,sold,2.0,1.0,0,0,0,1,0,67.0,0.6666666666666666
SOLD,389900,3.0,2.0,1120.0,8682.0,1959.0,Austin,78723,30.318175,-97.690803,0.0,53.0,343.0,sold,2.0,1.0,0,0,0,1,0,67.0,0.6666666666666666
SOLD,525000,3.0,2.0,1152.0,7318.0,1954.0,Austin,78723,30.310934,-97.70203,0.0,44.0,343.0,sold,2.0,1.0,0,0,0,1,0,72.0,0.6666666666666666
SOLD,250000,3.0,1.0,1330.0,9561.0,1961.0,Austin,78723,30.302882,-97.685812,0.0,60.0,343.0,sold,2.0,1.0,0,0,0,1,0,65.0,0.3333333333333333
SOLD,550000,3.0,2.0,2011.0,9609.0,1967.0,Austin,78723,30.307162,-97.696565,0.0,19.0,343.0,sold,2.0,1.0,0,0,0,1,0,59.0,0.6666666666666666
SOLD,719000,3.0,3.0,1729.0,2026.0,2013.0,Austin,78723,30.29795,-97.702609,340.0,112.0,343.0,sold,2.0,2.0,0,0,0,0,1,13.0,1.0
SOLD,899000,3.0,2.0,2195.0,3049.0,2022.0,Austin,78723,30.293986,-97.691742,351.0,48.0,343.0,sold,2.0,2.0,0,0,0,0,1,4.0,0.6666666666666666
SOLD,535000,3.0,3.0,1527.0,9191.0,2020.0,Austin,78723,30.309217,-97.68234,41.0,46.0,343.0,sold,1.0,2.0,0,0,0,0,0,6.0,1.0
SOLD,665000,3.0,2.0,1503.0,9200.0,1956.0,Austin,78723,30.314851,-97.701988,0.0,33.0,343.0,sold,1.0,1.0,0,0,0,1,0,70.0,0.6666666666666666
SOLD,925000,4.0,2.0,3335.0,21344.0,1965.0,Austin,78723,30.320443,-97.678181,0.0,46.0,343.0,sold,2.0,2.0,0,0,0,1,0,61.0,0.5
SOLD,435000,3.0,2.0,1078.0,8102.0,1996.0,Austin,78723,30.314716,-97.666914,0.0,76.0,343.0,sold,1.0,1.0,0,0,0,1,0,30.0,0.6666666666666666
SOLD,350000,3.0,1.0,916.0,8494.0,1957.0,Austin,78723,30.315332,-97.687552,0.0,27.0,343.0,sold,2.0,1.0,0,0,0,1,0,69.0,0.3333333333333333
SOLD,465000,4.0,2.0,1678.0,9326.0,1971.0,Austin,78723,30.289661,-97.674104,0.0,47.0,343.0,sold,2.0,1.0,0,0,0,1,0,55.0,0.5
SOLD,585000,4.0,3.0,3178.0,10180.0,1964.0,Austin,78723,30.317068,-97.676036,0.0,70.0,343.0,sold,2.0,2.0,0,0,0,1,0,62.0,0.75
SOLD,515000,3.0,2.0,1300.0,10711.0,1963.0,Austin,78723,30.309546,-97.689675,0.0,72.0,343.0,sold,2.0,1.0,0,0,0,1,0,63.0,0.6666666666666666
SOLD,489900,2.0,2.0,1469.0,4848.0,2009.0,Austin,78723,30.292271,-97.686631,41.0,47.0,343.0,sold,2.0,2.0,0,0,0,0,1,17.0,1.0
SOLD,725000,3.0,2.0,1920.0,2753.0,2015.0,Austin,78723,30.294206,-97.695533,350.0,25.0,343.0,sold,2.0,2.0,0,0,0,0,1,11.0,0.6666666666666666
SOLD,310000,2.0,2.0,914.0,4082.0,2016.0,Austin,78723,30.309648,-97.6815,50.0,120.0,343.0,sold,1.0,2.0,0,0,0,0,0,10.0,1.0
SOLD,710000,4.0,2.0,1725.0,8812.0,1956.0,Austin,78723,30.316833,-97.688554,0.0,49.0,343.0,sold,2.0,1.0,0,0,0,1,0,70.0,0.5
SOLD,449900,3.0,2.0,1781.0,7405.0,2007.0,Austin,78723,30.291562,-97.667771,0.0,30.0,343.0,sold,2.0,2.0,0,0,0,1,0,19.0,0.6666666666666666
SOLD,399000,3.0,2.0,1585.0,9474.0,1959.0,Austin,78723,30.308736,-97.691005,0.0,34.0,343.0,sold,2.0,1.0,0,0,0,1,0,67.0,0.6666666666666666
SOLD,180000,1.0,1.0,633.0,1921.0,1968.0,Austin,78723,30.312921,-97.693601,295.0,85.0,343.0,sold,2.0,1.0,0,0,0,0,0,58.0,1.0
SOLD,350000,3.0,2.0,918.0,5009.0,2007.0,Austin,78723,30.291601,-97.668887,15.0,81.0,343.0,sold,2.0,1.0,0,0,0,1,0,19.0,0.6666666666666666
SOLD,689000,3.0,2.0,1562.0,2026.0,2009.0,Austin,78723,30.294062,-97.701639,331.0,136.0,343.0,sold,2.0,2.0,0,0,0,0,1,17.0,0.6666666666666666
SOLD,1580000,5.0,4.0,3304.0,4792.0,2022.0,Austin,78723,30.291447,-97.691879,66.0,38.0,343.0,sold,2.0,2.0,0,0,0,1,0,4.0,0.8
SOLD,675000,3.0,2.0,1833.0,9161.0,1967.0,Austin,78723,30.32131,-97.673549,0.0,104.0,343.0,sold,2.0,1.0,0,0,0,1,0,59.0,0.6666666666666666
SOLD,875000,3.0,2.0,2036.0,2561.0,2007.0,Austin,78723,30.293279,-97.704814,67.0,54.0,343.0,sold,2.0,2.0,0,0,0,1,0,19.0,0.6666666666666666
SOLD,700000,4.0,3.0,2282.0,1512.0,2022.0,Austin,78723,30.292977,-97.6925,41.0,138.0,343.0,sold,2.0,3.0,0,0,0,0,1,4.0,0.75
SOLD,399999,3.0,2.0,1840.0,8712.0,1967.0,Austin,78723,30.320908,-97.683667,0.0,164.0,343.0,sold,2.0,1.0,0,0,0,1,0,59.0,0.6666666666666666
SOLD,849000,4.0,3.0,2631.0,9792.0,2021.0,Austin,78723,30.305638,-97.666434,0.0,45.0,343.0,sold,2.0,1.0,0,0,0,1,0,5.0,0.75
SOLD,435000,3.0,2.0,1628.0,8930.0,2013.0,Austin,78723,30.288201,-97.669768,0.0,116.0,343.0,sold,2.0,1.0,0,0,0,1,0,13.0,0.6666666666666666
SOLD,190000,3.0,2.0,1770.5,9060.0,1993.0,Austin,78723,30.287782,-97.670541,41.0,29.0,343.0,sold,2.0,1.0,1,0,0,0,0,33.0,0.6666666666666666
SOLD,1115000,3.0,2.0,2192.0,4273.0,2020.0,Austin,78723,30.295585,-97.695332,70.0,47.0,343.0,sold,2.0,2.0,0,0,0,1,0,6.0,0.6666666666666666
SOLD,275000,3.0,2.0,1770.5,10454.0,1993.0,Austin,78723,30.288231,-97.677791,0.0,69.0,343.0,sold,2.0,1.0,1,0,0,0,0,33.0,0.6666666666666666
SOLD,275000,3.0,2.0,1770.5,10454.0,1993.0,Austin,78723,30.288231,-97.677791,0.0,69.0,343.0,sold,2.0,1.0,1,0,0,0,0,33.0,0.6666666666666666
SOLD,499000,3.0,2.0,1241.0,1851.0,2016.0,Austin,78723,30.294515,-97.698837,318.0,34.0,343.0,sold,2.0,2.0,0,0,0,0,1,10.0,0.6666666666666666
SOLD,895000,4.0,3.0,2689.0,9378.0,1967.0,Austin,78723,30.321781,-97.674697,0.0,69.0,343.0,sold,1.0,2.0,0,0,0,1,0,59.0,0.75
SOLD,489000,3.0,1.0,1326.0,7871.0,1954.0,Austin,78723,30.312885,-97.702096,0.0,56.0,343.0,sold,1.0,1.0,0,0,0,1,0,72.0,0.3333333333333333
SOLD,1070000,3.0,2.0,2192.0,3589.0,2018.0,Austin,78723,30.297726,-97.699559,75.0,35.0,343.0,sold,2.0,2.0,0,0,0,1,0,8.0,0.6666666666666666
SOLD,599000,3.0,2.0,2086.0,8102.0,1958.0,Austin,78723,30.316475,-97.68477,0.0,86.0,343.0,sold,2.0,1.0,0,0,0,1,0,68.0,0.6666666666666666
SOLD,549900,3.0,2.0,1647.0,5776.0,2025.0,Austin,78723,30.311625,-97.679451,0.0,89.0,343.0,sold,1.0,2.0,0,0,0,1,0,1.0,0.6666666666666666
SOLD,837500,4.0,3.0,2089.0,7980.0,1959.0,Austin,78723,30.309277,-97.69081,0.0,37.0,343.0,sold,2.0,1.0,0,0,0,1,0,67.0,0.75
SOLD,499000,2.0,1.0,1109.0,6186.0,1954.0,Austin,78723,30.309221,-97.69835,0.0,54.0,343.0,sold,2.0,1.0,0,0,0,1,0,72.0,0.5
SOLD,519900,3.0,2.0,1080.0,7619.0,1954.0,Austin,78723,30.30966,-97.697437,0.0,83.0,343.0,sold,2.0,1.0,0,0,0,1,0,72.0,0.6666666666666666
SOLD,695000,3.0,2.0,1625.0,9261.0,1964.0,Austin,78723,30.305391,-97.678355,0.0,32.0,343.0,sold,1.0,1.0,0,0,0,1,0,62.0,0.6666666666666666
SOLD,252000,3.0,2.0,1832.0,8146.0,1964.0,Austin,78723,30.317083,-97.67057,0.0,81.0,343.0,sold,1.0,2.0,0,0,0,1,0,62.0,0.6666666666666666
SOLD,595000,3.0,2.0,1637.0,7623.0,1961.0,Austin,78723,30.309761,-97.690406,0.0,75.0,343.0,sold,2.0,1.0,0,0,0,1,0,65.0,0.6666666666666666
SOLD,639000,3.0,3.0,1605.0,3703.0,2016.0,Austin,78723,30.300752,-97.690496,131.0,136.0,343.0,sold,1.0,2.0,0,0,0,1,0,10.0,1.0
SOLD,495000,3.0,2.0,1107.0,7623.0,1963.0,Austin,78723,30.31489,-97.670252,0.0,32.0,343.0,sold,1.0,1.0,0,0,0,1,0,63.0,0.6666666666666666
FOR_SALE,315000,4.0,2.0,1800.0,7636.0,1981.0,Austin,78727,30.417308,-97.692516,0.0,6.0,175.0,for_sale,1.0,1.0,0,0,0,1,0,45.0,0.5
FOR_SALE,329000,3.0,2.0,1190.0,5049.0,1986.0,Austin,78727,30.420239,-97.686414,0.0,17.0,276.0,for_sale,1.0,1.0,0,0,0,1,0,40.0,0.6666666666666666
FOR_SALE,450000,4.0,2.0,1990.0,8494.0,1979.0,Austin,78727,30.427656,-97.715319,0.0,23.0,226.0,for_sale,2.0,2.0,0,0,0,1,0,47.0,0.5
PENDING,615000,3.0,2.0,1721.0,8668.0,1978.0,Austin,78727,30.416334,-97.726242,0.0,18.0,357.0,for_sale,2.0,1.0,0,0,0,1,0,48.0,0.6666666666666666
FOR_SALE,449990,3.0,2.0,2173.0,7200.0,2000.0,Austin,78727,30.427399,-97.68405,38.0,17.0,207.0,for_sale,2.0,1.0,0,0,0,1,0,26.0,0.6666666666666666
FOR_SALE,1400000,4.0,3.0,2889.0,130201.0,1975.0,Austin,78727,30.435522,-97.707185,0.0,66.0,485.0,for_sale,2.0,1.0,0,0,0,1,0,51.0,0.75
FOR_SALE,369000,3.0,2.0,1739.0,10685.0,2017.0,Austin,78727,30.424245,-97.679124,125.0,25.0,212.0,for_sale,1.0,2.0,0,0,0,1,0,9.0,0.6666666666666666
PENDING,995000,4.0,2.0,2421.0,15028.0,1974.0,Austin,78727,30.422509,-97.731023,0.0,30.0,411.0,for_sale,2.0,1.0,0,0,0,1,0,52.0,0.5
FOR_SALE,510000,3.0,2.0,1620.0,22573.0,1978.0,Austin,78727,30.428321,-97.711164,0.0,16.0,315.0,for_sale,2.0,1.0,0,0,0,1,0,48.0,0.6666666666666666
FOR_SALE,405000,3.0,2.0,1429.0,6970.0,1979.0,Austin,78727,30.42333,-97.691474,0.0,24.0,283.0,for_sale,2.0,1.0,0,0,0,1,0,47.0,0.6666666666666666
PENDING,575000,3.0,2.0,2217.0,9222.0,1984.0,Austin,78727,30.426763,-97.719151,0.0,39.0,259.0,for_sale,2.0,2.0,0,0,0,1,0,42.0,0.6666666666666666
FOR_SALE,449900,3.0,2.0,1411.0,6665.0,1981.0,Austin,78727,30.417892,-97.720963,0.0,10.0,319.0,for_sale,2.0,1.0,0,0,0,1,0,45.0,0.6666666666666666
FOR_SALE,495000,3.0,2.0,2046.0,10202.0,1979.0,Austin,78727,30.432611,-97.718505,0.0,32.0,242.0,for_sale,2.0,1.0,0,0,0,1,0,47.0,0.6666666666666666
FOR_SALE,415000,3.0,2.0,1632.0,7440.0,2004.0,Austin,78727,30.440389,-97.706657,435.0,52.0,254.0,for_sale,2.0,1.0,0,0,0,0,0,22.0,0.6666666666666666
FOR_SALE,289000,2.0,2.0,1473.0,4204.0,2009.0,Austin,78727,30.409665,-97.682238,291.0,79.0,196.0,for_sale,2.0,2.0,0,0,0,0,0,17.0,1.0
PENDING,399900,3.0,2.0,1632.0,7449.0,2005.0,Austin,78727,30.441425,-97.704491,475.0,15.0,245.0,for_sale,2.0,1.0,0,0,0,0,0,21.0,0.6666666666666666
PENDING,675000,4.0,3.0,2192.0,7109.0,1980.0,Austin,78727,30.417286,-97.727821,0.0,33.0,308.0,for_sale,2.0,2.0,0,0,0,1,0,46.0,0.75
PENDING,650000,4.0,3.0,2627.0,8102.0,1992.0,Austin,78727,30.428388,-97.738142,0.0,41.0,247.0,for_sale,2.0,2.0,0,0,0,1,0,34.0,0.75
FOR_SALE,659900,3.0,2.0,1809.0,9191.0,1975.0,Austin,78727,30.428312,-97.708527,0.0,95.0,365.0,for_sale,2.0,1.0,0,0,0,1,0,51.0,0.6666666666666666
FOR_SALE,359900,3.0,2.0,1458.0,7336.0,1986.0,Austin,78727,30.423562,-97.695385,0.0,46.0,247.0,for_sale,2.0,1.0,0,0,0,1,0,40.0,0.6666666666666666
FOR_SALE,559000,4.0,2.0,1659.0,6939.0,1981.0,Austin,78727,30.416112,-97.733605,3.0,30.0,337.0,for_sale,2.0,1.0,0,0,0,1,0,45.0,0.5
PENDING,640000,3.0,2.0,1898.0,8947.0,1983.0,Austin,78727,30.420461,-97.721176,0.0,17.0,337.0,for_sale,2.0,1.0,0,0,0,1,0,43.0,0.6666666666666666
FOR_SALE,785000,4.0,2.0,3207.0,18731.0,1981.0,Austin,78727,30.427017,-97.732326,0.0,23.0,245.0,for_sale,2.0,2.0,0,0,0,1,0,45.0,0.5
FOR_SALE,520000,4.0,3.0,2730.0,7318.0,2000.0,Austin,78727,30.424312,-97.683977,37.0,72.0,190.0,for_sale,2.0,2.0,0,0,0,1,0,26.0,0.75
FOR_SALE,499000,3.0,2.0,1879.0,7510.0,1998.0,Austin,78727,30.419837,-97.685357,42.0,22.0,266.0,for_sale,2.0,1.0,0,0,0,1,0,28.0,0.6666666666666666
FOR_SALE,659900,4.0,2.0,2162.0,8751.0,1996.0,Austin,78727,30.428695,-97.736841,0.0,43.0,305.0,for_sale,2.0,1.0,0,0,0,1,0,30.0,0.5
FOR_SALE,419000,3.0,2.0,1307.0,8690.0,1979.0,Austin,78727,30.422293,-97.689759,0.0,11.0,321.0,for_sale,2.0,1.0,0,0,0,1,0,47.0,0.6666666666666666
PENDING,1299555,4.0,3.0,2400.0,18077.0,1975.0,Austin,78727,30.421938,-97.737159,0.0,38.0,541.0,for_sale,2.0,1.0,0,0,0,1,0,51.0,0.75
FOR_SALE,325000,2.0,2.0,1687.0,5162.0,2003.0,Austin,78727,30.428131,-97.684809,362.0,18.0,193.0,for_sale,2.0,2.0,0,0,0,0,0,23.0,1.0
FOR_SALE,274900,2.0,2.0,1553.0,4535.0,2003.0,Austin,78727,30.433742,-97.693335,415.0,360.0,177.0,for_sale,2.0,2.0,0,0,0,0,0,23.0,1.0
FOR_SALE,540000,4.0,2.0,2250.0,5663.0,1996.0,Austin,78727,30.430252,-97.691308,46.0,3.0,240.0,for_sale,2.0,2.0,0,0,0,1,0,30.0,0.5
FOR_SALE,385000,3.0,2.0,1657.0,9222.0,1982.0,Austin,78727,30.417914,-97.692604,0.0,25.0,232.0,for_sale,2.0,2.0,0,0,0,1,0,44.0,0.6666666666666666
FOR_SALE,799990,4.0,2.0,3207.0,18731.0,1981.0,Austin,78727,30.427017,-97.732326,0.0,78.0,249.0,for_sale,2.0,2.0,0,0,0,1,0,45.0,0.5
FOR_SALE,239900,2.0,2.0,1358.0,4535.0,2003.0,Austin,78727,30.433742,-97.693335,420.0,189.0,177.0,for_sale,1.0,2.0,0,0,0,0,0,23.0,1.0
FOR_SALE,430000,3.0,2.0,1479.0,5854.0,1985.0,Austin,78727,30.437663,-97.741096,0.0,6.0,291.0,for_sale,2.0,1.0,0,0,0,1,0,41.0,0.6666666666666666
FOR_SALE,425000,3.0,2.0,1768.0,6338.0,1994.0,Austin,78727,30.415739,-97.685937,42.0,79.0,240.0,for_sale,2.0,1.0,0,0,0,1,0,32.0,0.6666666666666666
PENDING,534900,3.0,2.0,2152.0,10237.0,1999.0,Austin,78727,30.425718,-97.686478,39.0,19.0,249.0,for_sale,2.0,1.0,0,0,0,1,0,27.0,0.6666666666666666
FOR_SALE,374000,3.0,2.0,1739.0,10685.0,2017.0,Austin,78727,30.424245,-97.679124,125.0,142.0,215.0,for_sale,1.0,2.0,0,0,0,1,0,9.0,0.6666666666666666
FOR_SALE,325000,2.0,2.0,1350.0,4779.0,1998.0,Austin,78727,30.414955,-97.73116,360.0,6.0,241.0,for_sale,1.0,2.0,0,0,0,1,0,28.0,1.0
FOR_SALE,429900,3.0,3.0,2222.0,7405.0,2006.0,Austin,78727,30.441051,-97.705169,475.0,82.0,193.0,for_sale,2.0,2.0,0,0,0,0,0,20.0,1.0
PENDING,375000,3.0,2.0,1334.0,10224.0,1985.0,Austin,78727,30.421745,-97.686181,0.0,57.0,281.0,for_sale,2.0,1.0,0,0,0,1,0,41.0,0.6666666666666666
PENDING,524900,4.0,2.0,1951.0,9609.0,1984.0,Austin,78727,30.425767,-97.720951,0.0,18.0,269.0,for_sale,2.0,1.0,0,0,0,1,0,42.0,0.5
FOR_SALE,375000,3.0,2.0,1377.0,8189.0,1990.0,Austin,78727,30.426016,-97.693713,0.0,108.0,272.0,for_sale,2.0,1.0,0,0,0,1,0,36.0,0.6666666666666666
PENDING,500000,3.0,2.0,1558.0,5837.0,1998.0,Austin,78727,30.430014,-97.717607,24.0,1.0,321.0,for_sale,2.0,1.0,0,0,0,1,0,28.0,0.6666666666666666
FOR_SALE,400000,3.0,2.0,1939.0,7579.0,1995.0,Austin,78727,30.421649,-97.679485,41.0,38.0,206.0,for_sale,2.0,2.0,0,0,0,1,0,31.0,0.6666666666666666
FOR_SALE,424000,4.0,2.0,2387.0,9322.0,1998.0,Austin,78727,30.428369,-97.688758,50.0,159.0,178.0,for_sale,2.0,2.0,0,0,0,1,0,28.0,0.5
FOR_SALE,475000,3.0,2.0,1556.0,8686.0,1981.0,Austin,78727,30.431201,-97.71824,0.0,68.0,305.0,for_sale,2.0,1.0,0,0,0,1,0,45.0,0.6666666666666666
FOR_SALE,399000,3.0,2.0,1334.0,7440.0,2004.0,Austin,78727,30.44202,-97.706865,475.0,86.0,299.0,for_sale,2.0,1.0,0,0,0,1,0,22.0,0.6666666666666666
PENDING,460000,3.0,2.0,1620.0,9021.0,1975.0,Austin,78727,30.428122,-97.70865,0.0,31.0,284.0,for_sale,2.0,1.0,0,0,0,1,0,51.0,0.6666666666666666
PENDING,254000,2.0,2.0,1553.0,4356.0,2005.0,Austin,78727,30.433742,-97.693335,423.0,109.0,164.0,for_sale,2.0,2.0,0,0,0,0,0,21.0,1.0
PENDING,399000,3.0,2.0,1201.0,5859.0,1985.0,Austin,78727,30.43718,-97.741526,0.0,58.0,332.0,for_sale,2.0,1.0,0,0,0,1,0,41.0,0.6666666666666666
FOR_SALE,424950,3.0,2.0,1513.0,6669.0,1984.0,Austin,78727,30.435326,-97.74593,41.0,54.0,281.0,for_sale,2.0,1.0,0,0,0,1,0,42.0,0.6666666666666666
FOR_SALE,199999,2.0,2.0,1334.0,7048.0,2011.0,Austin,78727,30.40966,-97.68223,290.0,65.0,150.0,for_sale,2.0,2.0,0,0,0,0,0,15.0,1.0
FOR_SALE,270000,3.0,2.0,1488.0,3149.0,2021.0,Austin,78727,30.416685,-97.694389,115.0,299.0,181.0,for_sale,1.0,3.0,0,0,0,0,1,5.0,0.6666666666666666
FOR_SALE,525000,3.0,2.0,1651.0,8494.0,1979.0,Austin,78727,30.427846,-97.7152,0.0,108.0,318.0,for_sale,2.0,1.0,0,0,0,1,0,47.0,0.6666666666666666
FOR_SALE,524900,4.0,3.0,2730.0,8494.0,1999.0,Austin,78727,30.423698,-97.683174,37.0,121.0,192.0,for_sale,2.0,2.0,0,0,0,1,0,27.0,0.75
FOR_SALE,599999,4.0,2.0,3088.0,7449.0,1999.0,Austin,78727,30.42626,-97.684432,37.0,9.0,194.0,for_sale,2.0,2.0,0,0,0,1,0,27.0,0.5
FOR_SALE,555000,3.0,2.0,1594.0,9322.0,1974.0,Austin,78727,30.429127,-97.710317,1.0,51.0,348.0,for_sale,2.0,1.0,0,0,0,1,0,52.0,0.6666666666666666
FOR_SALE,325000,2.0,2.0,1502.0,3864.0,2001.0,Austin,78727,30.413817,-97.733947,425.0,31.0,216.0,for_sale,1.0,2.0,0,0,0,0,0,25.0,1.0
FOR_SALE,450000,6.0,4.0,1936.0,10411.0,1982.0,Austin,78727,30.415576,-97.694516,0.0,25.0,232.0,for_sale,2.0,1.0,0,0,1,0,0,44.0,0.6666666666666666
FOR_SALE,310000,3.0,2.0,1561.0,7518.0,1981.0,Austin,78727,30.415645,-97.693615,0.0,100.0,199.0,for_sale,2.0,1.0,0,0,0,1,0,45.0,0.6666666666666666
FOR_SALE,380000,3.0,2.0,1119.0,4583.0,1999.0,Austin,78727,30.415538,-97.73081,470.0,10.0,340.0,for_sale,1.0,2.0,0,0,0,0,0,27.0,0.6666666666666666
FOR_SALE,464900,3.0,2.0,2195.0,6621.0,2003.0,Austin,78727,30.430976,-97.691952,13.0,60.0,212.0,for_sale,2.0,1.0,0,0,0,1,0,23.0,0.6666666666666666
FOR_SALE,635000,4.0,2.0,1895.0,10420.0,1980.0,Austin,78727,30.414688,-97.721575,0.0,71.0,335.0,for_sale,2.0,1.0,0,0,0,1,0,46.0,0.5
PENDING,499000,4.0,2.0,2095.0,8054.0,1993.0,Austin,78727,30.41465,-97.683935,42.0,101.0,238.0,for_sale,2.0,1.0,0,0,0,1,0,33.0,0.5
PENDING,399000,3.0,2.0,1370.0,8403.0,1984.0,Austin,78727,30.43672,-97.747446,0.0,45.0,291.0,for_sale,2.0,1.0,0,0,0,1,0,42.0,0.6666666666666666
FOR_SALE,438000,3.0,2.0,1359.0,8333.0,1985.0,Austin,78727,30.437281,-97.739757,0.0,23.0,322.0,for_sale,2.0,1.0,0,0,0,1,0,41.0,0.6666666666666666
PENDING,575000,5.0,3.0,3165.0,7671.0,2003.0,Austin,78727,30.432349,-97.690516,13.0,69.0,182.0,for_sale,2.0,2.0,0,0,0,1,0,23.0,0.6
FOR_SALE,380000,3.0,2.0,1321.0,5009.0,1986.0,Austin,78727,30.417383,-97.687773,0.0,32.0,288.0,for_sale,2.0,2.0,0,0,0,1,0,40.0,0.6666666666666666
FOR_SALE,315000,2.0,2.0,1540.0,4535.0,2003.0,Austin,78727,30.433742,-97.693335,420.0,120.0,205.0,for_sale,2.0,2.0,0,0,0,0,0,23.0,1.0
FOR_SALE,499900,3.0,2.0,1659.0,6490.0,2006.0,Austin,78727,30.423827,-97.706284,4.0,181.0,301.0,for_sale,2.0,1.0,0,0,0,1,0,20.0,0.6666666666666666
FOR_SALE,575000,3.0,2.0,2388.0,8024.0,1984.0,Austin,78727,30.427364,-97.721087,0.0,11.0,241.0,for_sale,2.0,2.0,0,0,0,1,0,42.0,0.6666666666666666
FOR_SALE,265000,3.0,2.0,1398.0,3149.0,2021.0,Austin,78727,30.416685,-97.694389,115.0,102.0,190.0,for_sale,1.0,2.0,0,0,0,0,1,5.0,0.6666666666666666
FOR_SALE,579999,3.0,2.0,1783.0,14641.0,1992.0,Austin,78727,30.425708,-97.696021,0.0,32.0,325.0,for_sale,2.0,2.0,0,0,0,1,0,34.0,0.6666666666666666
PENDING,599000,3.0,2.0,2202.0,6970.0,1982.0,Austin,78727,30.426501,-97.707123,0.0,54.0,272.0,for_sale,2.0,2.0,0,0,0,1,0,44.0,0.6666666666666666
PENDING,549900,4.0,2.0,2023.0,7039.0,1999.0,Austin,78727,30.427863,-97.717548,20.0,30.0,272.0,for_sale,2.0,2.0,0,0,0,1,0,27.0,0.5
FOR_SALE,572400,3.0,2.0,1711.0,8551.0,1980.0,Austin,78727,30.427783,-97.706635,0.0,151.0,335.0,for_sale,2.0,2.0,0,0,0,1,0,46.0,0.6666666666666666
FOR_SALE,719987,4.0,2.0,2677.0,8303.0,2005.0,Austin,78727,30.424482,-97.705896,4.0,151.0,269.0,for_sale,2.0,2.0,0,0,0,1,0,21.0,0.5
FOR_SALE,1300000,4.0,3.0,2400.0,18295.0,2026.0,Austin,78727,30.421938,-97.737159,0.0,37.0,542.0,for_sale,2.0,1.0,0,0,0,1,0,0.0,0.75
FOR_SALE,520000,4.0,2.0,2387.0,5750.0,2001.0,Austin,78727,30.424423,-97.681797,38.0,13.0,218.0,for_sale,2.0,2.0,0,0,0,1,0,25.0,0.5
PENDING,430000,3.0,2.0,1560.0,8786.0,1980.0,Austin,78727,30.415817,-97.726939,0.0,59.0,276.0,for_sale,2.0,2.0,0,0,0,1,0,46.0,0.6666666666666666
FOR_SALE,659000,3.0,2.0,2116.0,12441.0,1985.0,Austin,78727,30.429271,-97.71262,0.0,100.0,311.0,for_sale,2.0,2.0,0,0,0,1,0,41.0,0.6666666666666666
PENDING,475000,4.0,2.0,1897.0,8067.0,1979.0,Austin,78727,30.413426,-97.722007,0.0,60.0,250.0,for_sale,2.0,1.0,0,0,0,1,0,47.0,0.5
FOR_SALE,524000,5.0,3.0,2002.0,8751.0,1983.0,Austin,78727,30.417983,-97.729007,0.0,100.0,262.0,for_sale,2.0,1.0,0,0,1,0,0,43.0,0.6
FOR_SALE,299000,2.0,2.0,1223.0,4238.0,1995.0,Austin,78727,30.419245,-97.720508,400.0,18.0,244.0,for_sale,2.0,2.0,0,0,0,0,0,31.0,1.0
FOR_SALE,599900,4.0,2.0,1627.0,8433.0,1981.0,Austin,78727,30.416204,-97.722244,0.0,94.0,369.0,for_sale,2.0,1.0,0,0,0,1,0,45.0,0.5
FOR_SALE,359900,3.0,2.0,1314.0,7048.0,1985.0,Austin,78727,30.422122,-97.6859,0.0,119.0,274.0,for_sale,2.0,1.0,0,0,0,1,0,41.0,0.6666666666666666
FOR_SALE,479900,3.0,3.0,1558.0,7283.0,1978.0,Austin,78727,30.427013,-97.691006,0.0,87.0,308.0,for_sale,1.0,1.0,0,0,0,1,0,48.0,1.0
FOR_SALE,539000,4.0,3.0,2847.0,6639.0,2003.0,Austin,78727,30.4303,-97.690426,13.0,162.0,189.0,for_sale,2.0,2.0,0,0,0,1,0,23.0,0.75
FOR_SALE,475000,4.0,2.0,2371.0,8102.0,1996.0,Austin,78727,30.42712,-97.69232,0.0,10.0,200.0,for_sale,2.0,2.0,0,0,0,1,0,30.0,0.5
PENDING,499500,3.0,2.0,2015.0,8529.0,2000.0,Austin,78727,30.431343,-97.687202,38.0,68.0,248.0,for_sale,2.0,2.0,0,0,0,1,0,26.0,0.6666666666666666
FOR_SALE,455000,3.0,2.0,1301.0,7174.0,1984.0,Austin,78727,30.431051,-97.726973,0.0,118.0,350.0,for_sale,2.0,1.0,0,0,0,1,0,42.0,0.6666666666666666
FOR_SALE,330000,2.0,2.0,1550.0,5184.0,2003.0,Austin,78727,30.428131,-97.684809,360.0,88.0,213.0,for_sale,2.0,2.0,0,0,0,0,0,23.0,1.0
FOR_SALE,398900,3.0,2.0,1809.0,7004.0,1982.0,Austin,78727,30.423591,-97.689791,0.0,125.0,221.0,for_sale,2.0,1.0,0,0,0,1,0,44.0,0.6666666666666666
FOR_SALE,535000,4.0,4.0,1777.0,29551.0,1983.0,Austin,78727,30.416301,-97.729127,0.0,156.0,301.0,for_sale,2.0,1.0,0,0,1,0,0,43.0,1.0
FOR_SALE,589800,4.0,2.0,1926.0,9923.0,1979.0,Austin,78727,30.412858,-97.723796,41.0,31.0,306.0,for_sale,2.0,2.0,0,0,0,1,0,47.0,0.5
FOR_SALE,290000,2.0,1.0,835.0,4530.0,1980.0,Austin,78727,30.422658,-97.695287,104.0,14.0,347.0,for_sale,1.0,1.0,0,0,0,0,0,46.0,0.5
FOR_SALE,325000,3.0,2.0,1495.0,4225.0,1995.0,Austin,78727,30.419245,-97.720508,400.0,52.0,217.0,for_sale,1.0,2.0,0,0,0,0,0,31.0,0.6666666666666666
PENDING,309000,2.0,1.0,896.0,7078.0,1984.0,Austin,78727,30.435499,-97.74489,0.0,192.0,345.0,for_sale,1.0,1.0,0,0,0,1,0,42.0,0.5
PENDING,499900,3.0,2.0,1678.0,6952.0,1998.0,Austin,78727,30.429897,-97.716241,24.0,30.0,298.0,for_sale,2.0,1.0,0,0,0,1,0,28.0,0.6666666666666666
SOLD,999000,5.0,2.0,2363.0,25439.0,1972.0,Austin,78727,30.426289,-97.732053,0.0,53.0,343.0,sold,2.0,2.0,0,0,0,1,0,54.0,0.4
SOLD,650000,3.0,2.0,1971.0,10119.0,1979.0,Austin,78727,30.42994,-97.71312,0.0,24.0,343.0,sold,2.0,1.0,0,0,0,1,0,47.0,0.6666666666666666
SOLD,425000,3.0,2.0,1622.0,9583.0,1977.0,Austin,78727,30.414788,-97.736992,0.0,35.0,343.0,sold,2.0,1.0,0,0,0,1,0,49.0,0.6666666666666666
SOLD,589900,4.0,3.0,1838.0,7762.0,1980.0,Austin,78727,30.428037,-97.706666,0.0,38.0,343.0,sold,2.0,1.0,0,0,0,1,0,46.0,0.75
SOLD,524995,4.0,3.0,2598.0,6429.0,1994.0,Austin,78727,30.415307,-97.685095,42.0,36.0,343.0,sold,2.0,2.0,0,0,0,1,0,32.0,0.75
SOLD,275000,3.0,2.0,1112.0,4047.0,1986.0,Austin,78727,30.418095,-97.686911,0.0,114.0,343.0,sold,2.0,1.0,0,0,0,1,0,40.0,0.6666666666666666
SOLD,610000,4.0,2.0,1813.0,8307.0,1981.0,Austin,78727,30.423496,-97.72129,0.0,77.0,343.0,sold,2.0,2.0,0,0,0,1,0,45.0,0.5
SOLD,499000,3.0,2.0,1664.0,8843.0,1979.0,Austin,78727,30.432055,-97.717077,41.0,72.0,343.0,sold,2.0,1.0,0,0,0,1,0,47.0,0.6666666666666666
SOLD,725000,3.0,2.0,2137.0,22978.0,2005.0,Austin,78727,30.420628,-97.741549,0.0,55.0,343.0,sold,2.0,1.0,0,0,0,1,0,21.0,0.6666666666666666
SOLD,379500,3.0,2.0,1221.0,8407.0,1979.0,Austin,78727,30.419838,-97.691885,0.0,80.0,343.0,sold,2.0,1.0,0,0,0,1,0,47.0,0.6666666666666666
SOLD,485000,3.0,2.0,1714.0,7126.0,1982.0,Austin,78727,30.424327,-97.708601,0.0,215.0,343.0,sold,2.0,1.0,0,0,0,1,0,44.0,0.6666666666666666
SOLD,540000,4.0,2.0,2473.0,6612.0,2003.0,Austin,78727,30.432682,-97.691193,13.0,47.0,343.0,sold,2.0,2.0,0,0,0,1,0,23.0,0.5
SOLD,419000,3.0,2.0,1410.0,8398.0,1984.0,Austin,78727,30.424083,-97.707895,0.0,30.0,343.0,sold,2.0,2.0,0,0,0,1,0,42.0,0.6666666666666666
SOLD,550000,3.0,2.0,2358.0,11326.0,1979.0,Austin,78727,30.426363,-97.715646,2.0,68.0,343.0,sold,2.0,2.0,0,0,0,1,0,47.0,0.6666666666666666
SOLD,291700,3.0,2.0,1442.0,7841.0,1984.0,Austin,78727,30.439731,-97.752486,0.0,29.0,343.0,sold,2.0,2.0,0,0,0,1,0,42.0,0.6666666666666666
SOLD,849900,3.0,2.0,1798.0,22477.0,1960.0,Austin,78727,30.433303,-97.704695,0.0,82.0,343.0,sold,4.0,1.0,0,0,0,1,0,66.0,0.6666666666666666
SOLD,609900,3.0,2.0,1823.0,9927.0,1978.0,Austin,78727,30.416394,-97.727742,0.0,24.0,343.0,sold,2.0,1.0,0,0,0,1,0,48.0,0.6666666666666666
SOLD,429900,3.0,3.0,1730.0,10685.0,2018.0,Austin,78727,30.424245,-97.679124,125.0,60.0,343.0,sold,1.0,3.0,0,0,0,1,0,8.0,1.0
SOLD,525000,4.0,2.0,3028.0,8708.0,2004.0,Austin,78727,30.431039,-97.690921,13.0,53.0,343.0,sold,2.0,2.0,0,0,0,1,0,22.0,0.5
SOLD,420000,3.0,2.0,1579.0,9975.0,1985.0,Austin,78727,30.435941,-97.737841,41.0,38.0,343.0,sold,2.0,1.0,0,0,0,1,0,41.0,0.6666666666666666
SOLD,395000,3.0,2.0,1724.0,8525.0,1979.0,Austin,78727,30.41358,-97.723964,0.0,14.0,343.0,sold,2.0,1.0,0,0,0,1,0,47.0,0.6666666666666666
SOLD,375000,3.0,2.0,1420.0,6961.0,1982.0,Austin,78727,30.427323,-97.707868,0.0,54.0,343.0,sold,2.0,1.0,0,0,0,1,0,44.0,0.6666666666666666
SOLD,494900,4.0,2.0,2173.0,9296.0,1999.0,Austin,78727,30.425628,-97.686299,38.0,90.0,343.0,sold,2.0,1.0,0,0,0,1,0,27.0,0.5
SOLD,635000,3.0,2.0,1690.0,7614.0,1982.0,Austin,78727,30.425734,-97.707374,0.0,33.0,343.0,sold,2.0,1.0,0,0,0,1,0,44.0,0.6666666666666666
SOLD,599900,4.0,2.0,1752.0,8189.0,1981.0,Austin,78727,30.41931,-97.725001,1.0,62.0,343.0,sold,2.0,1.0,0,0,0,1,0,45.0,0.5
SOLD,539000,4.0,3.0,2542.0,6665.0,1993.0,Austin,78727,30.414039,-97.684916,42.0,41.0,343.0,sold,2.0,2.0,0,0,0,1,0,33.0,0.75
SOLD,498000,4.0,2.0,2299.0,5994.0,1997.0,Austin,78727,30.429528,-97.691681,38.0,94.0,343.0,sold,2.0,2.0,0,0,0,1,0,29.0,0.5
SOLD,295000,2.0,2.0,1358.0,4535.0,2004.0,Austin,78727,30.433742,-97.693335,415.0,64.0,343.0,sold,1.0,2.0,0,0,0,0,0,22.0,1.0
SOLD,310000,2.0,2.0,1558.0,5184.0,2003.0,Austin,78727,30.428131,-97.684809,360.0,51.0,343.0,sold,1.0,2.0,0,0,0,0,0,23.0,1.0
SOLD,599900,3.0,2.0,1705.0,7736.0,1981.0,Austin,78727,30.415836,-97.720301,0.0,41.0,343.0,sold,2.0,1.0,0,0,0,1,0,45.0,0.6666666666666666
SOLD,396000,3.0,2.0,1215.0,5702.0,1984.0,Austin,78727,30.433781,-97.742583,0.0,34.0,343.0,sold,1.0,1.0,0,0,0,1,0,42.0,0.6666666666666666
SOLD,560000,3.0,2.0,1731.0,8973.0,1979.0,Austin,78727,30.431179,-97.714965,0.0,26.0,343.0,sold,2.0,1.0,0,0,0,1,0,47.0,0.6666666666666666
SOLD,295000,2.0,2.0,1186.0,4008.0,1986.0,Austin,78727,30.41868,-97.686611,0.0,30.0,343.0,sold,2.0,1.0,0,0,0,1,0,40.0,1.0
SOLD,525000,3.0,2.0,1573.0,6939.0,1982.0,Austin,78727,30.423377,-97.728995,0.0,33.0,343.0,sold,2.0,1.0,0,0,0,1,0,44.0,0.6666666666666666
SOLD,289000,2.0,2.0,1353.0,5184.0,2004.0,Austin,78727,30.428131,-97.684809,360.0,51.0,343.0,sold,1.0,2.0,0,0,0,0,0,22.0,1.0
SOLD,585000,4.0,2.0,2515.0,6665.0,2016.0,Austin,78727,30.427603,-97.700142,62.0,143.0,343.0,sold,2.0,2.0,0,0,0,1,0,10.0,0.5
SOLD,240000,2.0,1.0,1089.0,4204.0,2009.0,Austin,78727,30.40966,-97.68223,291.0,54.0,343.0,sold,1.0,2.0,0,0,0,0,0,17.0,0.5
SOLD,500000,3.0,2.0,1678.0,5907.0,1998.0,Austin,78727,30.43042,-97.717373,24.0,42.0,343.0,sold,2.0,1.0,0,0,0,1,0,28.0,0.6666666666666666
SOLD,549000,3.0,2.0,1914.0,7536.0,1996.0,Austin,78727,30.427068,-97.693097,38.0,39.0,343.0,sold,2.0,1.0,0,0,0,1,0,30.0,0.6666666666666666
SOLD,369000,3.0,2.0,1321.0,6970.0,1978.0,Austin,78727,30.417592,-97.727065,0.0,356.0,343.0,sold,2.0,1.0,0,0,0,1,0,48.0,0.6666666666666666
SOLD,625000,4.0,2.0,1613.0,8303.0,1981.0,Austin,78727,30.419022,-97.724424,0.0,39.0,343.0,sold,2.0,1.0,0,0,0,1,0,45.0,0.5
SOLD,420000,3.0,2.0,1508.0,8015.0,1978.0,Austin,78727,30.426402,-97.68972,0.0,41.0,343.0,sold,2.0,1.0,0,0,0,1,0,48.0,0.6666666666666666
SOLD,424995,3.0,2.0,1489.0,6490.0,1983.0,Austin,78727,30.427104,-97.723341,0.0,26.0,343.0,sold,2.0,1.0,0,0,0,1,0,43.0,0.6666666666666666
SOLD,480000,3.0,2.0,1425.0,7714.0,1985.0,Austin,78727,30.43628,-97.737779,0.0,60.0,343.0,sold,2.0,1.0,0,0,0,1,0,41.0,0.6666666666666666
SOLD,495000,3.0,2.0,1510.0,8276.0,1984.0,Austin,78727,30.428641,-97.727199,0.0,36.0,343.0,sold,2.0,1.0,0,0,0,1,0,42.0,0.6666666666666666
SOLD,475000,3.0,2.0,1808.0,5750.0,1996.0,Austin,78727,30.416591,-97.687785,42.0,63.0,343.0,sold,2.0,1.0,0,0,0,1,0,30.0,0.6666666666666666
SOLD,499000,3.0,2.0,2183.0,8263.0,1984.0,Austin,78727,30.426891,-97.720854,0.0,321.0,343.0,sold,2.0,2.0,0,0,0,1,0,42.0,0.6666666666666666
SOLD,299999,2.0,2.0,1687.0,5162.0,2004.0,Austin,78727,30.428131,-97.684809,360.0,39.0,343.0,sold,3.0,2.0,0,0,0,0,0,22.0,1.0
SOLD,630000,4.0,2.0,2283.0,10489.0,1980.0,Austin,78727,30.414791,-97.727427,0.0,40.0,343.0,sold,2.0,2.0,0,0,0,1,0,46.0,0.5
SOLD,385000,3.0,2.0,1312.0,7684.0,1984.0,Austin,78727,30.430583,-97.728463,0.0,55.0,343.0,sold,2.0,1.0,0,0,0,1,0,42.0,0.6666666666666666
SOLD,499000,3.0,2.0,2150.0,6869.0,1982.0,Austin,78727,30.422543,-97.72511,0.0,66.0,343.0,sold,2.0,1.0,0,0,0,1,0,44.0,0.6666666666666666
SOLD,359000,3.0,2.0,1206.0,3602.0,1984.0,Austin,78727,30.438568,-97.742925,50.0,42.0,343.0,sold,1.0,1.0,0,0,0,1,0,42.0,0.6666666666666666
SOLD,315000,2.0,2.0,1550.0,7048.0,2003.0,Austin,78727,30.428131,-97.684809,365.0,43.0,343.0,sold,2.0,2.0,0,0,0,0,0,23.0,1.0
SOLD,339990,3.0,2.0,1334.0,7440.0,2006.0,Austin,78727,30.441127,-97.705265,475.0,278.0,343.0,sold,2.0,1.0,0,0,0,0,0,20.0,0.6666666666666666
SOLD,350000,3.0,2.0,1510.0,8668.0,1984.0,Austin,78727,30.428948,-97.725152,0.0,35.0,343.0,sold,2.0,1.0,0,0,0,1,0,42.0,0.6666666666666666
SOLD,319000,2.0,2.0,1550.0,5184.0,2003.0,Austin,78727,30.428131,-97.684809,350.0,146.0,343.0,sold,2.0,2.0,0,0,0,0,0,23.0,1.0
SOLD,315000,2.0,2.0,1023.0,3877.0,1984.0,Austin,78727,30.440581,-97.74206,30.0,25.0,343.0,sold,1.0,1.0,0,0,0,1,0,42.0,1.0
SOLD,369000,3.0,2.0,1378.0,9017.0,1981.0,Austin,78727,30.427431,-97.712022,0.0,29.0,343.0,sold,2.0,1.0,0,0,0,1,0,45.0,0.6666666666666666
SOLD,380000,4.0,2.0,1410.0,6630.0,1985.0,Austin,78727,30.421706,-97.685638,0.0,56.0,343.0,sold,2.0,1.0,0,0,0,1,0,41.0,0.5
SOLD,498000,4.0,2.0,1958.0,6861.0,1993.0,Austin,78727,30.414852,-97.684453,42.0,35.0,343.0,sold,2.0,1.0,0,0,0,1,0,33.0,0.5
SOLD,540000,3.0,2.0,1895.0,9418.0,1979.0,Austin,78727,30.416917,-97.726988,0.0,55.0,343.0,sold,2.0,1.0,0,0,0,1,0,47.0,0.6666666666666666
SOLD,575000,4.0,2.0,1699.0,6573.0,1980.0,Austin,78727,30.416474,-97.731344,41.0,31.0,343.0,sold,2.0,1.0,0,0,0,1,0,46.0,0.5
SOLD,569000,4.0,2.0,2553.0,8407.0,1995.0,Austin,78727,30.417957,-97.682143,42.0,170.0,343.0,sold,2.0,1.0,0,0,0,1,0,31.0,0.5
SOLD,550000,4.0,2.0,2682.0,6970.0,2000.0,Austin,78727,30.426862,-97.684662,37.0,84.0,343.0,sold,2.0,2.0,0,0,0,1,0,26.0,0.5
SOLD,645000,3.0,3.0,1941.0,8377.0,1982.0,Austin,78727,30.423299,-97.723784,0.0,26.0,343.0,sold,2.0,2.0,0,0,0,1,0,44.0,1.0
SOLD,414900,3.0,2.0,1931.0,7440.0,2007.0,Austin,78727,30.440825,-97.706542,430.0,54.0,343.0,sold,2.0,2.0,0,0,0,0,0,19.0,0.6666666666666666
SOLD,410000,3.0,2.0,1696.0,5750.0,1998.0,Austin,78727,30.418837,-97.684631,42.0,167.0,343.0,sold,2.0,1.0,0,0,0,1,0,28.0,0.6666666666666666
SOLD,480000,4.0,2.0,1748.0,7667.0,1983.0,Austin,78727,30.424854,-97.729108,0.0,37.0,343.0,sold,2.0,2.0,0,0,0,1,0,43.0,0.5
SOLD,294000,2.0,1.0,791.0,4748.0,1985.0,Austin,78727,30.440654,-97.741841,54.0,38.0,343.0,sold,1.0,1.0,0,0,0,1,0,41.0,0.5
SOLD,524900,3.0,2.0,2531.0,6573.0,1998.0,Austin,78727,30.427626,-97.694623,38.0,75.0,343.0,sold,2.0,2.0,0,0,0,1,0,28.0,0.6666666666666666
SOLD,550000,3.0,2.0,1644.0,8982.0,1979.0,Austin,78727,30.429457,-97.713422,0.0,46.0,343.0,sold,2.0,1.0,0,0,0,1,0,47.0,0.6666666666666666
SOLD,407000,3.0,2.0,1237.0,5615.0,1984.0,Austin,78727,30.434109,-97.743105,0.0,33.0,343.0,sold,1.0,1.0,0,0,0,1,0,42.0,0.6666666666666666
SOLD,385000,3.0,2.0,1285.0,8481.0,1983.0,Austin,78727,30.423371,-97.687704,0.0,58.0,343.0,sold,2.0,1.0,0,0,0,1,0,43.0,0.6666666666666666
SOLD,499000,4.0,3.0,2598.0,7196.0,1993.0,Austin,78727,30.413272,-97.685999,42.0,135.0,343.0,sold,2.0,2.0,0,0,0,1,0,33.0,0.75
SOLD,349900,3.0,2.0,1500.0,7440.0,2006.0,Austin,78727,30.442329,-97.706178,475.0,40.0,343.0,sold,2.0,1.0,0,0,0,0,0,20.0,0.6666666666666666
SOLD,624900,4.0,2.0,1664.0,11034.0,1978.0,Austin,78727,30.427761,-97.710993,0.0,26.0,343.0,sold,2.0,1.0,0,0,0,1,0,48.0,0.5
SOLD,509000,3.0,2.0,1621.0,8952.0,1981.0,Austin,78727,30.431313,-97.71731,0.0,85.0,343.0,sold,2.0,1.0,0,0,0,1,0,45.0,0.6666666666666666
SOLD,328000,3.0,2.0,1172.0,10542.0,1979.0,Austin,78727,30.419691,-97.692574,0.0,43.0,343.0,sold,2.0,1.0,0,0,0,1,0,47.0,0.6666666666666666
SOLD,357000,3.0,2.0,1307.0,7971.0,1984.0,Austin,78727,30.435395,-97.744356,0.0,32.0,343.0,sold,2.0,1.0,0,0,0,1,0,42.0,0.6666666666666666
SOLD,475000,3.0,2.0,1481.0,7139.0,1982.0,Austin,78727,30.418556,-97.690734,0.0,26.0,343.0,sold,2.0,1.0,0,0,0,1,0,44.0,0.6666666666666666
SOLD,700000,3.0,2.0,2119.0,14662.0,1973.0,Austin,78727,30.421536,-97.730941,0.0,66.0,343.0,sold,2.0,1.0,0,0,0,1,0,53.0,0.6666666666666666
SOLD,575000,3.0,2.0,1680.0,7449.0,1978.0,Austin,78727,30.417771,-97.726563,0.0,38.0,343.0,sold,2.0,1.0,0,0,0,1,0,48.0,0.6666666666666666
SOLD,349900,3.0,2.0,1366.0,6599.0,1982.0,Austin,78727,30.424942,-97.709952,0.0,121.0,343.0,sold,2.0,1.0,0,0,0,1,0,44.0,0.6666666666666666
SOLD,819000,3.0,3.0,2016.0,51244.0,1969.0,Austin,78727,30.420349,-97.737158,0.0,210.0,343.0,sold,2.0,1.0,0,0,0,1,0,57.0,1.0
SOLD,259900,2.0,1.0,1089.0,4204.0,2008.0,Austin,78727,30.409662,-97.682236,277.0,202.0,343.0,sold,1.0,2.0,0,0,0,0,0,18.0,0.5
SOLD,449000,3.0,2.0,2173.0,7610.0,1996.0,Austin,78727,30.428611,-97.693461,37.0,273.0,343.0,sold,2.0,1.0,0,0,0,1,0,30.0,0.6666666666666666
SOLD,475000,3.0,2.0,1758.0,11404.0,1995.0,Austin,78727,30.416071,-97.687268,42.0,182.0,343.0,sold,2.0,1.0,0,0,0,1,0,31.0,0.6666666666666666
SOLD,499980,4.0,2.0,1766.0,7048.0,1974.0,Austin,78727,30.430542,-97.709631,0.0,23.0,343.0,sold,2.0,1.0,0,0,0,1,0,52.0,0.5
FOR_SALE,1200000,4.0,3.0,2728.0,14109.0,1967.0,Austin,78731,30.359452,-97.765362,0.0,3.0,440.0,for_sale,2.0,1.0,0,0,0,1,0,59.0,0.75
FOR_SALE,795000,3.0,2.0,1999.0,10494.0,1978.0,Austin,78731,30.360001,-97.752887,0.0,6.0,398.0,for_sale,2.0,1.0,0,0,0,1,0,48.0,0.6666666666666666
FOR_SALE,500000,2.0,2.0,1270.0,11230.0,1983.0,Austin,78731,30.361833,-97.779374,114.0,9.0,394.0,for_sale,1.0,2.0,0,0,0,1,0,43.0,1.0
FOR_SALE,999000,3.0,2.0,1739.0,8695.0,1964.0,Austin,78731,30.324653,-97.752348,0.0,3.0,574.0,for_sale,1.0,1.0,0,0,0,1,0,62.0,0.6666666666666666
FOR_SALE,1299000,4.0,3.0,2677.0,8695.0,1984.0,Austin,78731,30.354958,-97.788348,29.0,3.0,485.0,for_sale,2.0,1.0,0,0,0,1,0,42.0,0.75
FOR_SALE,1500000,5.0,4.0,3357.0,16448.0,1974.0,Austin,78731,30.369788,-97.77485,0.0,38.0,447.0,for_sale,3.0,1.0,0,0,0,1,0,52.0,0.8
FOR_SALE,1000000,4.0,2.0,2686.0,11779.0,1973.0,Austin,78731,30.36976,-97.773737,0.0,1.0,372.0,for_sale,3.0,2.0,0,0,0,1,0,53.0,0.5
FOR_SALE,1150000,4.0,2.0,2785.0,10285.0,2015.0,Austin,78731,30.333646,-97.75709,0.0,5.0,413.0,for_sale,2.0,2.0,0,0,0,1,0,11.0,0.5
FOR_SALE,1375000,4.0,2.0,2698.0,15947.0,1977.0,Austin,78731,30.37305,-97.77338,0.0,55.0,510.0,for_sale,2.0,2.0,0,0,0,1,0,49.0,0.5
FOR_SALE,955000,5.0,3.0,2840.0,12545.0,1996.0,Austin,78731,30.347346,-97.766957,0.0,3.0,336.0,for_sale,2.0,2.0,0,0,0,1,0,30.0,0.6
FOR_SALE,1499000,4.0,3.0,2973.0,9583.0,1976.0,Austin,78731,30.337177,-97.766882,0.0,9.0,504.0,for_sale,2.0,2.0,0,0,0,1,0,50.0,0.75
FOR_SALE,1549000,5.0,4.0,3480.0,18539.0,1991.0,Austin,78731,30.35056,-97.770894,0.0,18.0,445.0,for_sale,2.0,2.0,0,0,0,1,0,35.0,0.8
FOR_SALE,750000,4.0,3.0,2013.0,7257.0,1954.0,Austin,78731,30.329327,-97.754274,0.0,10.0,373.0,for_sale,2.0,1.0,0,0,0,1,0,72.0,0.75
FOR_SALE,1400000,3.0,2.0,2934.0,17276.0,1992.0,Austin,78731,30.348809,-97.781192,84.0,27.0,477.0,for_sale,2.0,2.0,0,0,0,1,0,34.0,0.6666666666666666
FOR_SALE,514000,3.0,2.0,2386.0,4060.0,1979.0,Austin,78731,30.358695,-97.760406,631.0,179.0,215.0,for_sale,2.0,2.0,0,0,0,0,0,47.0,0.6666666666666666
FOR_SALE,250000,2.0,2.0,985.0,7048.0,1982.0,Austin,78731,30.357098,-97.759893,516.0,8.0,254.0,for_sale,2.0,1.0,0,0,0,0,0,44.0,1.0
FOR_SALE,950000,4.0,2.0,2672.0,11138.0,1967.0,Austin,78731,30.361839,-97.764869,0.0,165.0,356.0,for_sale,2.0,1.0,0,0,0,1,0,59.0,0.5
FOR_SALE,1495000,4.0,3.0,2566.0,14985.0,1962.0,Austin,78731,30.318006,-97.769591,0.0,23.0,583.0,for_sale,2.0,1.0,0,0,0,1,0,64.0,0.75
FOR_SALE,999000,3.0,2.0,2561.0,4617.0,1978.0,Austin,78731,30.349256,-97.778767,84.0,31.0,390.0,for_sale,2.0,2.0,0,0,0,1,0,48.0,0.6666666666666666
FOR_SALE,1200000,3.0,2.0,2416.0,13852.0,1973.0,Austin,78731,30.342805,-97.767153,0.0,130.0,497.0,for_sale,2.0,2.0,0,0,0,1,0,53.0,0.6666666666666666
FOR_SALE,1095000,4.0,3.0,2551.0,11308.0,1967.0,Austin,78731,30.345043,-97.757067,0.0,95.0,429.0,for_sale,2.0,3.0,0,0,0,1,0,59.0,0.75
PENDING,565000,2.0,2.0,1530.0,5576.0,1980.0,Austin,78731,30.366124,-97.752224,361.0,27.0,369.0,for_sale,1.0,1.0,0,0,0,0,1,46.0,1.0
FOR_SALE,900000,3.0,2.0,2447.0,7697.0,1992.0,Austin,78731,30.360577,-97.777209,46.0,52.0,368.0,for_sale,2.0,2.0,0,0,0,1,0,34.0,0.6666666666666666
FOR_SALE,985000,3.0,2.0,2030.0,7253.0,1953.0,Austin,78731,30.322165,-97.749372,0.0,16.0,485.0,for_sale,2.0,1.0,0,0,0,1,0,73.0,0.6666666666666666
FOR_SALE,209000,1.0,1.0,878.0,858.0,2019.0,Austin,78731,30.316643,-97.752742,607.0,9.0,238.0,for_sale,2.0,1.0,0,0,0,0,0,7.0,1.0
FOR_SALE,150000,1.0,1.0,596.0,7048.0,1982.0,Austin,78731,30.357098,-97.759893,333.0,9.0,252.0,for_sale,2.0,1.0,0,0,0,0,0,44.0,1.0
FOR_SALE,1099000,3.0,3.0,2795.0,10341.0,1965.0,Austin,78731,30.3598,-97.767456,0.0,137.0,393.0,for_sale,2.0,1.0,0,0,0,1,0,61.0,1.0
FOR_SALE,475000,2.0,2.0,1439.0,7048.0,1981.0,Austin,78731,30.355319,-97.792423,285.0,106.0,330.0,for_sale,2.0,1.0,0,0,0,0,1,45.0,1.0
FOR_SALE,1450000,4.0,2.0,1865.0,8032.0,1949.0,Austin,78731,30.312865,-97.750766,0.0,58.0,777.0,for_sale,2.0,1.0,0,0,0,1,0,77.0,0.5
FOR_SALE,1699000,5.0,4.0,3073.0,12066.0,1975.0,Austin,78731,30.359771,-97.753035,0.0,12.0,553.0,for_sale,2.0,1.0,0,0,0,1,0,51.0,0.8
FOR_SALE,349990,3.0,2.0,1005.0,4574.0,1985.0,Austin,78731,30.34015,-97.775146,477.0,60.0,348.0,for_sale,2.0,1.0,0,0,0,0,0,41.0,0.6666666666666666
PENDING,227000,2.0,1.0,892.0,3515.0,1960.0,Austin,78731,30.336229,-97.759674,418.0,229.0,254.0,for_sale,2.0,2.0,0,0,0,0,0,66.0,0.5
FOR_SALE,1375000,3.0,2.0,2124.0,11008.0,1985.0,Austin,78731,30.344747,-97.767033,0.0,6.0,647.0,for_sale,2.0,2.0,0,0,0,1,0,41.0,0.6666666666666666
FOR_SALE,167777,3.0,2.0,1156.0,1494.0,1968.0,Austin,78731,30.345895,-97.752784,531.0,152.0,145.0,for_sale,2.0,1.0,0,0,0,0,0,58.0,0.6666666666666666
FOR_SALE,239000,3.0,2.0,1265.0,2113.0,1968.0,Austin,78731,30.347915,-97.752314,446.0,60.0,189.0,for_sale,2.0,1.0,0,0,0,0,0,58.0,0.6666666666666666
FOR_SALE,1595000,4.0,3.0,3307.0,13434.0,1995.0,Austin,78731,30.348543,-97.768316,25.0,46.0,482.0,for_sale,2.0,2.0,0,0,0,1,0,31.0,0.75
FOR_SALE,499000,3.0,2.0,1751.0,4060.0,1979.0,Austin,78731,30.358774,-97.761137,600.0,59.0,285.0,for_sale,2.0,2.0,0,0,0,0,0,47.0,0.6666666666666666
FOR_SALE,835000,3.0,2.0,1161.0,7057.0,1950.0,Austin,78731,30.310802,-97.7524,0.0,3.0,719.0,for_sale,2.0,1.0,0,0,0,1,0,76.0,0.6666666666666666
FOR_SALE,575000,2.0,2.0,1680.0,2993.0,1969.0,Austin,78731,30.357966,-97.762087,550.0,51.0,342.0,for_sale,2.0,2.0,0,0,0,0,1,57.0,1.0
FOR_SALE,1047000,5.0,3.0,2704.0,42240.0,1977.0,Austin,78731,30.362318,-97.784909,0.0,93.0,387.0,for_sale,2.0,2.0,0,0,0,1,0,49.0,0.6
FOR_SALE,559000,3.0,1.0,1536.0,5837.0,1949.0,Austin,78731,30.321799,-97.755365,0.0,100.0,364.0,for_sale,2.0,1.0,0,0,0,1,0,77.0,0.3333333333333333
FOR_SALE,1150000,3.0,3.0,2536.0,8451.0,1984.0,Austin,78731,30.346828,-97.781111,63.0,73.0,453.0,for_sale,2.0,2.0,0,0,0,1,0,42.0,1.0
FOR_SALE,850000,3.0,3.0,2629.0,2570.0,2021.0,Austin,78731,30.319788,-97.753052,435.0,7.0,323.0,for_sale,2.0,3.0,0,0,0,0,1,5.0,1.0
FOR_SALE,520000,3.0,1.0,1320.0,9043.0,1953.0,Austin,78731,30.326522,-97.754718,0.0,16.0,394.0,for_sale,2.0,1.0,0,0,0,1,0,73.0,0.3333333333333333
FOR_SALE,839000,3.0,3.0,2102.0,6695.0,1985.0,Austin,78731,30.3451,-97.779093,63.0,107.0,399.0,for_sale,2.0,2.0,0,0,0,1,0,41.0,1.0
FOR_SALE,1325000,3.0,2.0,3491.0,2570.0,2023.0,Austin,78731,30.315319,-97.752281,456.0,186.0,380.0,for_sale,2.0,3.0,0,0,0,0,0,3.0,0.6666666666666666
PENDING,265000,2.0,2.0,1167.0,5101.0,1984.0,Austin,78731,30.341959,-97.762856,413.0,31.0,227.0,for_sale,2.0,2.0,0,0,0,0,0,42.0,1.0
FOR_SALE,675000,3.0,2.0,1938.0,10149.0,1954.0,Austin,78731,30.325735,-97.755293,0.0,192.0,348.0,for_sale,1.0,1.0,0,0,0,1,0,72.0,0.6666666666666666
PENDING,1249000,4.0,3.0,2791.0,11591.0,1974.0,Austin,78731,30.360059,-97.755222,0.0,31.0,448.0,for_sale,2.0,1.0,0,0,0,1,0,52.0,0.75
FOR_SALE,895000,6.0,4.0,2175.0,6991.0,1935.0,Austin,78731,30.310328,-97.754743,0.0,1.0,411.0,for_sale,2.0,2.0,0,0,0,1,0,91.0,0.6666666666666666
FOR_SALE,499000,2.0,2.0,1922.0,11766.0,1981.0,Austin,78731,30.340423,-97.772609,592.0,263.0,260.0,for_sale,2.0,2.0,0,0,0,0,0,45.0,1.0
FOR_SALE,215000,2.0,2.0,967.0,2309.0,1973.0,Austin,78731,30.352847,-97.759199,427.0,178.0,222.0,for_sale,2.0,1.0,0,0,0,0,0,53.0,1.0
FOR_SALE,550000,3.0,1.0,1320.0,9043.0,1953.0,Austin,78731,30.326522,-97.754718,0.0,45.0,417.0,for_sale,2.0,1.0,0,0,0,1,0,73.0,0.3333333333333333
FOR_SALE,1150000,3.0,3.0,2844.0,2570.0,2020.0,Austin,78731,30.315552,-97.751991,289.0,114.0,404.0,for_sale,2.0,2.0,0,0,0,1,0,6.0,1.0
PENDING,995000,4.0,2.0,2421.0,19763.0,1968.0,Austin,78731,30.360197,-97.772614,0.0,58.0,411.0,for_sale,2.0,1.0,0,0,0,1,0,58.0,0.5
FOR_SALE,965000,4.0,3.0,2044.0,7044.0,1997.0,Austin,78731,30.311556,-97.751983,0.0,25.0,472.0,for_sale,2.0,2.0,0,0,0,1,0,29.0,0.75
FOR_SALE,649900,3.0,1.0,1278.0,7518.0,1955.0,Austin,78731,30.325877,-97.751157,0.0,45.0,509.0,for_sale,1.0,1.0,0,0,0,1,0,71.0,0.3333333333333333
FOR_SALE,225000,1.0,1.0,567.0,2579.0,1985.0,Austin,78731,30.34015,-97.775146,269.0,17.0,397.0,for_sale,2.0,1.0,0,0,0,0,0,41.0,1.0
FOR_SALE,250000,2.0,2.0,992.0,3920.0,1960.0,Austin,78731,30.336229,-97.759674,465.0,40.0,252.0,for_sale,2.0,1.0,0,0,0,0,0,66.0,1.0
FOR_SALE,1275000,5.0,2.0,3132.0,8799.0,1999.0,Austin,78731,30.311422,-97.751854,0.0,25.0,407.0,for_sale,2.0,2.0,0,0,0,1,0,27.0,0.4
FOR_SALE,1390000,3.0,2.0,3133.0,7013.0,1984.0,Austin,78731,30.354563,-97.787467,29.0,81.0,444.0,for_sale,2.0,2.0,0,0,0,1,0,42.0,0.6666666666666666
FOR_SALE,1340000,3.0,3.0,1806.0,7170.0,1940.0,Austin,78731,30.310887,-97.754719,0.0,90.0,742.0,for_sale,2.0,1.0,0,0,0,1,0,86.0,1.0
FOR_SALE,289999,2.0,1.0,1158.0,2452.0,1979.0,Austin,78731,30.355047,-97.752988,450.0,186.0,250.0,for_sale,2.0,2.0,0,0,0,0,0,47.0,0.5
PENDING,550000,2.0,2.0,1220.0,858.0,2019.0,Austin,78731,30.316265,-97.753773,565.0,186.0,451.0,for_sale,1.0,1.0,0,0,0,0,0,7.0,1.0
PENDING,595000,3.0,2.0,2328.0,13913.0,1985.0,Austin,78731,30.339782,-97.766751,500.0,123.0,256.0,for_sale,2.0,2.0,0,0,0,0,0,41.0,0.6666666666666666
FOR_SALE,999000,4.0,2.0,2109.0,7841.0,1954.0,Austin,78731,30.327122,-97.751164,0.0,44.0,474.0,for_sale,2.0,1.0,0,0,0,1,0,72.0,0.5
FOR_SALE,300000,2.0,1.0,1043.0,4792.0,1971.0,Austin,78731,30.339854,-97.762955,352.0,110.0,288.0,for_sale,2.0,2.0,0,0,0,0,0,55.0,0.5
FOR_SALE,265000,2.0,1.0,961.0,2788.0,1982.0,Austin,78731,30.351174,-97.757235,325.0,141.0,276.0,for_sale,2.0,2.0,0,0,0,0,0,44.0,0.5
FOR_SALE,300000,2.0,1.0,1158.0,2452.0,1979.0,Austin,78731,30.355047,-97.752988,450.0,178.0,259.0,for_sale,2.0,2.0,0,0,0,0,0,47.0,0.5
FOR_SALE,869000,4.0,3.0,2178.0,7048.0,2019.0,Austin,78731,30.316281,-97.751943,447.0,46.0,399.0,for_sale,2.0,3.0,0,0,0,0,0,7.0,0.75
FOR_SALE,499000,4.0,3.0,2236.0,2875.0,1968.0,Austin,78731,30.345901,-97.752792,1075.0,193.0,223.0,for_sale,2.0,2.0,0,0,0,0,0,58.0,0.75
FOR_SALE,875000,4.0,3.0,2144.0,7048.0,2020.0,Austin,78731,30.31389,-97.752754,440.0,159.0,408.0,for_sale,2.0,3.0,0,0,0,0,0,6.0,0.75
PENDING,1575000,4.0,3.0,3698.0,15682.0,1991.0,Austin,78731,30.334056,-97.774506,50.0,125.0,426.0,for_sale,2.0,2.0,0,0,0,1,0,35.0,0.75
SOLD,1295000,3.0,2.0,2479.0,9283.0,1955.0,Austin,78731,30.314544,-97.754153,0.0,66.0,343.0,sold,2.0,2.0,0,0,0,1,0,71.0,0.6666666666666666
SOLD,570000,2.0,2.0,1426.0,3851.0,1985.0,Austin,78731,30.366951,-97.754429,357.0,77.0,343.0,sold,2.0,1.0,0,0,0,0,1,41.0,1.0
SOLD,1490000,4.0,3.0,3192.0,2570.0,2021.0,Austin,78731,30.315191,-97.752373,442.0,105.0,343.0,sold,2.0,2.0,0,0,0,0,0,5.0,0.75
SOLD,855000,4.0,3.0,2178.0,2570.0,2019.0,Austin,78731,30.314042,-97.752992,439.0,105.0,343.0,sold,2.0,3.0,0,0,0,0,0,7.0,0.75
SOLD,975000,3.0,2.0,1708.0,12554.0,1947.0,Austin,78731,30.309129,-97.753878,0.0,103.0,343.0,sold,1.0,1.0,0,0,0,1,0,79.0,0.6666666666666666
SOLD,875000,4.0,2.0,2558.0,16156.0,1964.0,Austin,78731,30.359498,-97.767026,0.0,122.0,343.0,sold,2.0,2.0,0,0,0,1,0,62.0,0.5
SOLD,1195000,3.0,2.0,2235.0,5293.0,1996.0,Austin,78731,30.366612,-97.75619,225.0,54.0,343.0,sold,2.0,2.0,0,0,0,1,0,30.0,0.6666666666666666
SOLD,985000,3.0,3.0,2584.0,2570.0,2021.0,Austin,78731,30.319683,-97.752396,435.0,110.0,343.0,sold,2.0,3.0,0,0,0,0,0,5.0,1.0
SOLD,209000,1.0,1.0,828.0,858.0,2019.0,Austin,78731,30.316856,-97.752216,607.0,181.0,343.0,sold,1.0,1.0,0,0,0,0,0,7.0,1.0
SOLD,965000,4.0,2.0,3311.0,10359.0,1966.0,Austin,78731,30.35944,-97.769236,0.0,33.0,343.0,sold,2.0,1.0,0,0,0,1,0,60.0,0.5
SOLD,1190000,3.0,2.0,3252.0,9766.0,1997.0,Austin,78731,30.355313,-97.786541,29.0,19.0,343.0,sold,2.0,2.0,0,0,0,1,0,29.0,0.6666666666666666
SOLD,1070000,5.0,2.0,3434.0,11352.0,1983.0,Austin,78731,30.360191,-97.785914,0.0,32.0,343.0,sold,2.0,2.0,0,0,0,1,0,43.0,0.4
SOLD,1399999,4.0,2.0,2982.0,16135.0,1989.0,Austin,78731,30.345931,-97.776956,0.0,72.0,343.0,sold,2.0,2.0,0,0,0,1,0,37.0,0.5
SOLD,1150000,4.0,4.0,3150.0,2570.0,2020.0,Austin,78731,30.314426,-97.753153,436.0,14.0,343.0,sold,2.0,2.0,0,0,0,0,0,6.0,1.0
SOLD,598000,3.0,2.0,1795.0,15725.0,1985.0,Austin,78731,30.338904,-97.766485,500.0,245.0,343.0,sold,2.0,2.0,0,0,0,0,0,41.0,0.6666666666666666
SOLD,799900,3.0,2.0,1776.0,11317.0,1951.0,Austin,78731,30.324312,-97.746182,0.0,72.0,343.0,sold,2.0,1.0,0,0,0,1,0,75.0,0.6666666666666666
SOLD,1265000,4.0,2.0,2367.0,10298.0,1966.0,Austin,78731,30.360906,-97.767151,0.0,40.0,343.0,sold,2.0,1.0,0,0,0,1,0,60.0,0.5
SOLD,1199000,4.0,2.0,2982.0,10062.0,1976.0,Austin,78731,30.351724,-97.762789,0.0,125.0,343.0,sold,2.0,2.0,0,0,0,1,0,50.0,0.5
SOLD,1395000,4.0,3.0,3245.0,22521.0,1981.0,Austin,78731,30.362138,-97.786487,0.0,29.0,343.0,sold,2.0,2.0,0,0,0,1,0,45.0,0.75
SOLD,1275000,3.0,2.0,2075.0,14998.0,1974.0,Austin,78731,30.347404,-97.764327,0.0,29.0,343.0,sold,2.0,1.0,0,0,0,1,0,52.0,0.6666666666666666
SOLD,314000,2.0,2.0,754.0,2452.0,1979.0,Austin,78731,30.355047,-97.752988,450.0,36.0,343.0,sold,1.0,1.0,0,0,0,0,0,47.0,1.0
SOLD,1075000,3.0,2.0,2090.0,11866.0,1950.0,Austin,78731,30.322965,-97.74795,0.0,76.0,343.0,sold,2.0,1.0,0,0,0,1,0,76.0,0.6666666666666666
SOLD,639900,3.0,2.0,1383.0,7148.0,1953.0,Austin,78731,30.328945,-97.754283,0.0,33.0,343.0,sold,1.0,1.0,0,0,0,1,0,73.0,0.6666666666666666
SOLD,1199000,3.0,3.0,3006.0,17860.0,2003.0,Austin,78731,30.340797,-97.775794,0.0,278.0,343.0,sold,2.0,1.0,0,0,0,1,0,23.0,1.0
SOLD,600000,3.0,2.0,1829.0,4783.0,1969.0,Austin,78731,30.344333,-97.765249,227.0,41.0,343.0,sold,2.0,2.0,0,0,0,0,0,57.0,0.6666666666666666
SOLD,615000,4.0,2.0,1615.0,8276.0,1953.0,Austin,78731,30.326187,-97.750222,0.0,81.0,343.0,sold,2.0,1.0,0,0,0,1,0,73.0,0.5
SOLD,550000,2.0,2.0,1166.0,3446.0,1985.0,Austin,78731,30.365546,-97.753551,327.0,35.0,343.0,sold,2.0,1.0,0,0,0,0,1,41.0,1.0
SOLD,1123000,3.0,2.0,2024.0,14418.0,1966.0,Austin,78731,30.345389,-97.764879,0.0,39.0,343.0,sold,2.0,1.0,0,0,0,1,0,60.0,0.6666666666666666
SOLD,262500,2.0,2.0,1167.0,5101.0,1984.0,Austin,78731,30.341894,-97.763428,415.0,90.0,343.0,sold,2.0,3.0,0,0,0,0,0,42.0,1.0
SOLD,935000,3.0,2.0,1770.5,13303.0,1993.0,Austin,78731,30.311115,-97.750903,0.0,42.0,343.0,sold,2.0,1.0,1,0,0,0,0,33.0,0.6666666666666666
SOLD,1299000,4.0,4.0,3689.0,13608.0,1984.0,Austin,78731,30.345741,-97.783528,60.0,59.0,343.0,sold,2.0,2.0,0,0,0,1,0,42.0,1.0
SOLD,299000,2.0,2.0,1167.0,5101.0,1984.0,Austin,78731,30.341789,-97.764419,415.0,54.0,343.0,sold,2.0,3.0,0,0,0,0,0,42.0,1.0
SOLD,600000,3.0,2.0,1488.0,10934.0,1951.0,Austin,78731,30.323561,-97.752524,0.0,17.0,343.0,sold,2.0,1.0,0,0,0,1,0,75.0,0.6666666666666666
SOLD,1675000,5.0,3.0,3131.0,11509.0,1975.0,Austin,78731,30.359718,-97.760492,0.0,59.0,343.0,sold,2.0,1.0,0,0,0,1,0,51.0,0.6
SOLD,1199000,4.0,2.0,3119.0,8228.0,1994.0,Austin,78731,30.337245,-97.780039,14.0,31.0,343.0,sold,2.0,2.0,0,0,0,1,0,32.0,0.5
SOLD,1300000,4.0,2.0,2456.0,14854.0,1976.0,Austin,78731,30.372352,-97.773951,0.0,53.0,343.0,sold,2.0,2.0,0,0,0,1,0,50.0,0.5
SOLD,585000,3.0,2.0,1890.0,6421.0,1998.0,Austin,78731,30.362119,-97.778891,300.0,33.0,343.0,sold,1.0,2.0,0,0,0,0,0,28.0,0.6666666666666666
SOLD,169800,1.0,1.0,753.0,5990.0,1994.0,Austin,78731,30.36959,-97.788917,205.0,131.0,343.0,sold,1.0,1.0,0,0,0,0,0,32.0,1.0
SOLD,560000,2.0,2.0,1272.0,11430.0,1950.0,Austin,78731,30.33333,-97.756483,0.0,89.0,343.0,sold,1.0,1.0,0,0,0,1,0,76.0,1.0
SOLD,1200000,4.0,3.0,2340.0,13029.0,1969.0,Austin,78731,30.362902,-97.761774,0.0,40.0,343.0,sold,2.0,1.0,0,0,0,1,0,57.0,0.75
SOLD,1479500,5.0,3.0,3269.0,13273.0,1966.0,Austin,78731,30.361425,-97.764683,0.0,126.0,343.0,sold,2.0,2.0,0,0,0,1,0,60.0,0.6
SOLD,969000,5.0,3.0,3010.0,9496.0,1968.0,Austin,78731,30.362349,-97.760634,0.0,88.0,343.0,sold,2.0,1.0,0,0,0,1,0,58.0,0.6
SOLD,575000,2.0,2.0,1375.0,7048.0,2020.0,Austin,78731,30.316643,-97.752742,607.0,76.0,343.0,sold,2.0,1.0,0,0,0,0,0,6.0,1.0
SOLD,550000,3.0,2.0,2592.0,18208.0,1958.0,Austin,78731,30.334509,-97.759804,0.0,26.0,343.0,sold,2.0,1.0,0,0,0,1,0,68.0,0.6666666666666666
SOLD,1195000,3.0,2.0,3010.0,2570.0,2019.0,Austin,78731,30.314117,-97.753311,442.0,70.0,343.0,sold,2.0,2.0,0,0,0,0,0,7.0,0.6666666666666666
SOLD,1125000,3.0,2.0,1731.0,8817.0,1953.0,Austin,78731,30.321701,-97.752449,0.0,152.0,343.0,sold,2.0,1.0,0,0,0,1,0,73.0,0.6666666666666666
SOLD,1535000,4.0,2.0,2550.0,10411.0,1954.0,Austin,78731,30.325608,-97.754704,0.0,46.0,343.0,sold,2.0,1.0,0,0,0,1,0,72.0,0.5
SOLD,1285000,4.0,2.0,2403.0,12027.0,1971.0,Austin,78731,30.366416,-97.759922,0.0,36.0,343.0,sold,2.0,1.0,0,0,0,1,0,55.0,0.5
SOLD,629900,3.0,2.0,1350.0,714.0,1985.0,Austin,78731,30.341644,-97.778801,550.0,72.0,343.0,sold,2.0,2.0,0,0,0,1,0,41.0,0.6666666666666666
SOLD,1125000,4.0,2.0,2478.0,11217.0,1979.0,Austin,78731,30.363885,-97.756158,0.0,113.0,343.0,sold,2.0,2.0,0,0,0,1,0,47.0,0.5
SOLD,1000000,3.0,3.0,2676.0,20908.0,1984.0,Austin,78731,30.348944,-97.766796,0.0,28.0,343.0,sold,2.0,2.0,0,0,0,1,0,42.0,1.0
SOLD,1250000,4.0,3.0,2601.0,6682.0,1996.0,Austin,78731,30.367103,-97.756644,225.0,46.0,343.0,sold,2.0,2.0,0,0,0,1,0,30.0,0.75
SOLD,585000,2.0,2.0,1456.0,3703.0,1995.0,Austin,78731,30.353081,-97.79147,96.0,27.0,343.0,sold,2.0,1.0,0,0,0,0,1,31.0,1.0
SOLD,1150000,4.0,3.0,3276.0,23013.0,1991.0,Austin,78731,30.346602,-97.778972,0.0,51.0,343.0,sold,2.0,2.0,0,0,0,1,0,35.0,0.75
SOLD,1300000,4.0,2.0,3385.0,15790.0,1963.0,Austin,78731,30.357807,-97.765495,0.0,41.0,343.0,sold,2.0,1.0,0,0,0,1,0,63.0,0.5
SOLD,850000,4.0,2.0,2337.0,11652.0,1973.0,Austin,78731,30.369172,-97.77351,0.0,30.0,343.0,sold,2.0,1.0,0,0,0,1,0,53.0,0.5
SOLD,1050000,3.0,3.0,2741.0,2570.0,2020.0,Austin,78731,30.315796,-97.750328,447.0,54.0,343.0,sold,2.0,3.0,0,0,0,0,0,6.0,1.0
SOLD,1365000,3.0,2.0,2012.0,13491.0,1959.0,Austin,78731,30.325694,-97.770741,0.0,97.0,343.0,sold,2.0,1.0,0,0,0,1,0,67.0,0.6666666666666666
SOLD,267000,2.0,2.0,985.0,1742.0,1982.0,Austin,78731,30.357098,-97.759893,453.0,103.0,343.0,sold,1.0,1.0,0,0,0,0,0,44.0,1.0
SOLD,1295000,3.0,2.0,1973.0,15107.0,1957.0,Austin,78731,30.31575,-97.769488,0.0,76.0,343.0,sold,2.0,1.0,0,0,0,1,0,69.0,0.6666666666666666
SOLD,1350000,3.0,2.0,2250.0,27691.0,1959.0,Austin,78731,30.321086,-97.748481,0.0,37.0,343.0,sold,2.0,1.0,0,0,0,1,0,67.0,0.6666666666666666
SOLD,629000,3.0,1.0,1202.0,7954.0,1953.0,Austin,78731,30.320761,-97.750556,0.0,42.0,343.0,sold,2.0,1.0,0,0,0,1,0,73.0,0.3333333333333333
SOLD,565000,3.0,2.0,1770.5,9409.0,1993.0,Austin,78731,30.332603,-97.7569,0.0,133.0,343.0,sold,2.0,1.0,1,0,0,0,0,33.0,0.6666666666666666
SOLD,995000,3.0,2.0,1836.0,8799.0,1950.0,Austin,78731,30.321884,-97.752337,0.0,109.0,343.0,sold,1.0,1.0,0,0,0,1,0,76.0,0.6666666666666666
SOLD,975000,3.0,2.0,2160.0,18792.0,1963.0,Austin,78731,30.362197,-97.786056,0.0,85.0,343.0,sold,2.0,1.0,0,0,0,1,0,63.0,0.6666666666666666
SOLD,1375000,4.0,4.0,3788.0,2570.0,2022.0,Austin,78731,30.315378,-97.752759,450.0,77.0,343.0,sold,2.0,3.0,0,0,0,0,0,4.0,1.0
SOLD,925000,3.0,3.0,2931.0,2570.0,2021.0,Austin,78731,30.314381,-97.752266,432.0,104.0,343.0,sold,2.0,3.0,0,0,0,0,0,5.0,1.0
SOLD,785000,3.0,3.0,1971.0,2178.0,2021.0,Austin,78731,30.3149,-97.7528,438.0,120.0,343.0,sold,2.0,3.0,0,0,0,0,0,5.0,1.0
FOR_SALE,32000,3.0,3.0,2660.0,10890.0,2001.0,Austin,78735,30.292486,-97.859772,491.0,198.0,12.0,for_sale,1.0,2.0,0,0,0,1,0,25.0,1.0
FOR_SALE,695000,3.0,2.0,1960.0,8999.0,1976.0,Austin,78735,30.246611,-97.827891,80.0,10.0,355.0,for_sale,2.0,1.0,0,0,0,1,0,50.0,0.6666666666666666
FOR_SALE,874700,3.0,2.0,2319.0,3607.0,1999.0,Austin,78735,30.242002,-97.818913,300.0,25.0,377.0,for_sale,2.0,2.0,0,0,0,1,0,27.0,0.6666666666666666
FOR_SALE,298000,2.0,2.0,1359.0,4016.0,1999.0,Austin,78735,30.253291,-97.875113,362.0,3.0,219.0,for_sale,1.0,1.0,0,0,0,0,0,27.0,1.0
FOR_SALE,635000,3.0,2.0,2135.0,22102.0,2005.0,Austin,78735,30.257285,-97.876843,702.0,170.0,297.0,for_sale,2.0,2.0,0,0,0,0,0,21.0,0.6666666666666666
FOR_SALE,835000,4.0,2.0,2113.0,7667.0,1973.0,Austin,78735,30.242242,-97.825831,80.0,38.0,395.0,for_sale,2.0,1.0,0,0,0,1,0,53.0,0.5
PENDING,689900,3.0,2.0,1723.0,7048.0,1975.0,Austin,78735,30.248496,-97.827811,80.0,12.0,400.0,for_sale,2.0,1.0,0,0,0,1,0,51.0,0.6666666666666666
FOR_SALE,32000,3.0,3.0,2660.0,10890.0,2001.0,Austin,78735,30.292486,-97.859772,491.0,199.0,12.0,for_sale,1.0,2.0,0,0,0,1,0,25.0,1.0
FOR_SALE,1395000,2.0,3.0,2334.0,21710.0,1997.0,Austin,78735,30.289722,-97.861903,420.0,66.0,598.0,for_sale,2.0,1.0,0,0,0,0,0,29.0,1.5
FOR_SALE,79995,4.0,2.0,2432.0,6500.0,2003.0,Austin,78735,30.251472,-97.882935,0.0,188.0,33.0,for_sale,2.0,1.0,0,1,0,0,0,23.0,0.5
PENDING,735000,4.0,2.0,2990.0,9688.0,2005.0,Austin,78735,30.247211,-97.871785,28.0,30.0,246.0,for_sale,2.0,1.0,0,0,0,1,0,21.0,0.5
FOR_SALE,650000,3.0,2.0,2079.0,53762.0,1960.0,Austin,78735,30.242062,-97.87959,41.0,52.0,313.0,for_sale,2.0,1.0,0,0,0,1,0,66.0,0.6666666666666666
FOR_SALE,544000,2.0,2.0,1887.0,14641.0,2015.0,Austin,78735,30.257886,-97.881523,670.0,100.0,288.0,for_sale,2.0,2.0,0,0,0,0,0,11.0,1.0
PENDING,837500,3.0,2.0,1759.0,8146.0,1982.0,Austin,78735,30.2507,-97.831983,47.0,16.0,476.0,for_sale,2.0,1.0,0,0,0,1,0,44.0,0.6666666666666666
FOR_SALE,355000,2.0,2.0,1456.0,4312.0,1999.0,Austin,78735,30.253291,-97.875113,388.0,111.0,244.0,for_sale,1.0,1.0,0,0,0,0,0,27.0,1.0
FOR_SALE,575000,3.0,2.0,2135.0,24555.0,2008.0,Austin,78735,30.257285,-97.876843,808.0,212.0,269.0,for_sale,2.0,2.0,0,0,0,0,0,18.0,0.6666666666666666
PENDING,985000,5.0,3.0,3807.0,8403.0,2002.0,Austin,78735,30.255167,-97.883838,172.0,26.0,259.0,for_sale,2.0,2.0,0,0,0,1,0,24.0,0.6
FOR_SALE,500000,2.0,2.0,1421.0,6186.0,1982.0,Austin,78735,30.246841,-97.82649,400.0,10.0,352.0,for_sale,1.0,2.0,0,0,0,1,0,44.0,1.0
PENDING,570000,3.0,2.0,1925.0,12463.0,2011.0,Austin,78735,30.24321,-97.875392,132.0,58.0,296.0,for_sale,2.0,1.0,0,0,0,1,0,15.0,0.6666666666666666
FOR_SALE,947000,5.0,4.0,3540.0,9749.0,2008.0,Austin,78735,30.251401,-97.879514,25.0,111.0,268.0,for_sale,2.0,2.0,0,0,0,1,0,18.0,0.8
FOR_SALE,298000,2.0,2.0,1359.0,4016.0,1999.0,Austin,78735,30.253291,-97.875113,330.0,19.0,219.0,for_sale,1.0,2.0,0,0,0,0,0,27.0,1.0
FOR_SALE,695000,3.0,2.0,1646.0,7148.0,1975.0,Austin,78735,30.250485,-97.827315,75.0,25.0,422.0,for_sale,2.0,1.0,0,0,0,1,0,51.0,0.6666666666666666
FOR_SALE,752500,4.0,2.0,2109.0,8294.0,1998.0,Austin,78735,30.247557,-97.840754,108.0,135.0,357.0,for_sale,2.0,1.0,0,0,0,1,0,28.0,0.5
FOR_SALE,635000,3.0,2.0,1568.0,7379.0,1973.0,Austin,78735,30.242339,-97.825249,80.0,80.0,405.0,for_sale,2.0,1.0,0,0,0,1,0,53.0,0.6666666666666666
FOR_SALE,375000,3.0,2.0,1404.0,8015.0,2004.0,Austin,78735,30.256031,-97.893509,185.0,30.0,267.0,for_sale,1.0,2.0,0,0,0,0,0,22.0,0.6666666666666666
PENDING,469500,3.0,2.0,1928.0,12458.0,2012.0,Austin,78735,30.244743,-97.873878,130.0,34.0,244.0,for_sale,2.0,2.0,0,0,0,0,0,14.0,0.6666666666666666
FOR_SALE,699000,3.0,2.0,2376.0,17607.0,2015.0,Austin,78735,30.257886,-97.881523,760.0,128.0,294.0,for_sale,2.0,2.0,0,0,0,0,0,11.0,0.6666666666666666
FOR_SALE,490000,2.0,2.0,1172.0,6203.0,1982.0,Austin,78735,30.246841,-97.82649,400.0,47.0,418.0,for_sale,2.0,2.0,0,0,0,0,1,44.0,1.0
FOR_SALE,545000,4.0,2.0,2574.0,12463.0,2011.0,Austin,78735,30.244088,-97.875155,130.0,108.0,212.0,for_sale,2.0,2.0,0,0,0,0,0,15.0,0.5
FOR_SALE,828000,2.0,2.0,3003.0,21218.0,2015.0,Austin,78735,30.257886,-97.881523,934.0,52.0,276.0,for_sale,2.0,2.0,0,0,0,0,0,11.0,1.0
FOR_SALE,395000,2.0,2.0,1564.0,7253.0,2003.0,Austin,78735,30.253821,-97.895877,208.0,31.0,253.0,for_sale,1.0,2.0,0,0,0,0,0,23.0,1.0
FOR_SALE,559900,3.0,2.0,2091.0,17302.0,1965.0,Austin,78735,30.237005,-97.853652,0.0,52.0,268.0,for_sale,2.0,1.0,0,0,0,1,0,61.0,0.6666666666666666
PENDING,1199000,4.0,3.0,2727.0,9074.0,1964.0,Austin,78735,30.238284,-97.806935,0.0,52.0,440.0,for_sale,2.0,2.0,0,0,0,1,0,62.0,0.75
FOR_SALE,669500,4.0,3.0,1620.0,9749.0,1961.0,Austin,78735,30.235768,-97.806939,0.0,100.0,413.0,for_sale,2.0,1.0,0,0,0,1,0,65.0,0.75
FOR_SALE,665000,3.0,2.0,1791.0,4356.0,2021.0,Austin,78735,30.253567,-97.880371,200.0,41.0,371.0,for_sale,2.0,3.0,0,0,0,1,0,5.0,0.6666666666666666
FOR_SALE,698000,3.0,3.0,1854.0,9409.0,1960.0,Austin,78735,30.235558,-97.809864,0.0,93.0,376.0,for_sale,2.0,1.0,0,0,0,1,0,66.0,1.0
FOR_SALE,1099000,4.0,3.0,2332.0,7048.0,2026.0,Austin,78735,30.245724,-97.883347,275.0,80.0,471.0,for_sale,2.0,3.0,0,0,0,1,0,0.0,0.75
FOR_SALE,799000,3.0,2.0,2661.0,11117.0,2005.0,Austin,78735,30.256599,-97.887365,47.0,89.0,300.0,for_sale,3.0,2.0,0,0,0,1,0,21.0,0.6666666666666666
FOR_SALE,525000,4.0,4.0,2256.0,16470.0,1984.0,Austin,78735,30.238976,-97.855758,0.0,96.0,233.0,for_sale,2.0,2.0,0,0,1,0,0,42.0,1.0
FOR_SALE,269900,3.0,2.0,1770.5,9291.0,1993.0,Austin,78735,30.235578,-97.806594,0.0,242.0,343.0,for_sale,2.0,1.0,1,0,0,0,0,33.0,0.6666666666666666
FOR_SALE,925000,3.0,2.0,1770.5,43094.0,1993.0,Austin,78735,30.238211,-97.80898,0.0,175.0,343.0,for_sale,2.0,1.0,1,0,0,0,0,33.0,0.6666666666666666
FOR_SALE,730000,3.0,2.0,2034.0,9256.0,2021.0,Austin,78735,30.24745,-97.882775,301.0,162.0,359.0,for_sale,2.0,2.0,0,0,0,1,0,5.0,0.6666666666666666
PENDING,900000,3.0,2.0,1770.5,87120.0,1993.0,Austin,78735,30.238729,-97.83165,0.0,83.0,343.0,for_sale,2.0,1.0,1,0,0,0,0,33.0,0.6666666666666666
SOLD,720000,5.0,4.0,3343.0,7797.0,2007.0,Austin,78735,30.249028,-97.872848,28.0,72.0,343.0,sold,2.0,2.0,0,0,0,1,0,19.0,0.8
SOLD,439999,2.0,2.0,1723.0,5097.0,1999.0,Austin,78735,30.253291,-97.875113,459.0,73.0,343.0,sold,2.0,3.0,0,0,0,0,0,27.0,1.0
SOLD,450000,3.0,2.0,2064.0,16000.0,1983.0,Austin,78735,30.241475,-97.852974,0.0,53.0,343.0,sold,2.0,1.0,0,0,0,1,0,43.0,0.6666666666666666
SOLD,1599999,2.0,2.0,2548.0,21710.0,1997.0,Austin,78735,30.289722,-97.861903,410.0,112.0,343.0,sold,3.0,1.0,0,0,0,0,0,29.0,1.0
SOLD,699000,4.0,3.0,2522.0,8398.0,2003.0,Austin,78735,30.25455,-97.883625,47.0,125.0,343.0,sold,2.0,1.0,0,0,0,1,0,23.0,0.75
SOLD,730000,3.0,2.0,1867.0,7022.0,1999.0,Austin,78735,30.256126,-97.836139,80.0,53.0,343.0,sold,2.0,1.0,0,0,0,1,0,27.0,0.6666666666666666
SOLD,920000,3.0,2.0,2553.0,5593.0,1996.0,Austin,78735,30.242477,-97.819633,300.0,18.0,343.0,sold,2.0,2.0,0,0,0,1,0,30.0,0.6666666666666666
SOLD,825000,4.0,4.0,3430.0,7767.0,2006.0,Austin,78735,30.250142,-97.873508,28.0,132.0,343.0,sold,2.0,2.0,0,0,0,1,0,20.0,1.0
SOLD,1345000,4.0,3.0,2439.0,12001.0,1982.0,Austin,78735,30.25165,-97.826058,108.0,30.0,343.0,sold,2.0,1.0,0,0,0,1,0,44.0,0.75
SOLD,750000,3.0,2.0,1934.0,15037.0,2000.0,Austin,78735,30.243322,-97.836953,250.0,139.0,343.0,sold,2.0,1.0,0,0,0,0,0,26.0,0.6666666666666666
SOLD,859000,3.0,2.0,2581.0,4900.0,1999.0,Austin,78735,30.241828,-97.819925,331.0,36.0,343.0,sold,2.0,2.0,0,0,0,1,0,27.0,0.6666666666666666
SOLD,438000,3.0,2.0,1472.0,12463.0,2010.0,Austin,78735,30.241964,-97.875504,130.0,91.0,343.0,sold,2.0,1.0,0,0,0,1,0,16.0,0.6666666666666666
SOLD,685000,3.0,2.0,2451.0,24450.0,2008.0,Austin,78735,30.257285,-97.876843,796.0,94.0,343.0,sold,2.0,2.0,0,0,0,0,0,18.0,0.6666666666666666
SOLD,725000,4.0,2.0,2018.0,9348.0,1978.0,Austin,78735,30.24858,-97.826938,80.0,38.0,343.0,sold,2.0,1.0,0,0,0,1,0,48.0,0.5
SOLD,599000,3.0,2.0,2119.0,13129.0,2006.0,Austin,78735,30.255764,-97.879209,440.0,117.0,343.0,sold,2.0,2.0,0,0,0,0,0,20.0,0.6666666666666666
SOLD,750000,3.0,2.0,2721.0,8398.0,2005.0,Austin,78735,30.256177,-97.886278,47.0,39.0,343.0,sold,3.0,2.0,0,0,0,1,0,21.0,0.6666666666666666
SOLD,550000,3.0,2.0,1524.0,7148.0,1977.0,Austin,78735,30.249687,-97.826724,82.0,42.0,343.0,sold,2.0,1.0,0,0,0,1,0,49.0,0.6666666666666666
SOLD,1350000,5.0,3.0,3003.0,10672.0,1998.0,Austin,78735,30.251379,-97.838641,80.0,55.0,343.0,sold,2.0,2.0,0,0,0,1,0,28.0,0.6
SOLD,269000,2.0,2.0,1456.0,4312.0,1999.0,Austin,78735,30.253291,-97.875113,400.0,60.0,343.0,sold,1.0,1.0,0,0,0,0,0,27.0,1.0
SOLD,915000,4.0,3.0,3358.0,7423.0,2006.0,Austin,78735,30.25006,-97.872684,28.0,67.0,343.0,sold,2.0,2.0,0,0,0,1,0,20.0,0.75
SOLD,439999,2.0,2.0,1723.0,5092.0,1999.0,Austin,78735,30.253291,-97.875113,459.0,40.0,343.0,sold,2.0,3.0,0,0,0,0,0,27.0,1.0
SOLD,875000,4.0,2.0,2288.0,8943.0,1979.0,Austin,78735,30.245574,-97.829778,80.0,74.0,343.0,sold,2.0,2.0,0,0,0,1,0,47.0,0.5
SOLD,625000,3.0,2.0,1492.0,7144.0,1976.0,Austin,78735,30.249238,-97.827574,108.0,80.0,343.0,sold,2.0,1.0,0,0,0,1,0,50.0,0.6666666666666666
SOLD,685000,3.0,2.0,1699.0,7701.0,1978.0,Austin,78735,30.251084,-97.827932,80.0,82.0,343.0,sold,2.0,1.0,0,0,0,1,0,48.0,0.6666666666666666
SOLD,299900,2.0,2.0,1239.0,3659.0,1999.0,Austin,78735,30.253291,-97.875113,351.0,200.0,343.0,sold,1.0,1.0,0,0,0,0,0,27.0,1.0
SOLD,839000,4.0,2.0,1919.0,13861.0,1973.0,Austin,78735,30.242378,-97.826826,85.0,32.0,343.0,sold,2.0,1.0,0,0,0,1,0,53.0,0.5
SOLD,32000,3.0,3.0,2660.0,10890.0,2001.0,Austin,78735,30.292486,-97.859772,495.0,111.0,343.0,sold,2.0,2.0,0,0,0,1,0,25.0,1.0
SOLD,32000,3.0,3.0,2660.0,10890.0,2001.0,Austin,78735,30.292486,-97.859772,491.0,105.0,343.0,sold,1.0,2.0,0,0,0,1,0,25.0,1.0
SOLD,32000,3.0,3.0,2660.0,10890.0,2001.0,Austin,78735,30.292486,-97.859772,491.0,111.0,343.0,sold,1.0,2.0,0,0,0,1,0,25.0,1.0
SOLD,1299000,5.0,4.0,3445.0,10807.0,2008.0,Austin,78735,30.251321,-97.879187,28.0,35.0,343.0,sold,3.0,2.0,0,0,0,1,0,18.0,0.8
SOLD,644999,3.0,2.0,1804.0,4356.0,2020.0,Austin,78735,30.253302,-97.881096,189.0,264.0,343.0,sold,2.0,2.0,0,0,0,1,0,6.0,0.6666666666666666
SOLD,599990,3.0,2.0,2260.0,19798.0,1967.0,Austin,78735,30.237714,-97.85352,0.0,76.0,343.0,sold,2.0,1.0,0,0,0,1,0,59.0,0.6666666666666666
SOLD,551000,3.0,2.0,1592.0,7701.0,1973.0,Austin,78735,30.244851,-97.823258,80.0,27.0,343.0,sold,2.0,1.0,0,0,0,1,0,53.0,0.6666666666666666
SOLD,850000,3.0,2.0,2417.0,12754.0,1996.0,Austin,78735,30.253081,-97.833394,80.0,42.0,343.0,sold,2.0,1.0,0,0,0,1,0,30.0,0.6666666666666666
SOLD,869000,3.0,3.0,2446.0,9256.0,2021.0,Austin,78735,30.253832,-97.880775,200.0,103.0,343.0,sold,2.0,3.0,0,0,0,1,0,5.0,1.0
SOLD,1150000,5.0,3.0,3392.0,9431.0,1999.0,Austin,78735,30.252212,-97.846536,108.0,35.0,343.0,sold,2.0,2.0,0,0,0,1,0,27.0,0.6
SOLD,749000,3.0,2.0,2451.0,23522.0,2005.0,Austin,78735,30.257285,-97.876843,791.0,285.0,343.0,sold,2.0,2.0,0,0,0,0,0,21.0,0.6666666666666666
SOLD,899000,3.0,2.0,2856.0,10402.0,1999.0,Austin,78735,30.252155,-97.838895,83.0,38.0,343.0,sold,2.0,1.0,0,0,0,1,0,27.0,0.6666666666666666
SOLD,1100000,3.0,3.0,3316.0,32518.0,2015.0,Austin,78735,30.257886,-97.881523,1035.0,165.0,343.0,sold,2.0,2.0,0,0,0,0,0,11.0,1.0
SOLD,525000,3.0,2.0,1760.0,24881.0,1960.0,Austin,78735,30.238262,-97.848187,0.0,29.0,343.0,sold,2.0,1.0,0,0,0,1,0,66.0,0.6666666666666666
SOLD,725000,4.0,2.0,2469.0,8995.0,2002.0,Austin,78735,30.257391,-97.883,47.0,88.0,343.0,sold,2.0,1.0,0,0,0,1,0,24.0,0.5
SOLD,599999,4.0,1.0,2067.0,7148.0,1976.0,Austin,78735,30.2495,-97.828109,80.0,93.0,343.0,sold,2.0,2.0,0,0,0,1,0,50.0,0.25
SOLD,849900,3.0,2.0,1899.0,15037.0,2001.0,Austin,78735,30.243322,-97.836953,295.0,44.0,343.0,sold,2.0,1.0,0,0,0,0,0,25.0,0.6666666666666666
SOLD,949000,3.0,2.0,2189.0,9148.0,1998.0,Austin,78735,30.252851,-97.844425,80.0,28.0,343.0,sold,2.0,1.0,0,0,0,1,0,28.0,0.6666666666666666
SOLD,1195000,4.0,3.0,3120.0,8999.0,1998.0,Austin,78735,30.255264,-97.834071,80.0,36.0,343.0,sold,2.0,2.0,0,0,0,1,0,28.0,0.75
SOLD,750000,3.0,2.0,1922.0,9256.0,2021.0,Austin,78735,30.253283,-97.879895,200.0,81.0,343.0,sold,2.0,2.0,0,0,0,1,0,5.0,0.6666666666666666
SOLD,27500,3.0,3.0,2603.0,10890.0,2000.0,Austin,78735,30.292486,-97.859772,617.0,25.0,343.0,sold,1.0,2.0,0,0,0,1,0,26.0,1.0
SOLD,509900,3.0,2.0,2276.0,12463.0,2011.0,Austin,78735,30.243923,-97.874062,130.0,229.0,343.0,sold,2.0,2.0,0,0,0,1,0,15.0,0.6666666666666666
SOLD,1150000,4.0,2.0,2025.0,11718.0,1973.0,Austin,78735,30.243304,-97.824439,80.0,40.0,343.0,sold,2.0,1.0,0,0,0,1,0,53.0,0.5
SOLD,785000,3.0,2.0,2568.0,7710.0,1978.0,Austin,78735,30.247478,-97.828183,80.0,20.0,343.0,sold,1.0,1.0,0,0,0,1,0,48.0,0.6666666666666666
SOLD,849500,3.0,2.0,1693.0,8799.0,1976.0,Austin,78735,30.250645,-97.825936,75.0,125.0,343.0,sold,2.0,1.0,0,0,0,1,0,50.0,0.6666666666666666
SOLD,657000,3.0,2.0,2451.0,7793.0,2006.0,Austin,78735,30.250978,-97.877261,28.0,13.0,343.0,sold,2.0,1.0,0,0,0,1,0,20.0,0.6666666666666666
SOLD,414000,3.0,2.0,1536.0,9361.0,1967.0,Austin,78735,30.23648,-97.808726,0.0,60.0,343.0,sold,2.0,1.0,0,0,0,1,0,59.0,0.6666666666666666
SOLD,950000,4.0,3.0,2530.0,10350.0,1973.0,Austin,78735,30.244608,-97.824956,75.0,256.0,343.0,sold,2.0,2.0,0,0,0,1,0,53.0,0.75
SOLD,685000,3.0,2.0,1568.0,7144.0,1978.0,Austin,78735,30.250201,-97.826791,75.0,35.0,343.0,sold,2.0,1.0,0,0,0,1,0,48.0,0.6666666666666666
SOLD,830000,3.0,2.0,2165.0,3611.0,2000.0,Austin,78735,30.241867,-97.819449,300.0,41.0,343.0,sold,2.0,2.0,0,0,0,1,0,26.0,0.6666666666666666
SOLD,500000,3.0,2.0,1912.0,8032.0,2003.0,Austin,78735,30.253977,-97.895857,185.0,39.0,343.0,sold,2.0,2.0,0,0,0,0,0,23.0,0.6666666666666666
SOLD,675000,2.0,2.0,1816.0,7048.0,2015.0,Austin,78735,30.257886,-97.881523,646.0,145.0,343.0,sold,2.0,1.0,0,0,0,0,0,11.0,1.0
SOLD,825000,3.0,2.0,1565.0,7048.0,1973.0,Austin,78735,30.243595,-97.823494,75.0,56.0,343.0,sold,2.0,1.0,0,0,0,1,0,53.0,0.6666666666666666
SOLD,750000,3.0,2.0,2756.0,15037.0,2000.0,Austin,78735,30.243322,-97.836953,320.0,305.0,343.0,sold,2.0,2.0,0,0,0,1,0,26.0,0.6666666666666666
SOLD,799900,4.0,2.0,2976.0,15037.0,2000.0,Austin,78735,30.243322,-97.836953,242.0,183.0,343.0,sold,2.0,2.0,0,0,0,0,0,26.0,0.5
