property_id,listing_id,listing_status,list_price,sold_price,beds,baths,sqft_living,lot_sqft,year_built,property_type,address,city,state,zip_code,latitude,longitude,hoa_fee,days_on_market,price_per_sqft,listing_type,scraped_at,parking_garage,stories
8579831246,2992513681,FOR_SALE,1674999,,2.0,2.0,1587.0,131.0,2011.0,CONDOS,"210 Lavaca St Apt 1912, Austin, TX, 78701",Austin,TX,78701,30.265737,-97.74657,1808.0,149.0,1055.0,for_sale,2026-08-10T08:49:20.483153,1.0,1.0
8665330750,2995474038,FOR_SALE,19900000,,3.0,4.0,15600.0,3920.0,1871.0,SINGLE_FAMILY,"805 Congress Ave, Austin, TX, 78701",Austin,TX,78701,30.270049,-97.741605,0.0,86.0,1276.0,for_sale,2026-08-10T08:49:20.483153,1.0,3.0
8538310811,2998333509,FOR_SALE,14950000,,5.0,8.0,8803.0,3681.0,1930.0,SINGLE_FAMILY,"811 Congress Ave, Austin, TX, 78701",Austin,TX,78701,30.270243,-97.741535,0.0,31.0,1698.0,for_sale,2026-08-10T08:49:20.483153,3.0,2.0
8059934237,2997241017,FOR_SALE,1495000,,4.0,3.0,2057.0,144.0,2008.0,CONDOS,"360 Nueces St Apt 3702, Austin, TX, 78701",Austin,TX,78701,30.267661,-97.749622,1976.0,58.0,727.0,for_sale,2026-08-10T08:49:20.483153,4.0,1.0
8411588968,2994860259,FOR_SALE,495000,,2.0,2.0,1169.0,301.0,1964.0,CONDOS,"1801 Lavaca St Apt 14K, Austin, TX, 78701",Austin,TX,78701,30.28065,-97.740283,1404.0,96.0,423.0,for_sale,2026-08-10T08:49:20.483153,1.0,1.0
9534585145,2995324603,FOR_SALE,560000,,2.0,2.0,791.0,61.0,2019.0,CONDOS,"44 East Ave Unit 1609, Austin, TX, 78701",Austin,TX,78701,30.255947,-97.738936,669.0,88.0,708.0,for_sale,2026-08-10T08:49:20.483153,1.0,1.0
7267254714,2998055709,FOR_SALE,264900,,1.0,1.0,728.0,113.0,2007.0,CONDOS,"507 Sabine St Apt 404, Austin, TX, 78701",Austin,TX,78701,30.265427,-97.73614,583.0,38.0,364.0,for_sale,2026-08-10T08:49:20.483153,1.0,1.0
8071449414,2997253265,FOR_SALE,500000,,1.0,1.0,770.0,100.0,2008.0,CONDOS,"360 Nueces St Apt 3910, Austin, TX, 78701",Austin,TX,78701,30.267661,-97.749622,725.0,57.0,649.0,for_sale,2026-08-10T08:49:20.483153,1.0,1.0
8824073243,2991255918,FOR_SALE,550000,,1.0,1.0,1176.0,148.0,2002.0,CONDOS,"311 W 5th St Unit 704, Austin, TX, 78701",Austin,TX,78701,30.26789,-97.746508,1209.0,185.0,468.0,for_sale,2026-08-10T08:49:20.483153,1.0,1.0
7860910136,2999165570,FOR_SALE,399000,,2.0,1.0,880.0,566.0,1964.0,CONDOS,"505 W 7th St Apt 105, Austin, TX, 78701",Austin,TX,78701,30.270079,-97.747568,733.0,8.0,453.0,for_sale,2026-08-10T08:49:20.483153,1.0,1.0
7688269069,2995196765,PENDING,550000,,2.0,2.0,1341.0,335.0,2005.0,CONDOS,"54 Rainey St Apt 706, Austin, TX, 78701",Austin,TX,78701,30.257382,-97.739444,965.0,90.0,410.0,for_sale,2026-08-10T08:49:20.483153,2.0,1.0
9755765300,2991125898,PENDING,1050000,,2.0,2.0,1251.0,,2024.0,CONDOS,"313 W 17th St Unit 2301, Austin, TX, 78701",Austin,TX,78701,30.279578,-97.742213,1080.0,188.0,839.0,for_sale,2026-08-10T08:49:20.483153,2.0,1.0
7328245275,2997610516,FOR_SALE,2000000,,4.0,2.0,2782.0,6347.0,1930.0,SINGLE_FAMILY,"812 W 10th St, Austin, TX, 78701",Austin,TX,78701,30.274606,-97.750242,0.0,46.0,719.0,for_sale,2026-08-10T08:49:20.483153,3.0,2.0
8393701316,2993145698,FOR_SALE,260000,,2.0,2.0,880.0,270.0,1966.0,CONDOS,"1800 Lavaca St Apt 207, Austin, TX, 78701",Austin,TX,78701,30.280731,-97.741356,768.0,130.0,295.0,for_sale,2026-08-10T08:49:20.483153,1.0,1.0
7916338563,2990229514,FOR_SALE,2698000,,3.0,2.0,3638.0,392.0,2004.0,CONDOS,"555 E 5th St Apt 3022, Austin, TX, 78701",Austin,TX,78701,30.265377,-97.737817,2800.0,208.0,742.0,for_sale,2026-08-10T08:49:20.483153,2.0,1.0
7053922110,2992069510,FOR_SALE,369000,,2.0,2.0,1288.0,1011.0,1983.0,CONDOS,"40 N Interstate 35 Apt 3B3, Austin, TX, 78701",Austin,TX,78701,30.255205,-97.738057,1011.0,159.0,286.0,for_sale,2026-08-10T08:49:20.483153,2.0,1.0
9384340028,2999060023,FOR_SALE,969000,,2.0,2.0,1224.0,,2024.0,CONDOS,"84 East Ave Unit 3106, Austin, TX, 78701",Austin,TX,78701,30.259644,-97.737477,967.0,10.0,792.0,for_sale,2026-08-10T08:49:20.483153,2.0,1.0
9464247198,2996129976,FOR_SALE,5582000,,4.0,4.0,3818.0,,2025.0,CONDOS,"610 Davis St Unit 5003, Austin, TX, 78701",Austin,TX,78701,30.260347,-97.738564,2940.0,73.0,1462.0,for_sale,2026-08-10T08:49:20.483153,2.0,1.0
7726045882,2999211639,FOR_SALE,360000,,1.0,1.0,891.0,,1949.0,CONDOS,"800 Brazos St Unit 705, Austin, TX, 78701",Austin,TX,78701,30.269973,-97.740841,623.0,6.0,404.0,for_sale,2026-08-10T08:49:20.483153,,1.0
7239926334,2993238873,FOR_SALE,3999999,,3.0,3.0,2822.0,,2018.0,CONDOS,"501 West Ave Apt 3803, Austin, TX, 78701",Austin,TX,78701,30.269536,-97.750525,2516.0,128.0,1417.0,for_sale,2026-08-10T08:49:20.483153,3.0,1.0
9346366780,2998172563,FOR_SALE,899000,,2.0,2.0,1221.0,87.0,2020.0,CONDOS,"44 East Ave Unit 1607, Austin, TX, 78701",Austin,TX,78701,30.255947,-97.738936,898.0,34.0,736.0,for_sale,2026-08-10T08:49:20.483153,2.0,1.0
7964757020,2994975479,FOR_SALE,420000,,1.0,1.0,728.0,100.0,2008.0,CONDOS,"360 Nueces St Apt 1303, Austin, TX, 78701",Austin,TX,78701,30.267661,-97.749622,704.0,94.0,577.0,for_sale,2026-08-10T08:49:20.483153,1.0,1.0
9895856558,2998223300,FOR_SALE,475900,,1.0,1.0,667.0,39.0,2023.0,CONDOS,"84 East Ave Unit 2008, Austin, TX, 78701",Austin,TX,78701,30.259644,-97.737477,508.0,33.0,713.0,for_sale,2026-08-10T08:49:20.483153,1.0,1.0
9601989521,2993690243,FOR_SALE,679900,,1.0,1.0,893.0,74.0,2021.0,CONDOS,"48 East Ave Unit 2504, Austin, TX, 78701",Austin,TX,78701,30.256396,-97.738839,817.0,116.0,761.0,for_sale,2026-08-10T08:49:20.483153,1.0,1.0
8487039049,2998032019,PENDING,850000,,1.0,1.0,1225.0,,2008.0,CONDOS,"200 Congress Ave Unit 11A, Austin, TX, 78701",Austin,TX,78701,30.264605,-97.744431,1251.0,38.0,694.0,for_sale,2026-08-10T08:49:20.483153,1.0,1.0
8910148734,2997567388,PENDING,875000,,3.0,2.0,1743.0,1359.0,1983.0,CONDOS,"40 N Interstate 35 Apt 10A3, Austin, TX, 78701",Austin,TX,78701,30.255205,-97.738057,1369.0,47.0,502.0,for_sale,2026-08-10T08:49:20.483153,2.0,1.0
9990431825,2991805421,FOR_SALE,599000,,1.0,1.0,892.0,17154.0,2024.0,CONDOS,"84 East Ave Unit 1904, Austin, TX, 78701",Austin,TX,78701,30.259644,-97.737477,705.0,168.0,672.0,for_sale,2026-08-10T08:49:20.483153,1.0,1.0
9788241690,2992234496,FOR_SALE,499000,,1.0,1.0,893.0,74.0,2021.0,CONDOS,"48 East Ave Unit 1104, Austin, TX, 78701",Austin,TX,78701,30.256396,-97.738839,796.0,156.0,559.0,for_sale,2026-08-10T08:49:20.483153,,1.0
9266748922,2994758715,FOR_SALE,1895000,,3.0,3.0,1993.0,157.0,2019.0,CONDOS,"44 East Ave Unit 3707, Austin, TX, 78701",Austin,TX,78701,30.255883,-97.73894,1660.0,100.0,951.0,for_sale,2026-08-10T08:49:20.483153,2.0,1.0
8591979943,2998633802,FOR_SALE,2495000,,2.0,2.0,1378.0,309.0,2010.0,CONDOS,"98 San Jacinto Blvd Unit 2404, Austin, TX, 78701",Austin,TX,78701,30.261884,-97.742441,1464.0,23.0,1811.0,for_sale,2026-08-10T08:49:20.483153,2.0,1.0
9089932878,2996851948,FOR_SALE,565000,,1.0,1.0,614.0,,2025.0,CONDOS,"610 Davis St Unit 3001, Austin, TX, 78701",Austin,TX,78701,30.260347,-97.738564,473.0,61.0,920.0,for_sale,2026-08-10T08:49:20.483153,,1.0
9684424957,2991827478,FOR_SALE,735000,,2.0,2.0,1058.0,87.0,2024.0,CONDOS,"84 East Ave Unit 1610, Austin, TX, 78701",Austin,TX,78701,30.259644,-97.737477,835.0,167.0,695.0,for_sale,2026-08-10T08:49:20.483153,1.0,1.0
8220020471,2994677011,FOR_SALE,995000,,2.0,2.0,1454.0,,2004.0,CONDOS,"555 E 5th St Apt 2826, Austin, TX, 78701",Austin,TX,78701,30.265377,-97.737817,1229.0,101.0,684.0,for_sale,2026-08-10T08:49:20.483153,2.0,1.0
8909142553,2999352318,FOR_SALE,325000,,2.0,2.0,1360.0,1059.0,1983.0,CONDOS,"40 N Interstate Highway 35 Unit 6D2, Austin, TX, 78701",Austin,TX,78701,30.255205,-97.738057,1092.0,3.0,239.0,for_sale,2026-08-10T08:49:20.483153,2.0,1.0
7254565949,2994933737,FOR_SALE,485000,,1.0,1.0,685.0,196.0,2014.0,CONDOS,"222 West Ave Unit 2809, Austin, TX, 78701",Austin,TX,78701,30.267402,-97.752016,679.0,94.0,708.0,for_sale,2026-08-10T08:49:20.483153,1.0,1.0
8649938756,2994599054,FOR_SALE,1070000,,2.0,2.0,1897.0,240.0,2002.0,CONDOS,"311 W 5th St Unit 1002, Austin, TX, 78701",Austin,TX,78701,30.26789,-97.746508,1951.0,103.0,564.0,for_sale,2026-08-10T08:49:20.483153,2.0,1.0
8001016782,2998786774,FOR_SALE,519000,,1.0,1.0,801.0,87.0,2008.0,CONDOS,"360 Nueces St Apt 2101, Austin, TX, 78701",Austin,TX,78701,30.267661,-97.749622,764.0,18.0,648.0,for_sale,2026-08-10T08:49:20.483153,1.0,1.0
9125894662,2996672346,FOR_SALE,1663500,,3.0,3.0,1820.0,,2025.0,CONDOS,"610 Davis St Unit 2112, Austin, TX, 78701",Austin,TX,78701,30.260429,-97.73848,1400.0,65.0,914.0,for_sale,2026-08-10T08:49:20.483153,2.0,1.0
7121078092,2987469614,FOR_SALE,1500000,,2.0,2.0,1464.0,87.0,2008.0,CONDOS,"200 Congress Ave Unit 23C, Austin, TX, 78701",Austin,TX,78701,30.264604,-97.744431,1648.0,296.0,1025.0,for_sale,2026-08-10T08:49:20.483153,2.0,1.0
9439090522,2987340894,FOR_SALE,5300000,,4.0,5.0,7617.0,2601.0,1910.0,SINGLE_FAMILY,"702 San Antonio St, Austin, TX, 78701",Austin,TX,78701,30.270594,-97.747147,0.0,299.0,696.0,for_sale,2026-08-10T08:49:20.483153,,3.0
9768541931,2995759739,FOR_SALE,875000,,2.0,2.0,1174.0,,2025.0,CONDOS,"610 Davis St Unit 2508, Austin, TX, 78701",Austin,TX,78701,30.260429,-97.73848,904.0,80.0,745.0,for_sale,2026-08-10T08:49:20.483153,1.0,1.0
8302662695,2992777953,FOR_SALE,2100000,,3.0,3.0,2227.0,636.0,2014.0,CONDOS,"222 West Ave Unit 1901, Austin, TX, 78701",Austin,TX,78701,30.267402,-97.752016,1850.0,142.0,943.0,for_sale,2026-08-10T08:49:20.483153,2.0,1.0
7245853394,2994605945,FOR_SALE,2499000,,2.0,2.0,1918.0,131.0,2008.0,CONDOS,"200 Congress Ave Unit 15E, Austin, TX, 78701",Austin,TX,78701,30.264604,-97.744431,2289.0,103.0,1303.0,for_sale,2026-08-10T08:49:20.483153,2.0,1.0
9470006924,2985748341,FOR_SALE,4725000,,5.0,5.0,3285.0,,2024.0,CONDOS,"610 Davis St Unit 4704, Austin, TX, 78701",Austin,TX,78701,30.260347,-97.738564,2529.0,348.0,1438.0,for_sale,2026-08-10T08:49:20.483153,2.0,1.0
7963489978,2991499181,FOR_SALE,775000,,2.0,2.0,1115.0,131.0,2008.0,CONDOS,"360 Nueces St Apt 1217, Austin, TX, 78701",Austin,TX,78701,30.267661,-97.749622,1048.0,178.0,695.0,for_sale,2026-08-10T08:49:20.483153,2.0,1.0
9703201881,2992876881,FOR_SALE,850000,,2.0,2.0,1224.0,74.0,2024.0,CONDOS,"84 East Ave Unit 2506, Austin, TX, 78701",Austin,TX,78701,30.259644,-97.737477,967.0,138.0,694.0,for_sale,2026-08-10T08:49:20.483153,2.0,1.0
8427426993,2991709723,FOR_SALE,174000,,1.0,1.0,592.0,,1966.0,CONDOS,"1800 Lavaca St Apt 515, Austin, TX, 78701",Austin,TX,78701,30.280731,-97.741356,517.0,171.0,294.0,for_sale,2026-08-10T08:49:20.483153,1.0,1.0
8372809644,2992445438,FOR_SALE,189000,,2.0,1.0,608.0,270.0,1966.0,CONDOS,"1800 Lavaca St Unit A806, Austin, TX, 78701",Austin,TX,78701,30.280731,-97.741356,792.0,150.0,311.0,for_sale,2026-08-10T08:49:20.483153,1.0,1.0
9532072624,2992028047,FOR_SALE,3500000,,9.0,3.0,4916.0,2744.0,1961.0,SINGLE_FAMILY,"109 E 10th St, Austin, TX, 78701",Austin,TX,78701,30.2714,-97.740677,0.0,161.0,712.0,for_sale,2026-08-10T08:49:20.483153,,3.0
9367021125,2990404980,FOR_SALE,1053000,,2.0,2.0,1176.0,,2024.0,CONDOS,"84 East Ave Unit 3009, Austin, TX, 78701",Austin,TX,78701,30.259644,-97.737477,869.0,204.0,895.0,for_sale,2026-08-10T08:49:20.483153,,
8583185181,2993609180,FOR_SALE,2995000,,3.0,3.0,2871.0,218.0,2011.0,CONDOS,"210 Lavaca St Apt 2505, Austin, TX, 78701",Austin,TX,78701,30.265737,-97.74657,3300.0,118.0,1043.0,for_sale,2026-08-10T08:49:20.483153,2.0,1.0
8581433682,2990682558,FOR_SALE,3500000,,2.0,2.0,1953.0,157.0,2011.0,CONDOS,"210 Lavaca St Apt 2301, Austin, TX, 78701",Austin,TX,78701,30.265737,-97.74657,2553.0,194.0,1792.0,for_sale,2026-08-10T08:49:20.483153,3.0,1.0
9795021576,2998137164,FOR_SALE,635000,,2.0,2.0,793.0,61.0,2019.0,CONDOS,"44 East Ave Unit 2108, Austin, TX, 78701",Austin,TX,78701,30.255883,-97.73894,675.0,35.0,801.0,for_sale,2026-08-10T08:49:20.483153,2.0,1.0
8231566950,2994718685,FOR_SALE,379000,,0.0,1.0,558.0,157.0,2014.0,CONDOS,"222 West Ave Unit 3008, Austin, TX, 78701",Austin,TX,78701,30.267402,-97.752016,556.0,100.0,679.0,for_sale,2026-08-10T08:49:20.483153,1.0,1.0
9136388052,2996154028,FOR_SALE,2995000,,2.0,2.0,1646.0,,2020.0,CONDOS,"202 Nueces St Unit 1405, Austin, TX, 78701",Austin,TX,78701,30.26626,-97.749883,1650.0,73.0,1820.0,for_sale,2026-08-10T08:49:20.483153,2.0,1.0
7002473223,2996663821,FOR_SALE,349900,,1.0,1.0,709.0,440.0,1964.0,CONDOS,"505 W 7th St Apt 308, Austin, TX, 78701",Austin,TX,78701,30.270079,-97.747568,568.0,65.0,494.0,for_sale,2026-08-10T08:49:20.483153,1.0,1.0
7595263243,2999336124,FOR_SALE,369000,,1.0,1.0,637.0,78.0,1940.0,CONDOS,"710 Colorado St Apt 9E, Austin, TX, 78701",Austin,TX,78701,30.270082,-97.743708,631.0,4.0,579.0,for_sale,2026-08-10T08:49:20.483153,1.0,1.0
7975675941,2993601108,FOR_SALE,849000,,2.0,2.0,1115.0,131.0,2008.0,CONDOS,"360 Nueces St Apt 1417, Austin, TX, 78701",Austin,TX,78701,30.267661,-97.749622,964.0,118.0,761.0,for_sale,2026-08-10T08:49:20.483153,2.0,1.0
8591607284,2991715177,FOR_SALE,1300000,,1.0,1.0,1060.0,244.0,2010.0,CONDOS,"98 San Jacinto Blvd Unit 2203, Austin, TX, 78701",Austin,TX,78701,30.261884,-97.742441,1164.0,171.0,1226.0,for_sale,2026-08-10T08:49:20.483153,1.0,1.0
7990246925,2999325387,FOR_SALE,675000,,2.0,2.0,1225.0,161.0,2008.0,CONDOS,"360 Nueces St Apt 1805, Austin, TX, 78701",Austin,TX,78701,30.267661,-97.749622,1209.0,4.0,551.0,for_sale,2026-08-10T08:49:20.483153,2.0,1.0
8659993560,2987178149,FOR_SALE,455000,,1.0,1.0,1245.0,131.0,2004.0,CONDOS,"555 E 5th St Apt 521, Austin, TX, 78701",Austin,TX,78701,30.265377,-97.737817,1244.0,305.0,365.0,for_sale,2026-08-10T08:49:20.483153,1.0,1.0
7751088443,2998312571,FOR_SALE,474900,,2.0,2.0,1169.0,301.0,1964.0,CONDOS,"1801 Lavaca St Apt 4K, Austin, TX, 78701",Austin,TX,78701,30.28065,-97.740283,1435.0,31.0,406.0,for_sale,2026-08-10T08:49:20.483153,1.0,1.0
7282595838,2991347505,PENDING,2600000,,3.0,3.0,3685.0,,2018.0,CONDOS,"70 Rainey St Apt 3203, Austin, TX, 78701",Austin,TX,78701,30.258399,-97.739048,2903.0,184.0,706.0,for_sale,2026-08-10T08:49:20.483153,3.0,3.0
8476285057,2989406638,FOR_SALE,549900,,2.0,2.0,1150.0,12023.0,2017.0,CONDOS,"908 Nueces St Unit 18, Austin, TX, 78701",Austin,TX,78701,30.273187,-97.747333,621.0,240.0,478.0,for_sale,2026-08-10T08:49:20.483153,1.0,1.0
9054997485,2997392159,FOR_SALE,595000,,2.0,2.0,793.0,,2022.0,CONDOS,"44 East Ave Unit 2408, Austin, TX, 78701",Austin,TX,78701,30.255883,-97.73894,669.0,53.0,750.0,for_sale,2026-08-10T08:49:20.483153,1.0,1.0
7167591797,2997204499,FOR_SALE,495000,,2.0,1.0,995.0,619.0,1964.0,CONDOS,"505 W 7th St Apt 102, Austin, TX, 78701",Austin,TX,78701,30.270079,-97.747568,777.0,58.0,497.0,for_sale,2026-08-10T08:49:20.483153,,1.0
9216012397,2998844531,FOR_SALE,825000,,2.0,2.0,1221.0,96.0,2019.0,CONDOS,"44 East Ave Unit 1407, Austin, TX, 78701",Austin,TX,78701,30.255947,-97.738936,1020.0,17.0,676.0,for_sale,2026-08-10T08:49:20.483153,2.0,1.0
8004736679,2999139616,FOR_SALE,2100000,,2.0,2.0,3628.0,348.0,1964.0,CONDOS,"1801 Lavaca St Unit 12GHJ, Austin, TX, 78701",Austin,TX,78701,30.280646,-97.740399,4100.0,9.0,579.0,for_sale,2026-08-10T08:49:20.483153,4.0,1.0
9867752834,2985723207,FOR_SALE,3622700,,5.0,5.0,3216.0,,2024.0,CONDOS,"610 Davis St Unit 3801, Austin, TX, 78701",Austin,TX,78701,30.260347,-97.738564,2476.0,349.0,1126.0,for_sale,2026-08-10T08:49:20.483153,2.0,1.0
7443659242,2996062763,FOR_SALE,924900,,1.0,1.0,1000.0,152.0,2018.0,CONDOS,"301 West Ave Unit 3208, Austin, TX, 78701",Austin,TX,78701,30.267758,-97.750937,749.0,74.0,925.0,for_sale,2026-08-10T08:49:20.483153,,1.0
8404209576,2993694115,PENDING,1249900,,2.0,2.0,1474.0,,2018.0,CONDOS,"301 West Ave Unit 1004, Austin, TX, 78701",Austin,TX,78701,30.267758,-97.750937,1044.0,116.0,848.0,for_sale,2026-08-10T08:49:20.483153,2.0,1.0
8237721794,2998170846,FOR_SALE,630000,,1.0,1.0,1520.0,161.0,2004.0,CONDOS,"555 E 5th St Apt 527, Austin, TX, 78701",Austin,TX,78701,30.265377,-97.737817,1277.0,34.0,414.0,for_sale,2026-08-10T08:49:20.483153,2.0,1.0
7881111915,2996675588,FOR_SALE,349000,,1.0,1.0,756.0,192.0,2005.0,CONDOS,"54 Rainey St Apt 811, Austin, TX, 78701",Austin,TX,78701,30.257382,-97.739444,627.0,65.0,462.0,for_sale,2026-08-10T08:49:20.483153,1.0,1.0
8200725271,2991667883,FOR_SALE,649500,,3.0,2.0,1450.0,1529.0,1966.0,CONDOS,"904 West Ave Ste 214, Austin, TX, 78701",Austin,TX,78701,30.273701,-97.749765,883.0,172.0,448.0,for_sale,2026-08-10T08:49:20.483153,,1.0
8909738808,2996675574,FOR_SALE,500000,,2.0,2.0,1459.0,1128.0,1983.0,CONDOS,"40 N Interstate 35 Hwy Unit 8C4, Austin, TX, 78701",Austin,TX,78701,30.255205,-97.738057,0.0,65.0,343.0,for_sale,2026-08-10T08:49:20.483153,2.0,1.0
7937861982,2991916516,FOR_SALE,725000,,2.0,2.0,1128.0,105.0,2018.0,CONDOS,"70 Rainey St Apt 1509, Austin, TX, 78701",Austin,TX,78701,30.258399,-97.739048,1201.0,165.0,643.0,for_sale,2026-08-10T08:49:20.483153,1.0,1.0
9277524001,2992151873,FOR_SALE,1625000,,3.0,3.0,1594.0,131.0,2019.0,CONDOS,"44 East Ave Unit 4205, Austin, TX, 78701",Austin,TX,78701,30.255802,-97.73912,1349.0,157.0,1019.0,for_sale,2026-08-10T08:49:20.483153,2.0,3.0
7614796435,2993050088,PENDING,2950000,,2.0,2.0,1815.0,414.0,2010.0,CONDOS,"98 San Jacinto Blvd Unit 1109, Austin, TX, 78701",Austin,TX,78701,30.261884,-97.742441,1966.0,134.0,1625.0,for_sale,2026-08-10T08:49:20.483153,2.0,1.0
9630172110,2987975331,FOR_SALE,437500,,1.0,1.0,621.0,,2024.0,CONDOS,"610 Davis St Unit 2607, Austin, TX, 78701",Austin,TX,78701,30.260347,-97.738564,478.0,279.0,705.0,for_sale,2026-08-10T08:49:20.483153,,1.0
7247336357,2993187660,FOR_SALE,1145000,,2.0,2.0,1360.0,388.0,2014.0,CONDOS,"222 West Ave Unit 1613, Austin, TX, 78701",Austin,TX,78701,30.267402,-97.752016,1347.0,130.0,842.0,for_sale,2026-08-10T08:49:20.483153,2.0,1.0
7440603434,2994871289,FOR_SALE,1049000,,2.0,2.0,1106.0,,2019.0,CONDOS,"301 West Ave Unit 2009, Austin, TX, 78701",Austin,TX,78701,30.267758,-97.750937,830.0,96.0,948.0,for_sale,2026-08-10T08:49:20.483153,2.0,1.0
7248752462,2998353763,FOR_SALE,650000,,1.0,1.0,688.0,196.0,2014.0,CONDOS,"222 West Ave Unit 1808, Austin, TX, 78701",Austin,TX,78701,30.267402,-97.752016,683.0,30.0,945.0,for_sale,2026-08-10T08:49:20.483153,1.0,1.0
7702158260,2997576881,FOR_SALE,204999,,1.0,1.0,573.0,253.0,1966.0,CONDOS,"1800 Lavaca St Unit A613, Austin, TX, 78701",Austin,TX,78701,30.280731,-97.741356,496.0,47.0,358.0,for_sale,2026-08-10T08:49:20.483153,1.0,1.0
8020835812,2998150928,FOR_SALE,1099999,,1.0,1.0,1060.0,244.0,2010.0,CONDOS,"98 San Jacinto Blvd Unit 1703, Austin, TX, 78701",Austin,TX,78701,30.261884,-97.742441,1126.0,34.0,1038.0,for_sale,2026-08-10T08:49:20.483153,1.0,1.0
8567068747,2995635101,PENDING,1799000,,2.0,2.0,1926.0,139.0,2008.0,CONDOS,"200 Congress Ave Unit 11F, Austin, TX, 78701",Austin,TX,78701,30.264604,-97.744431,2299.0,82.0,934.0,for_sale,2026-08-10T08:49:20.483153,1.0,1.0
7055189152,2997958234,FOR_SALE,599000,,2.0,2.0,1459.0,1128.0,1983.0,CONDOS,"40 N Interstate 35 Apt 11B2, Austin, TX, 78701",Austin,TX,78701,30.255205,-97.738057,1145.0,39.0,411.0,for_sale,2026-08-10T08:49:20.483153,2.0,1.0
7482979213,2995753699,FOR_SALE,499900,,1.0,1.0,663.0,61.0,2018.0,CONDOS,"70 Rainey St Apt 2203, Austin, TX, 78701",Austin,TX,78701,30.258399,-97.739048,704.0,80.0,754.0,for_sale,2026-08-10T08:49:20.483153,1.0,1.0
8533105288,2998302682,PENDING,298000,,1.0,1.0,607.0,,2007.0,CONDOS,"1812 West Ave Apt 303, Austin, TX, 78701",Austin,TX,78701,30.282731,-97.746159,442.0,31.0,491.0,for_sale,2026-08-10T08:49:20.483153,1.0,1.0
7951825738,2992471943,FOR_SALE,435000,,1.0,1.0,760.0,100.0,2008.0,CONDOS,"360 Nueces St Apt 1018, Austin, TX, 78701",Austin,TX,78701,30.267661,-97.749622,724.0,150.0,572.0,for_sale,2026-08-10T08:49:20.483153,1.0,1.0
7239367345,2996111778,FOR_SALE,1699900,,3.0,3.0,2009.0,126.0,2018.0,CONDOS,"501 West Ave Apt 2404, Austin, TX, 78701",Austin,TX,78701,30.269536,-97.750525,1811.0,73.0,846.0,for_sale,2026-08-10T08:49:20.483153,2.0,1.0
8798579822,2997228005,FOR_SALE,515000,,2.0,2.0,1164.0,292.0,2005.0,CONDOS,"54 Rainey St Apt 609, Austin, TX, 78701",Austin,TX,78701,30.257382,-97.739444,965.0,58.0,442.0,for_sale,2026-08-10T08:49:20.483153,2.0,1.0
8055201463,2993241494,FOR_SALE,895000,,2.0,2.0,1059.0,131.0,2008.0,CONDOS,"360 Nueces St Apt 3602, Austin, TX, 78701",Austin,TX,78701,30.267661,-97.749622,1031.0,128.0,845.0,for_sale,2026-08-10T08:49:20.483153,2.0,1.0
8585160276,2994828604,FOR_SALE,2599000,,3.0,3.0,2162.0,170.0,2011.0,CONDOS,"210 Lavaca St Apt 2706, Austin, TX, 78701",Austin,TX,78701,30.265737,-97.74657,2363.0,97.0,1202.0,for_sale,2026-08-10T08:49:20.483153,2.0,1.0
7246292910,2998118234,FOR_SALE,465000,,1.0,1.0,687.0,196.0,2014.0,CONDOS,"222 West Ave Unit 1603, Austin, TX, 78701",Austin,TX,78701,30.267402,-97.752016,681.0,36.0,677.0,for_sale,2026-08-10T08:49:20.483153,1.0,1.0
7053959376,2985901952,FOR_SALE,434000,,2.0,2.0,1234.0,967.0,1983.0,CONDOS,"40 N Interstate 35 Hwy Unit 4A4, Austin, TX, 78701",Austin,TX,78701,30.255205,-97.738057,909.0,344.0,352.0,for_sale,2026-08-10T08:49:20.483153,2.0,1.0
7281999583,2994492082,FOR_SALE,1390000,,2.0,2.0,1434.0,139.0,2019.0,CONDOS,"70 Rainey St Apt 2208, Austin, TX, 78701",Austin,TX,78701,30.258399,-97.739048,1607.0,107.0,969.0,for_sale,2026-08-10T08:49:20.483153,2.0,1.0
7248379803,2988530342,FOR_SALE,2395000,,3.0,3.0,2227.0,636.0,2014.0,CONDOS,"222 West Ave Unit 2201, Austin, TX, 78701",Austin,TX,78701,30.267402,-97.752016,1976.0,269.0,1075.0,for_sale,2026-08-10T08:49:20.483153,2.0,1.0
9497891118,2998548484,FOR_SALE,1395000,,2.0,2.0,1648.0,126.0,2021.0,CONDOS,"313 W 17th St Unit 1404, Austin, TX, 78701",Austin,TX,78701,30.279578,-97.742213,1466.0,25.0,846.0,for_sale,2026-08-10T08:49:20.483153,2.0,1.0
7985290555,2998196633,PENDING,919000,,2.0,2.0,1516.0,205.0,2008.0,CONDOS,"360 Nueces St Apt 1612, Austin, TX, 78701",Austin,TX,78701,30.267661,-97.749622,1452.0,33.0,606.0,for_sale,2026-08-10T08:49:20.483153,2.0,1.0
7249348718,2993142384,FOR_SALE,600000,,1.0,1.0,688.0,196.0,2014.0,CONDOS,"222 West Ave Unit 1908, Austin, TX, 78701",Austin,TX,78701,30.267402,-97.752016,682.0,130.0,872.0,for_sale,2026-08-10T08:49:20.483153,1.0,1.0
8047487413,2991907088,SOLD,799000,,2.0,2.0,1244.0,174.0,2008.0,CONDOS,"360 Nueces St Apt 3309, Austin, TX, 78701",Austin,TX,78701,30.267661,-97.749622,1227.0,161.0,,sold,2026-08-10T08:49:25.305481,2.0,1.0
9962901055,2992880215,SOLD,999000,,2.0,2.0,1260.0,100.0,2022.0,CONDOS,"44 East Ave Unit 2110, Austin, TX, 78701",Austin,TX,78701,30.255947,-97.738936,1050.0,131.0,,sold,2026-08-10T08:49:25.305481,2.0,1.0
7753510882,2991566385,SOLD,395000,,1.0,1.0,879.0,166.0,2006.0,CONDOS,"603 Davis St Apt 2007, Austin, TX, 78701",Austin,TX,78701,30.26001,-97.739409,541.0,167.0,,sold,2026-08-10T08:49:25.305481,1.0,1.0
9620259938,2995335001,SOLD,1625000,,3.0,3.0,2032.0,157.0,2019.0,CONDOS,"44 East Ave Unit 2701, Austin, TX, 78701",Austin,TX,78701,30.255883,-97.73894,1698.0,78.0,,sold,2026-08-10T08:49:25.305481,2.0,1.0
8588700540,2992007547,SOLD,2295000,,2.0,2.0,1717.0,392.0,2010.0,CONDOS,"98 San Jacinto Blvd Unit 903, Austin, TX, 78701",Austin,TX,78701,30.261884,-97.742441,1824.0,150.0,,sold,2026-08-10T08:49:25.305481,2.0,1.0
9988895174,2991993983,SOLD,649000,,3.0,2.0,796.0,65.0,2022.0,CONDOS,"44 East Ave Unit 3705, Austin, TX, 78701",Austin,TX,78701,30.255947,-97.738936,674.0,148.0,,sold,2026-08-10T08:49:25.305481,1.0,1.0
8027168027,2997040171,SOLD,295000,,1.0,1.0,469.0,139.0,1973.0,CONDOS,"1212 Guadalupe St Apt 704, Austin, TX, 78701",Austin,TX,78701,30.275789,-97.744133,409.0,42.0,,sold,2026-08-10T08:49:25.305481,1.0,1.0
8581620011,2981420406,SOLD,1300000,,2.0,2.0,1579.0,126.0,2011.0,CONDOS,"210 Lavaca St Apt 2308, Austin, TX, 78701",Austin,TX,78701,30.265737,-97.74657,2431.0,443.0,,sold,2026-08-10T08:49:25.305481,2.0,1.0
9548225519,2992494443,SOLD,550000,,1.0,1.0,699.0,57.0,2021.0,CONDOS,"48 East Ave Unit 2807, Austin, TX, 78701",Austin,TX,78701,30.256396,-97.738839,612.0,128.0,,sold,2026-08-10T08:49:25.305481,1.0,1.0
9088045567,2980403257,SOLD,600000,,2.0,2.0,791.0,61.0,2022.0,CONDOS,"44 East Ave Unit 2509, Austin, TX, 78701",Austin,TX,78701,30.255802,-97.73912,669.0,465.0,,sold,2026-08-10T08:49:25.305481,1.0,1.0
9547931622,2992783737,SOLD,888000,,2.0,2.0,1221.0,96.0,2022.0,CONDOS,"44 East Ave Unit 2907, Austin, TX, 78701",Austin,TX,78701,30.255883,-97.73894,1020.0,121.0,,sold,2026-08-10T08:49:25.305481,2.0,1.0
7971129496,2991533980,SOLD,669000,,2.0,2.0,1225.0,,2008.0,CONDOS,"360 Nueces St Apt 1405, Austin, TX, 78701",Austin,TX,78701,30.267661,-97.749622,1146.0,153.0,,sold,2026-08-10T08:49:25.305481,2.0,1.0
9094742677,2997891912,SOLD,599000,,1.0,1.0,910.0,70.0,2024.0,CONDOS,"313 W 17th St Unit 1803, Austin, TX, 78701",Austin,TX,78701,30.279578,-97.742213,713.0,16.0,,sold,2026-08-10T08:49:25.305481,1.0,1.0
8014805181,2993539477,SOLD,470000,,1.0,1.0,852.0,131.0,2008.0,CONDOS,"360 Nueces St Apt 2407, Austin, TX, 78701",Austin,TX,78701,30.267661,-97.749622,815.0,97.0,,sold,2026-08-10T08:49:25.305481,1.0,1.0
8054008953,2996392608,SOLD,445000,,1.0,1.0,748.0,87.0,2008.0,CONDOS,"360 Nueces St Apt 3506, Austin, TX, 78701",Austin,TX,78701,30.267661,-97.749622,722.0,44.0,,sold,2026-08-10T08:49:25.305481,1.0,1.0
8021019146,2996582026,SOLD,220000,,1.0,1.0,454.0,135.0,1973.0,CONDOS,"1212 Guadalupe St Apt 601, Austin, TX, 78701",Austin,TX,78701,30.275789,-97.744133,366.0,41.0,,sold,2026-08-10T08:49:25.305481,1.0,1.0
8026350591,2993107169,SOLD,1899000,,2.0,2.0,1609.0,131.0,2008.0,CONDOS,"200 Congress Ave Unit 15D, Austin, TX, 78701",Austin,TX,78701,30.264604,-97.744431,1907.0,105.0,,sold,2026-08-10T08:49:25.305481,2.0,1.0
7124196875,2992998010,SOLD,550000,,2.0,2.0,1286.0,261.0,2006.0,CONDOS,"603 Davis St Apt 1409, Austin, TX, 78701",Austin,TX,78701,30.26001,-97.739409,884.0,109.0,,sold,2026-08-10T08:49:25.305481,2.0,1.0
9298742594,2992208101,SOLD,849000,,2.0,2.0,1250.0,96.0,2019.0,CONDOS,"44 East Ave Unit 2007, Austin, TX, 78701",Austin,TX,78701,30.255947,-97.738936,1020.0,125.0,,sold,2026-08-10T08:49:25.305481,2.0,1.0
9293338752,2989599496,SOLD,1940000,,3.0,3.0,1999.0,157.0,2019.0,CONDOS,"44 East Ave Unit 3906, Austin, TX, 78701",Austin,TX,78701,30.255947,-97.738936,1666.0,201.0,,sold,2026-08-10T08:49:25.305481,2.0,1.0
8586390052,2993055177,SOLD,1995000,,2.0,2.0,1579.0,126.0,2011.0,CONDOS,"210 Lavaca St Apt 3108, Austin, TX, 78701",Austin,TX,78701,30.265737,-97.74657,2191.0,99.0,,sold,2026-08-10T08:49:25.305481,,1.0
8581210086,2987190326,SOLD,950000,,1.0,1.0,1169.0,83.0,2011.0,CONDOS,"210 Lavaca St Apt 2203, Austin, TX, 78701",Austin,TX,78701,30.265737,-97.74657,1579.0,265.0,,sold,2026-08-10T08:49:25.305481,1.0,1.0
8974339489,2996395604,SOLD,550000,,2.0,2.0,1189.0,296.0,2006.0,CONDOS,"54 Rainey St Apt 404, Austin, TX, 78701",Austin,TX,78701,30.257382,-97.739444,985.0,29.0,,sold,2026-08-10T08:49:25.305481,2.0,1.0
8693252267,2995646431,SOLD,675000,,2.0,2.0,1219.0,231.0,2006.0,CONDOS,"603 Davis St Apt 2011, Austin, TX, 78701",Austin,TX,78701,30.26001,-97.739409,838.0,42.0,,sold,2026-08-10T08:49:25.305481,2.0,1.0
8081436686,2993535325,SOLD,998000,,1.0,2.0,1280.0,166.0,2008.0,CONDOS,"360 Nueces St Apt 4211, Austin, TX, 78701",Austin,TX,78701,30.267661,-97.749622,1179.0,81.0,,sold,2026-08-10T08:49:25.305481,2.0,1.0
9746023155,2992082091,SOLD,655000,,2.0,2.0,793.0,61.0,2019.0,CONDOS,"44 East Ave Unit 2708, Austin, TX, 78701",Austin,TX,78701,30.255947,-97.738936,669.0,118.0,,sold,2026-08-10T08:49:25.305481,2.0,1.0
8061433770,2990785700,SOLD,685000,,2.0,2.0,1164.0,292.0,2005.0,CONDOS,"54 Rainey St Apt 412, Austin, TX, 78701",Austin,TX,78701,30.257382,-97.739444,965.0,150.0,,sold,2026-08-10T08:49:25.305481,2.0,1.0
8283885401,2995954054,SOLD,599000,,2.0,2.0,1270.0,2004.0,1980.0,CONDOS,"510 W 18th St Apt 106, Austin, TX, 78701",Austin,TX,78701,30.281328,-97.743496,400.0,35.0,,sold,2026-08-10T08:49:25.305481,2.0,3.0
8024626239,2994523878,SOLD,399000,,1.0,2.0,954.0,305.0,1973.0,CONDOS,"1212 Guadalupe St Apt 502, Austin, TX, 78701",Austin,TX,78701,30.275789,-97.744133,770.0,65.0,,sold,2026-08-10T08:49:25.305481,2.0,1.0
7530134387,2996314993,SOLD,1699999,,2.0,2.0,1759.0,,2018.0,CONDOS,"501 West Ave Apt 1207, Austin, TX, 78701",Austin,TX,78701,30.269536,-97.750525,1549.0,28.0,,sold,2026-08-10T08:49:25.305481,2.0,1.0
8268706423,2994706929,SOLD,399000,,1.0,1.0,1301.0,1437.0,1986.0,CONDOS,"1704 West Ave Apt 106, Austin, TX, 78701",Austin,TX,78701,30.281524,-97.746834,584.0,55.0,,sold,2026-08-10T08:49:25.305481,1.0,2.0
9312102180,2991783407,SOLD,599990,,1.0,1.0,860.0,70.0,2024.0,CONDOS,"313 W 17th St Unit 1703, Austin, TX, 78701",Austin,TX,78701,30.279578,-97.742213,715.0,124.0,,sold,2026-08-10T08:49:25.305481,1.0,1.0
7251845536,2995704279,SOLD,674000,,1.0,1.0,821.0,235.0,2014.0,CONDOS,"222 West Ave Unit 2910, Austin, TX, 78701",Austin,TX,78701,30.267402,-97.752016,813.0,36.0,,sold,2026-08-10T08:49:25.305481,1.0,1.0
7695622686,2985615928,SOLD,330000,,1.0,1.0,725.0,714.0,1966.0,CONDOS,"904 West Ave Ste 213, Austin, TX, 78701",Austin,TX,78701,30.273701,-97.749765,430.0,307.0,,sold,2026-08-10T08:49:25.305481,1.0,1.0
9242536054,2992639760,SOLD,2350000,,3.0,3.0,2118.0,,2022.0,CONDOS,"44 East Ave Unit 4201, Austin, TX, 78701",Austin,TX,78701,30.255883,-97.73894,1772.0,100.0,,sold,2026-08-10T08:49:25.305481,2.0,1.0
7923074956,2993206623,SOLD,600000,,1.0,1.0,1176.0,148.0,2002.0,CONDOS,"311 W 5th St Unit 703, Austin, TX, 78701",Austin,TX,78701,30.26789,-97.746508,1094.0,83.0,,sold,2026-08-10T08:49:25.305481,1.0,1.0
7020974097,2994854219,SOLD,399900,,2.0,1.0,960.0,610.0,1964.0,CONDOS,"505 W 7th St Apt 319, Austin, TX, 78701",Austin,TX,78701,30.270079,-97.747568,568.0,50.0,,sold,2026-08-10T08:49:25.305481,1.0,1.0
8579384055,2987897983,SOLD,645000,,1.0,1.0,641.0,43560.0,2011.0,CONDOS,"210 Lavaca St Apt 1809, Austin, TX, 78701",Austin,TX,78701,30.265737,-97.74657,800.0,234.0,,sold,2026-08-10T08:49:25.305481,1.0,1.0
8501925067,2990571059,SOLD,875000,,1.0,1.0,1225.0,87.0,2008.0,CONDOS,"200 Congress Ave Unit 14A, Austin, TX, 78701",Austin,TX,78701,30.264604,-97.744431,1462.0,150.0,,sold,2026-08-10T08:49:25.305481,1.0,1.0
9214794191,2994057249,SOLD,2500000,,3.0,2.0,1785.0,139.0,2019.0,CONDOS,"44 East Ave Unit 3303, Austin, TX, 78701",Austin,TX,78701,30.255947,-97.738936,1513.0,62.0,,sold,2026-08-10T08:49:25.305481,2.0,1.0
7447087708,2995248479,SOLD,1850000,,2.0,2.0,1474.0,227.0,2018.0,CONDOS,"301 West Ave Unit 4603, Austin, TX, 78701",Austin,TX,78701,30.267758,-97.750937,1154.0,35.0,,sold,2026-08-10T08:49:25.305481,2.0,1.0
8027438336,2993246642,SOLD,480000,,1.0,1.0,852.0,113.0,2008.0,CONDOS,"360 Nueces St Apt 2807, Austin, TX, 78701",Austin,TX,78701,30.267661,-97.749622,815.0,74.0,,sold,2026-08-10T08:49:25.305481,1.0,1.0
8587358966,2990712653,SOLD,5499000,,3.0,3.0,3562.0,292.0,2011.0,CONDOS,"210 Lavaca St Apt 3503, Austin, TX, 78701",Austin,TX,78701,30.265737,-97.74657,5237.0,137.0,,sold,2026-08-10T08:49:25.305481,3.0,1.0
9566036737,2993560968,SOLD,1499000,,1.0,1.0,921.0,148.0,2018.0,CONDOS,"202 Nueces St Unit 1804, Austin, TX, 78701",Austin,TX,78701,30.26626,-97.749883,1050.0,64.0,,sold,2026-08-10T08:49:25.305481,1.0,1.0
9394853872,2989516132,SOLD,619999,,2.0,2.0,796.0,44.0,2022.0,CONDOS,"44 East Ave Unit 3406, Austin, TX, 78701",Austin,TX,78701,30.255947,-97.738936,695.0,179.0,,sold,2026-08-10T08:49:25.305481,1.0,1.0
7252590855,2978800647,SOLD,1700000,,2.0,2.0,1428.0,405.0,2014.0,CONDOS,"222 West Ave Unit 3002, Austin, TX, 78701",Austin,TX,78701,30.267402,-97.752016,1414.0,471.0,,sold,2026-08-10T08:49:25.305481,2.0,1.0
7338418877,2992415857,SOLD,515000,,2.0,2.0,1014.0,157.0,1965.0,CONDOS,"1122 Colorado St Apt 1409, Austin, TX, 78701",Austin,TX,78701,30.274085,-97.742871,1098.0,95.0,,sold,2026-08-10T08:49:25.305481,1.0,1.0
7576481208,2994668078,SOLD,429000,,1.0,1.0,849.0,105.0,1940.0,CONDOS,"710 Colorado St Apt 4A, Austin, TX, 78701",Austin,TX,78701,30.270082,-97.743708,784.0,42.0,,sold,2026-08-10T08:49:25.305481,1.0,1.0
7438553808,2991350120,SOLD,845000,,2.0,2.0,1016.0,157.0,2018.0,CONDOS,"301 West Ave Unit 1701, Austin, TX, 78701",Austin,TX,78701,30.267758,-97.750937,798.0,121.0,,sold,2026-08-10T08:49:25.305481,2.0,1.0
8073648104,2991972480,SOLD,925000,,2.0,2.0,1244.0,174.0,2008.0,CONDOS,"360 Nueces St Apt 4009, Austin, TX, 78701",Austin,TX,78701,30.267661,-97.749622,1163.0,100.0,,sold,2026-08-10T08:49:25.305481,2.0,1.0
7222373036,2992178375,SOLD,475000,,1.0,1.0,745.0,1024.0,2017.0,CONDOS,"1306 West Ave Unit 205, Austin, TX, 78701",Austin,TX,78701,30.277954,-97.748131,330.0,89.0,,sold,2026-08-10T08:49:25.305481,1.0,1.0
7239143749,2992176251,SOLD,2230000,,3.0,3.0,2822.0,174.0,2018.0,CONDOS,"501 West Ave Apt 2303, Austin, TX, 78701",Austin,TX,78701,30.269536,-97.750525,2516.0,87.0,,sold,2026-08-10T08:49:25.305481,2.0,1.0
7112203906,2993204062,SOLD,999000,,2.0,2.0,1897.0,240.0,2002.0,CONDOS,"311 W 5th St Unit 1005, Austin, TX, 78701",Austin,TX,78701,30.26789,-97.746508,1764.0,59.0,,sold,2026-08-10T08:49:25.305481,1.0,1.0
7254826811,2993457298,SOLD,1180000,,2.0,2.0,1376.0,392.0,2014.0,CONDOS,"222 West Ave Unit 2806, Austin, TX, 78701",Austin,TX,78701,30.267402,-97.752016,1363.0,52.0,,sold,2026-08-10T08:49:25.305481,2.0,1.0
7448019357,2993421100,SOLD,1850000,,2.0,2.0,1467.0,,2018.0,CONDOS,"301 West Ave Unit 4703, Austin, TX, 78701",Austin,TX,78701,30.267758,-97.750937,1111.0,53.0,,sold,2026-08-10T08:49:25.305481,2.0,1.0
7239479143,2991545331,SOLD,629999,,2.0,1.0,846.0,52.0,2018.0,CONDOS,"501 West Ave Apt 2502, Austin, TX, 78701",Austin,TX,78701,30.269536,-97.750525,758.0,104.0,,sold,2026-08-10T08:49:25.305481,1.0,1.0
9746243633,2991529590,SOLD,1099900,,2.0,2.0,1293.0,100.0,2019.0,CONDOS,"44 East Ave Unit 1801, Austin, TX, 78701",Austin,TX,78701,30.255802,-97.73912,952.0,104.0,,sold,2026-08-10T08:49:25.305481,2.0,1.0
9130610741,2993469577,SOLD,1099999,,2.0,2.0,1260.0,87.0,2022.0,CONDOS,"44 East Ave Unit 3010, Austin, TX, 78701",Austin,TX,78701,30.255947,-97.738936,1051.0,49.0,,sold,2026-08-10T08:49:25.305481,2.0,1.0
7247150027,2989740627,SOLD,314900,,0.0,1.0,558.0,174.0,2014.0,CONDOS,"222 West Ave Unit 1710, Austin, TX, 78701",Austin,TX,78701,30.267402,-97.752016,553.0,152.0,,sold,2026-08-10T08:49:25.305481,1.0,1.0
7945676858,2993408747,SOLD,559000,,1.0,1.0,832.0,148.0,2008.0,CONDOS,"360 Nueces St Apt 914, Austin, TX, 78701",Austin,TX,78701,30.267661,-97.749622,1049.0,48.0,,sold,2026-08-10T08:49:25.305481,1.0,1.0
8411951448,2990282325,SOLD,460000,,1.0,1.0,1005.0,131.0,2006.0,CONDOS,"603 Davis St Apt 1101, Austin, TX, 78701",Austin,TX,78701,30.26001,-97.739409,618.0,131.0,,sold,2026-08-10T08:49:25.305481,1.0,1.0
8394308056,2990269887,SOLD,199000,,1.0,1.0,608.0,270.0,1966.0,CONDOS,"1800 Lavaca St Unit A305, Austin, TX, 78701",Austin,TX,78701,30.280731,-97.741356,530.0,131.0,,sold,2026-08-10T08:49:25.305481,1.0,1.0
7285353518,2989909015,SOLD,674900,,2.0,2.0,1128.0,87.0,2018.0,CONDOS,"70 Rainey St Apt 2907, Austin, TX, 78701",Austin,TX,78701,30.258399,-97.739048,1174.0,141.0,,sold,2026-08-10T08:49:25.305481,1.0,1.0
8908509032,2983626209,SOLD,435000,,2.0,2.0,1459.0,1133.0,1983.0,CONDOS,"40 N Interstate 35 Hwy Unit 5B2, Austin, TX, 78701",Austin,TX,78701,30.255205,-97.738057,1075.0,328.0,,sold,2026-08-10T08:49:25.305481,2.0,1.0
7439299126,2994673989,SOLD,1400000,,2.0,2.0,1457.0,222.0,2018.0,CONDOS,"301 West Ave Unit 1804, Austin, TX, 78701",Austin,TX,78701,30.267758,-97.750937,1144.0,19.0,,sold,2026-08-10T08:49:25.305481,2.0,1.0
7886815530,2987952231,SOLD,446000,,1.0,1.0,852.0,213.0,2005.0,CONDOS,"54 Rainey St Apt 416, Austin, TX, 78701",Austin,TX,78701,30.257382,-97.739444,658.0,192.0,,sold,2026-08-10T08:49:25.305481,1.0,1.0
9927371041,2994729580,SOLD,530000,,1.0,1.0,641.0,52.0,2022.0,CONDOS,"48 East Ave Unit 3203, Austin, TX, 78701",Austin,TX,78701,30.256396,-97.738839,487.0,9.0,,sold,2026-08-10T08:49:25.305481,1.0,1.0
9392459727,2994038532,SOLD,1650000,,3.0,3.0,1930.0,,2021.0,CONDOS,"313 W 17th St Unit 2007, Austin, TX, 78701",Austin,TX,78701,30.279578,-97.742213,1612.0,23.0,,sold,2026-08-10T08:49:25.305481,2.0,1.0
7970123316,2977275914,SOLD,439000,,1.0,1.0,760.0,100.0,2008.0,CONDOS,"360 Nueces St Apt 1318, Austin, TX, 78701",Austin,TX,78701,30.267661,-97.749622,724.0,480.0,,sold,2026-08-10T08:49:25.305481,1.0,1.0
7438889201,2994066522,SOLD,1499000,,2.0,2.0,1457.0,222.0,2019.0,CONDOS,"301 West Ave Unit 2304, Austin, TX, 78701",Austin,TX,78701,30.267758,-97.750937,1114.0,20.0,,sold,2026-08-10T08:49:25.305481,2.0,1.0
7444590890,2991937497,SOLD,2485000,,3.0,3.0,1830.0,279.0,2018.0,CONDOS,"301 West Ave Unit 3605, Austin, TX, 78701",Austin,TX,78701,30.267758,-97.750937,1437.0,69.0,,sold,2026-08-10T08:49:25.305481,2.0,1.0
7986930256,2993594506,SOLD,515000,,1.0,1.0,801.0,105.0,2008.0,CONDOS,"360 Nueces St Apt 1701, Austin, TX, 78701",Austin,TX,78701,30.267661,-97.749622,764.0,23.0,,sold,2026-08-10T08:49:25.305481,1.0,1.0
7445820666,2991580091,SOLD,680000,,1.0,1.0,727.0,113.0,2018.0,CONDOS,"301 West Ave Unit 4208, Austin, TX, 78701",Austin,TX,78701,30.267758,-97.750937,570.0,75.0,,sold,2026-08-10T08:49:25.305481,1.0,1.0
7295874958,2992332980,SOLD,535000,,2.0,2.0,1311.0,575.0,2007.0,CONDOS,"1812 West Ave Apt 302, Austin, TX, 78701",Austin,TX,78701,30.282731,-97.746159,711.0,51.0,,sold,2026-08-10T08:49:25.305481,2.0,1.0
7983323588,2991714492,SOLD,469000,,1.0,1.0,652.0,39.0,2018.0,CONDOS,"501 West Ave Apt 1406, Austin, TX, 78701",Austin,TX,78701,30.269536,-97.750525,587.0,69.0,,sold,2026-08-10T08:49:25.305481,1.0,1.0
8412706947,2984693140,SOLD,179900,,1.0,1.0,573.0,261.0,1966.0,CONDOS,"1800 Lavaca St Apt 413, Austin, TX, 78701",Austin,TX,78701,30.280731,-97.741356,496.0,278.0,,sold,2026-08-10T08:49:25.305481,1.0,1.0
8084157100,2985407798,SOLD,1495000,,4.0,2.0,2057.0,279.0,2008.0,CONDOS,"360 Nueces St Apt 3504, Austin, TX, 78701",Austin,TX,78701,30.267661,-97.749622,1976.0,255.0,,sold,2026-08-10T08:49:25.305481,4.0,1.0
7054816493,2993153648,SOLD,349900,,2.0,2.0,1459.0,1150.0,1983.0,CONDOS,"40 N Interstate 35 Expy Unit 2C2, Austin, TX, 78701",Austin,TX,78701,30.255205,-97.738057,1145.0,27.0,,sold,2026-08-10T08:49:25.305481,2.0,1.0
8908956223,2990363596,SOLD,339700,,2.0,2.0,1288.0,1011.0,1983.0,CONDOS,"40 N Interstate 35 Hwy Unit 6C1, Austin, TX, 78701",Austin,TX,78701,30.255205,-97.738057,1011.0,101.0,,sold,2026-08-10T08:49:25.305481,2.0,1.0
7441646881,2991685073,SOLD,1299000,,2.0,2.0,1281.0,,2019.0,CONDOS,"301 West Ave Unit 2806, Austin, TX, 78701",Austin,TX,78701,30.267758,-97.750937,991.0,67.0,,sold,2026-08-10T08:49:25.305481,2.0,1.0
8026171294,2986772969,SOLD,699000,,2.0,2.0,1059.0,144.0,2008.0,CONDOS,"360 Nueces St Apt 2802, Austin, TX, 78701",Austin,TX,78701,30.267661,-97.749622,1031.0,207.0,,sold,2026-08-10T08:49:25.305481,2.0,1.0
7234709102,2992778946,SOLD,2481000,,3.0,3.0,1838.0,,2018.0,CONDOS,"301 West Ave Unit 5302, Austin, TX, 78701",Austin,TX,78701,30.267758,-97.750937,1443.0,31.0,,sold,2026-08-10T08:49:25.305481,3.0,1.0
8027810995,2979335999,SOLD,445000,,1.0,1.0,732.0,87.0,2008.0,CONDOS,"360 Nueces St Apt 2808, Austin, TX, 78701",Austin,TX,78701,30.267661,-97.749622,776.0,402.0,,sold,2026-08-10T08:49:25.305481,1.0,1.0
7436876840,2991868076,SOLD,875000,,2.0,2.0,1106.0,166.0,2018.0,CONDOS,"301 West Ave Unit 1309, Austin, TX, 78701",Austin,TX,78701,30.267758,-97.750937,859.0,54.0,,sold,2026-08-10T08:49:25.305481,2.0,1.0
7255050407,2992088747,SOLD,568500,,0.0,1.0,821.0,4356.0,2016.0,CONDOS,"222 West Ave Unit 2810, Austin, TX, 78701",Austin,TX,78701,30.267402,-97.752016,813.0,45.0,,sold,2026-08-10T08:49:25.305481,1.0,2.0
7958533608,2991620782,SOLD,425000,,1.0,1.0,760.0,87.0,2008.0,CONDOS,"360 Nueces St Apt 1118, Austin, TX, 78701",Austin,TX,78701,30.267661,-97.749622,710.0,59.0,,sold,2026-08-10T08:49:25.305481,1.0,1.0
8292410954,2983810884,SOLD,495000,,2.0,2.0,1288.0,1002.0,1983.0,CONDOS,"40 N Interstate Highway 35 Unit 6B3, Austin, TX, 78701",Austin,TX,78701,30.255205,-97.738057,949.0,287.0,,sold,2026-08-10T08:49:25.305481,2.0,1.0
8665651502,2990324271,SOLD,385000,,1.0,1.0,832.0,,1949.0,SINGLE_FAMILY,"800 Brazos St Unit 1103, Austin, TX, 78701",Austin,TX,78701,30.269973,-97.740841,624.0,89.0,,sold,2026-08-10T08:49:25.305481,,
9074317331,2974406363,SOLD,520000,,1.0,1.0,740.0,,2022.0,CONDOS,"48 East Ave Unit 1806AVE, Austin, TX, 78701",Austin,TX,78701,30.256384,-97.738876,487.0,529.0,,sold,2026-08-10T08:49:25.305481,1.0,1.0
9054643322,2991718754,SOLD,470000,,1.0,1.0,699.0,57.0,2021.0,CONDOS,"48 East Ave Unit 1207, Austin, TX, 78701",Austin,TX,78701,30.256396,-97.738839,590.0,52.0,,sold,2026-08-10T08:49:25.305481,1.0,1.0
7246404708,2985099993,SOLD,549000,,1.0,1.0,821.0,,2016.0,CONDOS,"222 West Ave Unit 1312, Austin, TX, 78701",Austin,TX,78701,30.267402,-97.752016,813.0,245.0,,sold,2026-08-10T08:49:25.305481,245.0,1.0
8500989566,2985026500,SOLD,420000,,2.0,2.0,1533.0,1198.0,1983.0,CONDOS,"40 N Interstate 35 Apt 3D3, Austin, TX, 78701",Austin,TX,78701,30.255205,-97.738057,1200.0,245.0,,sold,2026-08-10T08:49:25.305481,2.0,1.0
9473252766,2990545613,SOLD,485000,,1.0,1.0,699.0,57.0,2021.0,CONDOS,"48 East Ave Unit 1607, Austin, TX, 78701",Austin,TX,78701,30.256396,-97.738839,650.0,74.0,,sold,2026-08-10T08:49:25.305481,,1.0
7652928911,2999450050,FOR_SALE,825000,,3.0,3.0,1820.0,4369.0,2019.0,SINGLE_FAMILY,"918 Chote Ave, Austin, TX, 78702",Austin,TX,78702,30.261062,-97.69654,,1.0,453.0,for_sale,2026-08-10T08:49:29.760905,,2.0
9797030113,2991825528,PENDING,285000,,4.0,3.0,1925.0,,2025.0,TOWNHOMES,"3524 Gonzales St Unit 2A, Austin, TX, 78702",Austin,TX,78702,30.257824,-97.70134,10.0,167.0,148.0,for_sale,2026-08-10T08:49:29.760905,1.0,3.0
9607103106,2998740768,FOR_SALE,1100000,,4.0,2.0,2538.0,2309.0,2026.0,SINGLE_FAMILY,"3101.5 Neal St, Austin, TX, 78702",Austin,TX,78702,30.265224,-97.703499,,19.0,433.0,for_sale,2026-08-10T08:49:29.760905,1.0,3.0
8896817433,2999428181,FOR_SALE,950000,,4.0,4.0,2364.0,6578.0,2022.0,SINGLE_FAMILY,"3101 Lyons Rd, Austin, TX, 78702",Austin,TX,78702,30.262581,-97.704863,0.0,2.0,402.0,for_sale,2026-08-10T08:49:29.760905,,2.0
9607103106,2997598864,FOR_SALE,1100000,,4.0,2.0,2538.0,2309.0,2026.0,SINGLE_FAMILY,"3101.5 Neal St, Austin, TX, 78702",Austin,TX,78702,30.265224,-97.703499,,47.0,433.0,for_sale,2026-08-10T08:49:29.760905,1.0,3.0
9073659925,2992001417,FOR_SALE,161000,,0.0,1.0,485.0,,2020.0,CONDOS,"1322 E 12th St Unit 201, Austin, TX, 78702",Austin,TX,78702,30.273187,-97.725174,143.0,162.0,332.0,for_sale,2026-08-10T08:49:29.760905,,1.0
9281503784,2998660508,FOR_SALE,495000,,2.0,2.0,840.0,3424.0,2017.0,SINGLE_FAMILY,"2004 E 10th St Unit 2, Austin, TX, 78702",Austin,TX,78702,30.264743,-97.719282,0.0,22.0,589.0,for_sale,2026-08-10T08:49:29.760905,1.0,2.0
8791639461,2998370859,FOR_SALE,1099000,,3.0,2.0,2041.0,5049.0,2026.0,SINGLE_FAMILY,"752 Pedernales St, Austin, TX, 78702",Austin,TX,78702,30.263038,-97.713132,0.0,30.0,538.0,for_sale,2026-08-10T08:49:29.760905,,2.0
8326510822,2994878731,FOR_SALE,1385000,,4.0,3.0,2468.0,6050.0,2026.0,SINGLE_FAMILY,"2603 Sol Wilson Ave, Austin, TX, 78702",Austin,TX,78702,30.274845,-97.705346,0.0,96.0,561.0,for_sale,2026-08-10T08:49:29.760905,1.0,2.0
8556714959,2999333786,FOR_SALE,375000,,3.0,2.0,738.0,3376.0,1939.0,SINGLE_FAMILY,"2404 Santa Rita St, Austin, TX, 78702",Austin,TX,78702,30.256791,-97.716432,0.0,4.0,508.0,for_sale,2026-08-10T08:49:29.760905,,1.0
9348384873,2999236374,FOR_SALE,599000,,2.0,2.0,1789.0,5319.0,2007.0,SINGLE_FAMILY,"1708 Harvey St Unit One, Austin, TX, 78702",Austin,TX,78702,30.280521,-97.705597,345.0,6.0,335.0,for_sale,2026-08-10T08:49:29.760905,2.0,2.0
7278197114,2999139520,FOR_SALE,2500000,,4.0,4.0,2677.0,7405.0,2016.0,SINGLE_FAMILY,"1707 Willow St, Austin, TX, 78702",Austin,TX,78702,30.256441,-97.726523,0.0,9.0,934.0,for_sale,2026-08-10T08:49:29.760905,2.0,2.0
8835538373,2999387021,FOR_SALE,725000,,3.0,2.0,1868.0,3777.0,2015.0,SINGLE_FAMILY,"3133 Govalle Ave Unit B, Austin, TX, 78702",Austin,TX,78702,30.265975,-97.702721,,3.0,388.0,for_sale,2026-08-10T08:49:29.760905,,3.0
7640966543,2998631700,FOR_SALE,724900,,4.0,2.0,2033.0,6447.0,2004.0,SINGLE_FAMILY,"2806 Prado St, Austin, TX, 78702",Austin,TX,78702,30.262004,-97.708029,0.0,23.0,357.0,for_sale,2026-08-10T08:49:29.760905,2.0,1.0
9401533623,2998512438,PENDING,749000,,3.0,2.0,1274.0,4356.0,2006.0,SINGLE_FAMILY,"2508 E 9th St Unit 1, Austin, TX, 78702",Austin,TX,78702,30.265294,-97.71412,0.0,25.0,588.0,for_sale,2026-08-10T08:49:29.760905,2.0,1.0
8112454513,2996653599,FOR_SALE,224000,,1.0,1.0,480.0,3223.0,2009.0,SINGLE_FAMILY,"1118 Northwestern Ave Apt A, Austin, TX, 78702",Austin,TX,78702,30.268248,-97.716087,125.0,65.0,467.0,for_sale,2026-08-10T08:49:29.760905,,1.0
8418532846,2998491996,PENDING,925000,,3.0,2.0,1988.0,3668.0,2019.0,SINGLE_FAMILY,"2400 Canterbury St, Austin, TX, 78702",Austin,TX,78702,30.253079,-97.718284,,26.0,465.0,for_sale,2026-08-10T08:49:29.760905,,2.0
7526820961,2997172270,FOR_SALE,495000,,2.0,1.0,810.0,5340.0,1940.0,SINGLE_FAMILY,"2503 Gonzales St, Austin, TX, 78702",Austin,TX,78702,30.261556,-97.713118,0.0,59.0,611.0,for_sale,2026-08-10T08:49:29.760905,,1.0
7115687156,2998896145,FOR_SALE,1659000,,3.0,2.0,2400.0,3794.0,2023.0,SINGLE_FAMILY,"2302 E 11th St, Austin, TX, 78702",Austin,TX,78702,30.265501,-97.717647,0.0,15.0,691.0,for_sale,2026-08-10T08:49:29.760905,,3.0
8431451071,2996584090,FOR_SALE,695000,,3.0,3.0,1911.0,2178.0,2014.0,CONDOS,"1801 E 2nd St Unit 9, Austin, TX, 78702",Austin,TX,78702,30.258219,-97.725241,265.0,66.0,364.0,for_sale,2026-08-10T08:49:29.760905,2.0,3.0
8290705068,2998220788,PENDING,699000,,3.0,2.0,1680.0,6199.0,2006.0,SINGLE_FAMILY,"1305 Chestnut Ave, Austin, TX, 78702",Austin,TX,78702,30.27584,-97.715993,0.0,33.0,416.0,for_sale,2026-08-10T08:49:29.760905,,2.0
7148181650,2995744495,FOR_SALE,1070000,,4.0,2.0,2219.0,3485.0,2016.0,SINGLE_FAMILY,"1606 Salina St, Austin, TX, 78702",Austin,TX,78702,30.277189,-97.72187,0.0,80.0,482.0,for_sale,2026-08-10T08:49:29.760905,,2.0
9758766819,2999277698,FOR_SALE,1200000,,4.0,3.0,2180.0,4190.0,2026.0,SINGLE_FAMILY,"2212 Canterbury St Unit 1, Austin, TX, 78702",Austin,TX,78702,30.25375,-97.720444,,5.0,550.0,for_sale,2026-08-10T08:49:29.760905,,1.0
9584971155,2998366705,FOR_SALE,624500,,2.0,2.0,1050.0,2422.0,2022.0,SINGLE_FAMILY,"2104 E 2nd St Unit 2, Austin, TX, 78702",Austin,TX,78702,30.257022,-97.720777,0.0,30.0,595.0,for_sale,2026-08-10T08:49:29.760905,1.0,2.0
9387727869,2999323823,FOR_SALE,775000,,3.0,2.0,1503.0,2618.0,2026.0,SINGLE_FAMILY,"2212 Canterbury St Unit 2, Austin, TX, 78702",Austin,TX,78702,30.25375,-97.720444,,4.0,516.0,for_sale,2026-08-10T08:49:29.760905,,2.0
8495581847,2997182761,PENDING,1325000,,4.0,3.0,2421.0,6486.0,1925.0,SINGLE_FAMILY,"2007 E 2nd St, Austin, TX, 78702",Austin,TX,78702,30.257176,-97.722818,0.0,59.0,547.0,for_sale,2026-08-10T08:49:29.760905,2.0,2.0
8233577814,2996635949,FOR_SALE,775000,,3.0,2.0,1548.0,6129.0,2012.0,SINGLE_FAMILY,"2013 Peoples St, Austin, TX, 78702",Austin,TX,78702,30.267415,-97.7174,0.0,65.0,501.0,for_sale,2026-08-10T08:49:29.760905,,2.0
8009042257,2998835246,FOR_SALE,1399000,,4.0,3.0,2294.0,7070.0,2022.0,SINGLE_FAMILY,"3210 Thompson St, Austin, TX, 78702",Austin,TX,78702,30.26729,-97.700518,0.0,17.0,610.0,for_sale,2026-08-10T08:49:29.760905,2.0,2.0
7816229310,2998260898,FOR_SALE,1275000,,4.0,3.0,2524.0,3977.0,2023.0,SINGLE_FAMILY,"2201 E 16th St, Austin, TX, 78702",Austin,TX,78702,30.277031,-97.717405,0.0,32.0,505.0,for_sale,2026-08-10T08:49:29.760905,1.0,3.0
8568169086,2998674034,FOR_SALE,350000,,0.0,,780.0,4439.0,1948.0,SINGLE_FAMILY,"2717 E 2nd St, Austin, TX, 78702",Austin,TX,78702,30.253759,-97.712636,0.0,21.0,449.0,for_sale,2026-08-10T08:49:29.760905,,1.0
8228710282,2993197996,FOR_SALE,1299000,,6.0,3.0,2550.0,3772.0,2019.0,SINGLE_FAMILY,"1310 Comal St, Austin, TX, 78702",Austin,TX,78702,30.275048,-97.72448,0.0,129.0,509.0,for_sale,2026-08-10T08:49:29.760905,1.0,2.0
8844868709,2997053626,CONTINGENT,1050000,,3.0,2.0,2036.0,6373.0,1906.0,SINGLE_FAMILY,"905 E 2nd St, Austin, TX, 78702",Austin,TX,78702,30.261369,-97.734904,0.0,59.0,516.0,for_sale,2026-08-10T08:49:29.760905,,2.0
9210516053,2999376103,FOR_SALE,895000,,3.0,3.0,1681.0,1742.0,2026.0,CONDOS,"2303 E 2nd St Unit 1, Austin, TX, 78702",Austin,TX,78702,30.255873,-97.718575,,3.0,532.0,for_sale,2026-08-10T08:49:29.760905,1.0,3.0
9889142573,2997493937,PENDING,699999,,3.0,2.0,1671.0,1725.0,2020.0,SINGLE_FAMILY,"1114 E 3rd St Unit 1, Austin, TX, 78702",Austin,TX,78702,30.262176,-97.732158,,51.0,419.0,for_sale,2026-08-10T08:49:29.760905,,3.0
7931827225,2992948737,PENDING,675000,,4.0,3.0,1614.0,8329.0,1985.0,SINGLE_FAMILY,"805 Nile St, Austin, TX, 78702",Austin,TX,78702,30.266404,-97.71104,0.0,136.0,418.0,for_sale,2026-08-10T08:49:29.760905,,1.0
7263402535,2997911214,FOR_SALE,693000,,3.0,2.0,1373.0,6861.0,1955.0,SINGLE_FAMILY,"3201 Bengston St, Austin, TX, 78702",Austin,TX,78702,30.270698,-97.699699,0.0,40.0,505.0,for_sale,2026-08-10T08:49:29.760905,,1.0
9861892509,2997427811,PENDING,765000,,2.0,2.0,1044.0,2631.0,2019.0,SINGLE_FAMILY,"43 Lynn St, Austin, TX, 78702",Austin,TX,78702,30.25116403,-97.72633662,0.0,52.0,733.0,for_sale,2026-08-10T08:49:29.760905,1.0,2.0
7216881157,2999428261,FOR_SALE,700000,,4.0,2.0,2006.0,7536.0,1955.0,SINGLE_FAMILY,"3201 Kay St, Austin, TX, 78702",Austin,TX,78702,30.270038,-97.700033,0.0,2.0,349.0,for_sale,2026-08-10T08:49:29.760905,,2.0
7238085478,2998096691,PENDING,325000,,3.0,2.0,1300.0,5584.0,1954.0,SINGLE_FAMILY,"3311 Bengston St, Austin, TX, 78702",Austin,TX,78702,30.27012,-97.69806,0.0,37.0,250.0,for_sale,2026-08-10T08:49:29.760905,,1.0
7421881107,2986700433,FOR_SALE,499000,,4.0,3.0,1392.0,7963.0,1922.0,SINGLE_FAMILY,"2103 E 12th St, Austin, TX, 78702",Austin,TX,78702,30.273856,-97.717557,0.0,319.0,358.0,for_sale,2026-08-10T08:49:29.760905,,1.0
9716264386,2992158321,FOR_SALE,464000,,2.0,2.0,975.0,3241.0,2023.0,SINGLE_FAMILY,"2919 E 13th St Unit 2, Austin, TX, 78702",Austin,TX,78702,30.276588,-97.706844,,157.0,476.0,for_sale,2026-08-10T08:49:29.760905,,2.0
9028494602,2998772759,FOR_SALE,769000,,6.0,3.0,2129.0,7850.0,2011.0,MULTI_FAMILY,"2006 E 13th St Units 1 & 2, Austin, TX, 78702",Austin,TX,78702,30.275238,-97.718483,0.0,18.0,361.0,for_sale,2026-08-10T08:49:29.760905,,1.0
9454247176,2994008195,FOR_SALE,449900,,2.0,1.0,1013.0,3467.0,2018.0,SINGLE_FAMILY,"1112 Linden St Unit B, Austin, TX, 78702",Austin,TX,78702,30.26697,-97.704325,0.0,115.0,444.0,for_sale,2026-08-10T08:49:29.760905,,2.0
9421114749,2998598014,FOR_SALE,1000000,,3.0,3.0,1977.0,2614.0,2026.0,SINGLE_FAMILY,"1007 E 15th St Unit 3, Austin, TX, 78702",Austin,TX,78702,30.275226,-97.72892,,24.0,506.0,for_sale,2026-08-10T08:49:29.760905,2.0,3.0
9839159302,2997563998,FOR_SALE,359000,,1.0,1.0,480.0,2052.0,1951.0,CONDOS,"2519 E 4th St Unit 2, Austin, TX, 78702",Austin,TX,78702,30.256535,-97.714495,,47.0,748.0,for_sale,2026-08-10T08:49:29.760905,,2.0
9994704238,2999038525,FOR_SALE,1300000,,4.0,4.0,2202.0,7349.0,2026.0,SINGLE_FAMILY,"2506 E 2nd St Unit 2, Austin, TX, 78702",Austin,TX,78702,30.25526,-97.715637,,10.0,590.0,for_sale,2026-08-10T08:49:29.760905,1.0,1.0
7372256353,2992231435,FOR_SALE,1299000,,4.0,3.0,2146.0,6656.0,2012.0,SINGLE_FAMILY,"111 Adam L Chapa Sr St, Austin, TX, 78702",Austin,TX,78702,30.257361,-97.723215,0.0,156.0,605.0,for_sale,2026-08-10T08:49:29.760905,2.0,2.0
8251263484,2998207978,FOR_SALE,850000,,3.0,2.0,1519.0,7492.0,2017.0,CONDOS,"2016 Jesse E Segovia St Unit B, Austin, TX, 78702",Austin,TX,78702,30.250241,-97.725116,0.0,33.0,560.0,for_sale,2026-08-10T08:49:29.760905,1.0,2.0
9450340250,2996387914,PENDING,899950,,4.0,3.0,1650.0,6011.0,2026.0,SINGLE_FAMILY,"2503 E 18th St, Austin, TX, 78702",Austin,TX,78702,30.279533,-97.7146,,68.0,545.0,for_sale,2026-08-10T08:49:29.760905,1.0,2.0
7254357364,2997675783,FOR_SALE,424900,,2.0,1.0,1162.0,967.0,2017.0,CONDOS,"2002 E 7th St Apt 217, Austin, TX, 78702",Austin,TX,78702,30.26243,-97.720137,251.0,45.0,366.0,for_sale,2026-08-10T08:49:29.760905,2.0,2.0
9435316359,2994307249,FOR_SALE,2250000,,4.0,3.0,3027.0,5772.0,2024.0,SINGLE_FAMILY,"2005 E 8th St Unit 1, Austin, TX, 78702",Austin,TX,78702,30.26278,-97.720172,4.0,111.0,743.0,for_sale,2026-08-10T08:49:29.760905,1.0,3.0
7650863356,2995249076,FOR_SALE,679900,,4.0,3.0,2090.0,5576.0,1945.0,SINGLE_FAMILY,"2200 E 14th St, Austin, TX, 78702",Austin,TX,78702,30.276542,-97.717309,0.0,89.0,325.0,for_sale,2026-08-10T08:49:29.760905,,2.0
7809080027,2990577253,PENDING,550000,,3.0,2.0,1470.0,6220.0,1947.0,SINGLE_FAMILY,"912 and 912 1/2 Calle Limon Dr, Austin, TX, 78702",Austin,TX,78702,30.260247,-97.695858,0.0,76.0,374.0,for_sale,2026-08-10T08:49:29.760905,,1.0
8288183549,2999316255,FOR_SALE,495000,,2.0,1.0,1225.0,1459.0,2005.0,TOWNHOMES,"1601 E 5th St Apt 211, Austin, TX, 78702",Austin,TX,78702,30.261718,-97.726567,365.0,4.0,404.0,for_sale,2026-08-10T08:49:29.760905,,3.0
9688262010,2994059186,FOR_SALE,829500,,3.0,2.0,1400.0,6743.0,2026.0,SINGLE_FAMILY,"2007 Canterbury St Unit 2, Austin, TX, 78702",Austin,TX,78702,30.254454,-97.723656,,114.0,593.0,for_sale,2026-08-10T08:49:29.760905,1.0,2.0
7654771356,2999010524,FOR_SALE,575000,,2.0,2.0,933.0,12632.0,2017.0,SINGLE_FAMILY,"902 Calle Limon Rd Unit B, Austin, TX, 78702",Austin,TX,78702,30.259576,-97.69623,,11.0,616.0,for_sale,2026-08-10T08:49:29.760905,1.0,2.0
7336413333,2993085037,FOR_SALE,495000,,2.0,1.0,792.0,6499.0,1951.0,SINGLE_FAMILY,"1176 Graham St, Austin, TX, 78702",Austin,TX,78702,30.273674,-97.710629,0.0,132.0,625.0,for_sale,2026-08-10T08:49:29.760905,,1.0
9413842174,2995822923,FOR_SALE,269900,,1.0,1.0,665.0,409.0,2020.0,CONDOS,"2220 Webberville Rd Apt 302, Austin, TX, 78702",Austin,TX,78702,30.262042,-97.716929,227.0,79.0,406.0,for_sale,2026-08-10T08:49:29.760905,1.0,1.0
7315762527,2997232822,FOR_SALE,639900,,3.0,2.0,1495.0,3176.0,2016.0,SINGLE_FAMILY,"1704 E 13th St Unit B, Austin, TX, 78702",Austin,TX,78702,30.274707,-97.721663,,58.0,428.0,for_sale,2026-08-10T08:49:29.760905,,2.0
8303368671,2999320981,FOR_SALE,525000,,2.0,1.0,744.0,5001.0,1940.0,SINGLE_FAMILY,"2604 Sol Wilson Ave, Austin, TX, 78702",Austin,TX,78702,30.27527,-97.705366,0.0,4.0,706.0,for_sale,2026-08-10T08:49:29.760905,,1.0
9888598111,2993193635,FOR_SALE,799000,,4.0,3.0,2009.0,3250.0,2020.0,CONDOS,"1101 1/2 Fiesta St Unit 1, Austin, TX, 78702",Austin,TX,78702,30.265491,-97.70562,,129.0,398.0,for_sale,2026-08-10T08:49:29.760905,1.0,3.0
9127966501,2994500892,FOR_SALE,845000,,3.0,2.0,1507.0,3920.0,2002.0,SINGLE_FAMILY,"1501 Willow St Unit 1, Austin, TX, 78702",Austin,TX,78702,30.257847,-97.729958,29.0,107.0,561.0,for_sale,2026-08-10T08:49:29.760905,,2.0
8672202452,2998740770,FOR_SALE,884000,,3.0,2.0,1635.0,3790.0,2004.0,SINGLE_FAMILY,"1508 E 11th St, Austin, TX, 78702",Austin,TX,78702,30.267701,-97.724556,0.0,19.0,541.0,for_sale,2026-08-10T08:49:29.760905,,3.0
7187086960,2994345029,FOR_SALE,624950,,2.0,2.0,1562.0,3502.0,2009.0,SINGLE_FAMILY,"1800 E 14th St, Austin, TX, 78702",Austin,TX,78702,30.275799,-97.721199,0.0,110.0,400.0,for_sale,2026-08-10T08:49:29.760905,,2.0
9237193708,2998336085,FOR_SALE,815000,,3.0,2.0,1720.0,11012.0,2026.0,SINGLE_FAMILY,"3103 Garwood St Unit 3, Austin, TX, 78702",Austin,TX,78702,30.259827,-97.706123,,31.0,474.0,for_sale,2026-08-10T08:49:29.760905,1.0,2.0
8476837078,2997758760,FOR_SALE,739000,,2.0,2.0,1531.0,6743.0,1919.0,SINGLE_FAMILY,"1908 Holly St, Austin, TX, 78702",Austin,TX,78702,30.253493,-97.725466,0.0,43.0,483.0,for_sale,2026-08-10T08:49:29.760905,,1.0
8445401589,2997318811,FOR_SALE,519000,,2.0,1.0,774.0,5968.0,2024.0,SINGLE_FAMILY,"81 Waller St, Austin, TX, 78702",Austin,TX,78702,30.258411,-97.733067,0.0,55.0,671.0,for_sale,2026-08-10T08:49:29.760905,,1.0
9661260067,2986107767,FOR_SALE,577000,,2.0,2.0,1083.0,3607.0,2019.0,SINGLE_FAMILY,"2703 E 3rd St Unit 2, Austin, TX, 78702",Austin,TX,78702,30.255059,-97.713176,33.0,338.0,533.0,for_sale,2026-08-10T08:49:29.760905,,2.0
8056980781,2998808935,FOR_SALE,595000,,3.0,2.0,1417.0,3790.0,1930.0,SINGLE_FAMILY,"1184 Navasota St, Austin, TX, 78702",Austin,TX,78702,30.271597,-97.727805,0.0,17.0,420.0,for_sale,2026-08-10T08:49:29.760905,,1.0
7708716027,2992409996,PENDING,400000,,2.0,1.0,824.0,5915.0,1918.0,SINGLE_FAMILY,"1903 E 10th St, Austin, TX, 78702",Austin,TX,78702,30.264682,-97.720793,0.0,151.0,485.0,for_sale,2026-08-10T08:49:29.760905,,1.0
9514957257,2998335635,FOR_SALE,670000,,3.0,2.0,1352.0,11012.0,2026.0,SINGLE_FAMILY,"3103 Garwood St Unit 2, Austin, TX, 78702",Austin,TX,78702,30.259827,-97.706123,,31.0,496.0,for_sale,2026-08-10T08:49:29.760905,1.0,2.0
7491462399,2990299686,FOR_SALE,450000,,2.0,2.0,882.0,3001.0,1940.0,SINGLE_FAMILY,"2308 Santa Rita St, Austin, TX, 78702",Austin,TX,78702,30.257356,-97.71804,0.0,207.0,510.0,for_sale,2026-08-10T08:49:29.760905,,1.0
9010110090,2999236777,FOR_SALE,1345000,,4.0,3.0,2400.0,9148.0,2015.0,CONDOS,"52 Waller St Apt A, Austin, TX, 78702",Austin,TX,78702,30.255772,-97.734832,0.0,6.0,560.0,for_sale,2026-08-10T08:49:29.760905,1.0,3.0
7327991230,2989166526,FOR_SALE,625000,,4.0,3.0,1391.0,6055.0,1925.0,SINGLE_FAMILY,"1200 Walnut Ave, Austin, TX, 78702",Austin,TX,78702,30.275119,-97.712397,0.0,249.0,449.0,for_sale,2026-08-10T08:49:29.760905,,1.0
9261817156,2992426366,FOR_SALE,525000,,3.0,2.0,1275.0,6787.0,2026.0,SINGLE_FAMILY,"408 Linden Unit B, Austin, TX, 78702",Austin,TX,78702,30.255443,-97.709519,,66.0,412.0,for_sale,2026-08-10T08:49:29.760905,,2.0
9144938612,2998333323,FOR_SALE,599950,,2.0,1.0,1302.0,1433.0,2019.0,CONDOS,"1701 E Martin Luther King Jr Blvd Unit 204, Austin, TX, 78702",Austin,TX,78702,30.279219,-97.722771,400.0,31.0,461.0,for_sale,2026-08-10T08:49:29.760905,1.0,2.0
7735435707,2995440637,FOR_SALE,1995000,,6.0,4.0,3500.0,5632.0,2023.0,SINGLE_FAMILY,"1914 E 8th St, Austin, TX, 78702",Austin,TX,78702,30.263426,-97.72064,0.0,86.0,570.0,for_sale,2026-08-10T08:49:29.760905,1.0,3.0
9537042241,2999046770,FOR_SALE,385000,,0.0,1.0,549.0,1080.0,2008.0,CONDOS,"1200 E 11th St Apt 402, Austin, TX, 78702",Austin,TX,78702,30.268784,-97.727592,229.0,10.0,701.0,for_sale,2026-08-10T08:49:29.760905,,1.0
9320719936,2998343241,FOR_SALE,899000,,3.0,3.0,1240.0,3933.0,1922.0,CONDOS,"2214 Garden St Unit 1, Austin, TX, 78702",Austin,TX,78702,30.252835,-97.720736,0.0,31.0,725.0,for_sale,2026-08-10T08:49:29.760905,1.0,1.0
9738251030,2995844520,FOR_SALE,560000,,2.0,2.0,938.0,6403.0,2022.0,SINGLE_FAMILY,"2901 Castro St Unit 2, Austin, TX, 78702",Austin,TX,78702,30.262141,-97.707298,0.0,79.0,597.0,for_sale,2026-08-10T08:49:29.760905,1.0,2.0
9131498147,2992326521,FOR_SALE,765500,,2.0,2.0,1041.0,3315.0,2019.0,CONDOS,"308 Onion St, Austin, TX, 78702",Austin,TX,78702,30.261067,-97.728781,,152.0,735.0,for_sale,2026-08-10T08:49:29.760905,,2.0
7410678883,2986295037,FOR_SALE,550000,,2.0,2.0,1344.0,549.0,2018.0,CONDOS,"800 Embassy Dr Apt 337, Austin, TX, 78702",Austin,TX,78702,30.267459,-97.73239,1000.0,332.0,409.0,for_sale,2026-08-10T08:49:29.760905,2.0,1.0
9863097107,2998822635,FOR_SALE,465000,,2.0,2.0,1124.0,1747.0,2020.0,CONDOS,"3101 W Govalle Ave Unit 111, Austin, TX, 78702",Austin,TX,78702,30.26717,-97.705594,380.0,17.0,414.0,for_sale,2026-08-10T08:49:29.760905,,1.0
7641972724,2996246458,FOR_SALE,389900,,2.0,1.0,1208.0,12327.0,1945.0,SINGLE_FAMILY,"3509 Lyons Rd, Austin, TX, 78702",Austin,TX,78702,30.261102,-97.700414,0.0,71.0,323.0,for_sale,2026-08-10T08:49:29.760905,,1.0
7410231691,2998994408,FOR_SALE,299000,,1.0,1.0,560.0,,2018.0,CONDOS,"800 Embassy Dr Apt 205, Austin, TX, 78702",Austin,TX,78702,30.267459,-97.73239,388.0,11.0,534.0,for_sale,2026-08-10T08:49:29.760905,1.0,1.0
8412515143,2999355228,FOR_SALE,750000,,3.0,2.0,1664.0,3459.0,2017.0,CONDOS,"2905 E 5th St Unit A, Austin, TX, 78702",Austin,TX,78702,30.255758,-97.709874,,3.0,451.0,for_sale,2026-08-10T08:49:29.760905,1.0,2.0
8440838177,2992073253,FOR_SALE,1750000,,5.0,4.0,2942.0,5554.0,2023.0,SINGLE_FAMILY,"1603 Willow St, Austin, TX, 78702",Austin,TX,78702,30.257226,-97.728833,0.0,159.0,595.0,for_sale,2026-08-10T08:49:29.760905,1.0,3.0
7899406894,2997671196,PENDING,415000,,3.0,1.0,950.0,5223.0,1950.0,SINGLE_FAMILY,"3013 E 18th St, Austin, TX, 78702",Austin,TX,78702,30.280758,-97.704218,0.0,45.0,437.0,for_sale,2026-08-10T08:49:29.760905,,1.0
8131796576,2997493156,FOR_SALE,449000,,2.0,2.0,886.0,3023.0,2016.0,SINGLE_FAMILY,"1300 Walnut Ave Unit B, Austin, TX, 78702",Austin,TX,78702,30.27611,-97.712507,0.0,51.0,507.0,for_sale,2026-08-10T08:49:29.760905,1.0,2.0
8735293356,2998577255,FOR_SALE,899000,,5.0,3.0,1617.0,5837.0,1952.0,SINGLE_FAMILY,"1105 E 3rd St, Austin, TX, 78702",Austin,TX,78702,30.261718,-97.732621,0.0,24.0,556.0,for_sale,2026-08-10T08:49:29.760905,,1.0
7869646781,2993323032,FOR_SALE,769000,,4.0,3.0,1944.0,7013.0,2017.0,SINGLE_FAMILY,"1182 Ridgeway Dr Unit A, Austin, TX, 78702",Austin,TX,78702,30.274549,-97.704382,0.0,125.0,396.0,for_sale,2026-08-10T08:49:29.760905,1.0,2.0
9678891654,2998612455,FOR_SALE,679900,,2.0,2.0,1860.0,5554.0,2012.0,MULTI_FAMILY,"2003 E 9th St Unit 2, Austin, TX, 78702",Austin,TX,78702,30.263638,-97.719933,0.0,23.0,366.0,for_sale,2026-08-10T08:49:29.760905,,3.0
8891711999,2991926724,FOR_SALE,1985000,,4.0,3.0,2856.0,6765.0,2026.0,SINGLE_FAMILY,"3100 Garwood St, Austin, TX, 78702",Austin,TX,78702,30.26021,-97.705925,0.0,164.0,695.0,for_sale,2026-08-10T08:49:29.760905,2.0,2.0
7889751008,2995185465,FOR_SALE,450000,,2.0,1.0,850.0,2574.0,2015.0,SINGLE_FAMILY,"2103 E 14th St Unit B, Austin, TX, 78702",Austin,TX,78702,30.275936,-97.717993,15.0,90.0,529.0,for_sale,2026-08-10T08:49:29.760905,,1.0
9337303289,2994738474,FOR_SALE,699900,,4.0,2.0,2067.0,6273.0,2023.0,SINGLE_FAMILY,"3010 Webberville Rd Unit 1, Austin, TX, 78702",Austin,TX,78702,30.267127,-97.708353,0.0,100.0,339.0,for_sale,2026-08-10T08:49:29.760905,1.0,3.0
7263029875,2999169469,FOR_SALE,1150737,,4.0,3.0,2028.0,5009.0,2024.0,SINGLE_FAMILY,"1808 Holly St, Austin, TX, 78702",Austin,TX,78702,30.253816,-97.726535,0.0,8.0,567.0,for_sale,2026-08-10T08:49:29.760905,1.0,2.0
7409635436,2998279800,FOR_SALE,299000,,1.0,1.0,560.0,,2018.0,CONDOS,"800 Embassy Dr Apt 305, Austin, TX, 78702",Austin,TX,78702,30.267459,-97.73239,388.0,32.0,534.0,for_sale,2026-08-10T08:49:29.760905,1.0,1.0
9797541171,2994482254,FOR_SALE,899000,,3.0,3.0,1556.0,3903.0,2013.0,CONDOS,"1131 Poquito St Unit A, Austin, TX, 78702",Austin,TX,78702,30.267484,-97.716752,0.0,107.0,578.0,for_sale,2026-08-10T08:49:29.760905,1.0,2.0
7413660158,2997056245,FOR_SALE,310000,,1.0,1.0,571.0,,2018.0,CONDOS,"800 Embassy Dr Apt 431, Austin, TX, 78702",Austin,TX,78702,30.267459,-97.73239,0.0,59.0,543.0,for_sale,2026-08-10T08:49:29.760905,1.0,1.0
7645490243,2998221017,PENDING,650000,,3.0,2.0,1636.0,8059.0,1946.0,SINGLE_FAMILY,"902 Mansell Ave, Austin, TX, 78702",Austin,TX,78702,30.260127,-97.69701,0.0,33.0,397.0,for_sale,2026-08-10T08:49:29.760905,,1.0
8900754141,2998191642,SOLD,485000,,2.0,1.0,624.0,5746.0,1936.0,SINGLE_FAMILY,"2403 E 11th St, Austin, TX, 78702",Austin,TX,78702,30.2657,-97.71631,0.0,29.0,,sold,2026-08-10T08:49:33.998180,,1.0
8555942522,2992701188,SOLD,1190000,,4.0,4.0,2836.0,2958.0,2016.0,SINGLE_FAMILY,"1023 Juniper St, Austin, TX, 78702",Austin,TX,78702,30.26973,-97.728967,125.0,137.0,,sold,2026-08-10T08:49:33.998180,2.0,3.0
9220756531,2996884256,SOLD,474900,,2.0,1.0,672.0,3433.0,1937.0,SINGLE_FAMILY,"2609 Willow St Unit 1, Austin, TX, 78702",Austin,TX,78702,30.2526,-97.715219,0.0,53.0,,sold,2026-08-10T08:49:33.998180,,1.0
9014498695,2992688983,SOLD,549000,,3.0,2.0,1275.0,6787.0,2026.0,SINGLE_FAMILY,"408 Linden Unit A, Austin, TX, 78702",Austin,TX,78702,30.255443,-97.709519,,137.0,,sold,2026-08-10T08:49:33.998180,,2.0
8756570434,2997379003,SOLD,785000,,2.0,2.0,2024.0,3912.0,2016.0,SINGLE_FAMILY,"2311 E 18th St, Austin, TX, 78702",Austin,TX,78702,30.279212,-97.716104,0.0,43.0,,sold,2026-08-10T08:49:33.998180,2.0,3.0
7870708112,2997075838,SOLD,650000,,3.0,2.0,1479.0,2875.0,2015.0,SINGLE_FAMILY,"1807 Ulit Ave Unit A, Austin, TX, 78702",Austin,TX,78702,30.280569,-97.71213,,49.0,,sold,2026-08-10T08:49:33.998180,1.0,2.0
8520591849,2997013161,SOLD,995000,,3.0,2.0,2164.0,3472.0,2013.0,SINGLE_FAMILY,"1306 Clifford Ave, Austin, TX, 78702",Austin,TX,78702,30.277391,-97.706989,0.0,50.0,,sold,2026-08-10T08:49:33.998180,1.0,2.0
9814967541,2994965794,SOLD,699900,,3.0,2.0,1456.0,12197.0,2026.0,SINGLE_FAMILY,"601 Vermont Rd Unit 2, Austin, TX, 78702",Austin,TX,78702,30.255152,-97.703041,0.0,83.0,,sold,2026-08-10T08:49:33.998180,1.0,2.0
7651154667,2997960594,SOLD,833000,,3.0,3.0,1915.0,3668.0,2020.0,SINGLE_FAMILY,"1187 Oakgrove Ave, Austin, TX, 78702",Austin,TX,78702,30.274982,-97.703139,0.0,28.0,,sold,2026-08-10T08:49:33.998180,,2.0
7996779987,2996262605,SOLD,699000,,4.0,2.0,1894.0,4439.0,2015.0,SINGLE_FAMILY,"3008 E 14th 1/2 St Unit A, Austin, TX, 78702",Austin,TX,78702,30.278789,-97.704103,,59.0,,sold,2026-08-10T08:49:33.998180,2.0,2.0
9396601940,2992180119,SOLD,750000,,2.0,2.0,1097.0,3790.0,2025.0,CONDOS,"44 Chicon St Unit 1, Austin, TX, 78702",Austin,TX,78702,30.252131,-97.727142,,143.0,,sold,2026-08-10T08:49:33.998180,1.0,2.0
8186874875,2993265521,SOLD,599000,,2.0,2.0,1549.0,3746.0,2010.0,SINGLE_FAMILY,"1616 Haskell St Unit A, Austin, TX, 78702",Austin,TX,78702,30.253835,-97.729248,,108.0,,sold,2026-08-10T08:49:33.998180,,2.0
8805818432,2996575448,SOLD,849000,,4.0,2.0,2091.0,5828.0,2013.0,SINGLE_FAMILY,"1004 E 13th St Unit A, Austin, TX, 78702",Austin,TX,78702,30.273697,-97.728648,448.0,46.0,,sold,2026-08-10T08:49:33.998180,1.0,2.0
9615485962,2997166944,SOLD,1999950,,4.0,4.0,2943.0,7187.0,2023.0,SINGLE_FAMILY,"3201 Holton St, Austin, TX, 78702",Austin,TX,78702,30.257419,-97.705805,0.0,38.0,,sold,2026-08-10T08:49:33.998180,2.0,2.0
7194274211,2994074282,SOLD,525000,,2.0,1.0,940.0,6970.0,1953.0,SINGLE_FAMILY,"1122 Gunter St, Austin, TX, 78702",Austin,TX,78702,30.266677,-97.6984,0.0,93.0,,sold,2026-08-10T08:49:33.998180,,1.0
7084297858,2991638740,SOLD,869000,,3.0,2.0,1790.0,6882.0,2012.0,SINGLE_FAMILY,"1613 Willow St, Austin, TX, 78702",Austin,TX,78702,30.25701,-97.728073,,149.0,,sold,2026-08-10T08:49:33.998180,,2.0
8053664112,2994015368,SOLD,889000,,3.0,2.0,1846.0,5380.0,2017.0,SINGLE_FAMILY,"2001 Sl Davis Ave, Austin, TX, 78702",Austin,TX,78702,30.270691,-97.718072,0.0,90.0,,sold,2026-08-10T08:49:33.998180,,2.0
9482400338,2994955623,SOLD,948000,,3.0,2.0,1902.0,3973.0,2020.0,SINGLE_FAMILY,"1615 Holly St Unit 1, Austin, TX, 78702",Austin,TX,78702,30.254259,-97.729355,0.0,67.0,,sold,2026-08-10T08:49:33.998180,1.0,2.0
9614421638,2995518349,SOLD,224990,,3.0,1.0,1161.0,3023.0,1944.0,SINGLE_FAMILY,"1302 1/2 Walnut Ave E Unit 2, Austin, TX, 78702",Austin,TX,78702,30.276209,-97.712723,0.0,56.0,,sold,2026-08-10T08:49:33.998180,,1.0
7063854204,2990540030,SOLD,399000,,2.0,2.0,1516.0,3912.0,2007.0,CONDOS,"2002 E 13th St Unit A, Austin, TX, 78702",Austin,TX,78702,30.275151,-97.718827,,171.0,,sold,2026-08-10T08:49:33.998180,,2.0
7307264151,2984072528,SOLD,270000,,1.0,1.0,640.0,2265.0,2008.0,CONDOS,"1601 Miriam Ave Unit 216, Austin, TX, 78702",Austin,TX,78702,30.278255,-97.710694,232.0,368.0,,sold,2026-08-10T08:49:33.998180,1.0,2.0
9199649567,2995028701,SOLD,1100000,,4.0,3.0,2479.0,8276.0,2026.0,SINGLE_FAMILY,"3204 Lyons Rd Unit 2, Austin, TX, 78702",Austin,TX,78702,30.262486,-97.703262,,62.0,,sold,2026-08-10T08:49:33.998180,2.0,2.0
7824776141,2992018701,SOLD,499000,,,,,6508.0,,LAND,"900 Willow St, Austin, TX, 78702",Austin,TX,78702,30.26022,-97.735756,0.0,130.0,,sold,2026-08-10T08:49:33.998180,,
8431298096,2991263826,SOLD,1050000,,4.0,3.0,2217.0,6342.0,1910.0,SINGLE_FAMILY,"1209 Canterbury St, Austin, TX, 78702",Austin,TX,78702,30.257866,-97.732711,0.0,154.0,,sold,2026-08-10T08:49:33.998180,,1.0
7384814976,2991772442,SOLD,599000,,3.0,2.0,1504.0,6839.0,1940.0,SINGLE_FAMILY,"2705 E 2nd St, Austin, TX, 78702",Austin,TX,78702,30.253992,-97.713512,0.0,137.0,,sold,2026-08-10T08:49:33.998180,,2.0
8249801218,2994523296,SOLD,769500,,4.0,2.0,2405.0,9283.0,2005.0,SINGLE_FAMILY,"1118 Linden St, Austin, TX, 78702",Austin,TX,78702,30.267631,-97.704206,0.0,72.0,,sold,2026-08-10T08:49:33.998180,,2.0
8774411712,2996672193,SOLD,399000,,1.0,1.0,1190.0,,2005.0,CONDOS,"2401 E 6th St Apt 6095, Austin, TX, 78702",Austin,TX,78702,30.259191,-97.716186,385.0,31.0,,sold,2026-08-10T08:49:33.998180,,1.0
7454235188,2994523579,SOLD,769500,,6.0,3.0,2405.0,9283.0,2005.0,MULTI_FAMILY,"1118 Linden St Unit A, Austin, TX, 78702",Austin,TX,78702,30.267631,-97.704205,0.0,72.0,,sold,2026-08-10T08:49:33.998180,,2.0
9194442061,2996596631,SOLD,639900,,3.0,2.0,1152.0,6490.0,2018.0,CONDOS,"1409 Holly St Unit B, Austin, TX, 78702",Austin,TX,78702,30.255064,-97.731646,,31.0,,sold,2026-08-10T08:49:33.998180,,2.0
7836613781,2994425458,SOLD,1699000,,5.0,3.0,2670.0,5558.0,2023.0,SINGLE_FAMILY,"1804 Walnut Ave, Austin, TX, 78702",Austin,TX,78702,30.280243,-97.71346,0.0,69.0,,sold,2026-08-10T08:49:33.998180,2.0,2.0
9586078746,2992070480,SOLD,925000,,3.0,2.0,1951.0,10437.0,2026.0,SINGLE_FAMILY,"1610 Harvey St Unit 2, Austin, TX, 78702",Austin,TX,78702,30.279842,-97.705376,,120.0,,sold,2026-08-10T08:49:33.998180,1.0,2.0
9636994029,2994750150,SOLD,799000,,2.0,1.0,768.0,6138.0,1920.0,SINGLE_FAMILY,"1020 Spence St Unit A, Austin, TX, 78702",Austin,TX,78702,30.258421,-97.733826,0.0,61.0,,sold,2026-08-10T08:49:33.998180,,1.0
7505337742,2996108618,SOLD,825000,,3.0,3.0,1782.0,5663.0,2008.0,SINGLE_FAMILY,"1181 Poquito St, Austin, TX, 78702",Austin,TX,78702,30.272539,-97.71835,0.0,34.0,,sold,2026-08-10T08:49:33.998180,,2.0
8144634066,2994698252,SOLD,689000,,3.0,2.0,1584.0,3006.0,2018.0,SINGLE_FAMILY,"1309 Cedar Ave Unit A, Austin, TX, 78702",Austin,TX,78702,30.276593,-97.713155,,62.0,,sold,2026-08-10T08:49:33.998180,,2.0
9395754729,2995827268,SOLD,839995,,3.0,3.0,1484.0,6608.0,1999.0,SINGLE_FAMILY,"1621 Garden St Unit A, Austin, TX, 78702",Austin,TX,78702,30.254957,-97.728355,0.0,40.0,,sold,2026-08-10T08:49:33.998180,,1.0
7927605045,2994702365,SOLD,1599990,,4.0,3.0,2800.0,6743.0,2009.0,SINGLE_FAMILY,"2004 Riverview St, Austin, TX, 78702",Austin,TX,78702,30.251331,-97.725267,0.0,61.0,,sold,2026-08-10T08:49:33.998180,2.0,2.0
7080711403,2994991446,SOLD,869000,,3.0,2.0,2068.0,6247.0,2015.0,SINGLE_FAMILY,"1002 Linden St, Austin, TX, 78702",Austin,TX,78702,30.264459,-97.705581,0.0,53.0,,sold,2026-08-10T08:49:33.998180,,2.0
9104381273,2992519255,SOLD,649000,,3.0,3.0,1445.0,7963.0,2026.0,SINGLE_FAMILY,"2006 Sl Davis Ave Unit 2, Austin, TX, 78702",Austin,TX,78702,30.271223,-97.717674,0.0,108.0,,sold,2026-08-10T08:49:33.998180,1.0,2.0
8563050170,2987962022,SOLD,495000,,1.0,2.0,1394.0,3376.0,1935.0,SINGLE_FAMILY,"2406 Santa Maria St, Austin, TX, 78702",Austin,TX,78702,30.257224,-97.716075,0.0,238.0,,sold,2026-08-10T08:49:33.998180,,1.0
8318719059,2994419411,SOLD,719900,,3.0,2.0,1651.0,5271.0,2013.0,SINGLE_FAMILY,"2612 Zaragosa St, Austin, TX, 78702",Austin,TX,78702,30.264175,-97.710484,0.0,66.0,,sold,2026-08-10T08:49:33.998180,,2.0
9752036698,2987362123,SOLD,1099000,,4.0,3.0,2183.0,4321.0,2025.0,SINGLE_FAMILY,"1702 Pennsylvania Ave, Austin, TX, 78702",Austin,TX,78702,30.271662,-97.721035,0.0,256.0,,sold,2026-08-10T08:49:33.998180,1.0,2.0
9358782221,2994423551,SOLD,429000,,1.0,1.0,1170.0,,2019.0,CONDOS,"1322 E 12th St Unit 305, Austin, TX, 78702",Austin,TX,78702,30.273187,-97.725174,273.0,60.0,,sold,2026-08-10T08:49:33.998180,,1.0
9301855782,2986788565,SOLD,950000,,3.0,2.0,2096.0,,2025.0,CONDOS,"1104 1/2 Gunter St, Austin, TX, 78702",Austin,TX,78702,30.26379,-97.699409,,264.0,,sold,2026-08-10T08:49:33.998180,1.0,2.0
8344832368,2990609101,SOLD,199900,,1.0,1.0,658.0,1002.0,2008.0,CONDOS,"1807 Poquito St Apt 39, Austin, TX, 78702",Austin,TX,78702,30.279568,-97.719686,204.0,145.0,,sold,2026-08-10T08:49:33.998180,,1.0
8888940837,2992980598,SOLD,1099000,,4.0,3.0,2480.0,5232.0,2015.0,SINGLE_FAMILY,"2100 E 10th St, Austin, TX, 78702",Austin,TX,78702,30.264592,-97.718295,0.0,82.0,,sold,2026-08-10T08:49:33.998180,2.0,2.0
9329154266,2995716765,SOLD,625000,,2.0,2.0,1479.0,6852.0,2026.0,SINGLE_FAMILY,"1404 Garden St Unit 2A, Austin, TX, 78702",Austin,TX,78702,30.256811,-97.731026,,26.0,,sold,2026-08-10T08:49:33.998180,1.0,3.0
7409001915,2993089802,SOLD,365000,,2.0,1.0,754.0,305.0,2018.0,CONDOS,"800 Embassy Dr Apt 113, Austin, TX, 78702",Austin,TX,78702,30.267459,-97.73239,535.0,76.0,,sold,2026-08-10T08:49:33.998180,2.0,1.0
9686973024,2994997628,SOLD,600000,,2.0,2.0,1080.0,3576.0,2020.0,CONDOS,"903 Mansell Ave Apt B, Austin, TX, 78702",Austin,TX,78702,30.259794,-97.696659,,37.0,,sold,2026-08-10T08:49:33.998180,,2.0
7754702169,2992229620,SOLD,335000,,1.0,1.0,748.0,492.0,2006.0,CONDOS,"2124 E 6th St Unit 212, Austin, TX, 78702",Austin,TX,78702,30.260737,-97.718835,197.0,97.0,,sold,2026-08-10T08:49:33.998180,1.0,1.0
7895753792,2989648680,SOLD,420000,,4.0,2.0,1248.0,6190.0,1938.0,SINGLE_FAMILY,"1133 Salina St, Austin, TX, 78702",Austin,TX,78702,30.268351,-97.720153,0.0,171.0,,sold,2026-08-10T08:49:33.998180,,1.0
7956504096,2994683357,SOLD,750000,,3.0,2.0,1992.0,6891.0,2018.0,SINGLE_FAMILY,"1106 Fiesta St, Austin, TX, 78702",Austin,TX,78702,30.266229,-97.705802,0.0,41.0,,sold,2026-08-10T08:49:33.998180,,1.0
9565543003,2991115376,SOLD,699900,,3.0,2.0,2213.0,6730.0,2022.0,SINGLE_FAMILY,"1110 3/4 Fiesta St Unit 1, Austin, TX, 78702",Austin,TX,78702,30.266644,-97.70562,0.0,128.0,,sold,2026-08-10T08:49:33.998180,2.0,3.0
8862478531,2993216025,SOLD,899000,,3.0,3.0,1797.0,4704.0,2016.0,SINGLE_FAMILY,"1903 E 17th St Unit A, Austin, TX, 78702",Austin,TX,78702,30.277694,-97.720446,,68.0,,sold,2026-08-10T08:49:33.998180,1.0,2.0
7929207480,2994725889,SOLD,1199000,,3.0,2.0,1739.0,6460.0,2010.0,SINGLE_FAMILY,"1605 Maple Ave, Austin, TX, 78702",Austin,TX,78702,30.277939,-97.715407,0.0,39.0,,sold,2026-08-10T08:49:33.998180,1.0,1.0
9327276571,2994983908,SOLD,575000,,2.0,2.0,991.0,2736.0,2019.0,CONDOS,"1905 E 16th St Unit 2, Austin, TX, 78702",Austin,TX,78702,30.276626,-97.720004,,31.0,,sold,2026-08-10T08:49:33.998180,1.0,2.0
8551834403,2994009769,SOLD,500000,,2.0,1.0,850.0,3136.0,2014.0,SINGLE_FAMILY,"2500 E 3rd St Unit B, Austin, TX, 78702",Austin,TX,78702,30.256313,-97.715697,,49.0,,sold,2026-08-10T08:49:33.998180,,1.0
8940413785,2994423725,SOLD,1250000,,3.0,2.0,2333.0,3916.0,2016.0,SINGLE_FAMILY,"2700 E 12th St, Austin, TX, 78702",Austin,TX,78702,30.275237,-97.711982,0.0,42.0,,sold,2026-08-10T08:49:33.998180,,2.0
8649004813,2991266692,SOLD,659000,,3.0,2.0,1756.0,4587.0,2018.0,CONDOS,"807 E 16th St Unit A, Austin, TX, 78702",Austin,TX,78702,30.27592,-97.73011,,118.0,,sold,2026-08-10T08:49:33.998180,1.0,2.0
7138455728,2991266551,SOLD,699000,,3.0,2.0,1869.0,9540.0,2018.0,CONDOS,"807 E 16th St Unit B, Austin, TX, 78702",Austin,TX,78702,30.27592,-97.73011,,118.0,,sold,2026-08-10T08:49:33.998180,,2.0
9180659123,2992446824,SOLD,875000,,3.0,2.0,1725.0,6952.0,2026.0,SINGLE_FAMILY,"1180 Ridgeway Dr Unit 2, Austin, TX, 78702",Austin,TX,78702,30.27437,-97.704399,,83.0,,sold,2026-08-10T08:49:33.998180,1.0,2.0
8445028930,2989382553,SOLD,425000,,,,,3337.0,,LAND,"66 Cross St, Austin, TX, 78702",Austin,TX,78702,30.256701,-97.732498,0.0,173.0,,sold,2026-08-10T08:49:33.998180,,
8744172066,2992967140,SOLD,1075000,,3.0,2.0,1710.0,5401.0,2007.0,SINGLE_FAMILY,"72 San Saba St, Austin, TX, 78702",Austin,TX,78702,30.251701,-97.71675,0.0,66.0,,sold,2026-08-10T08:49:33.998180,,1.0
7193054889,2994029996,SOLD,809500,,3.0,2.0,1886.0,2509.0,2018.0,SINGLE_FAMILY,"2602 E 13th St, Austin, TX, 78702",Austin,TX,78702,30.276051,-97.713004,0.0,45.0,,sold,2026-08-10T08:49:33.998180,,2.0
9725337176,2995845891,SOLD,1370000,,4.0,3.0,2072.0,3485.0,2026.0,SINGLE_FAMILY,"4713 Bolm Rd, Austin, TX, 78702",Austin,TX,78702,30.26125,-97.696693,,6.0,,sold,2026-08-10T08:49:33.998180,1.0,2.0
9381062568,2993191934,SOLD,874000,,3.0,2.0,1920.0,9496.0,2026.0,CONDOS,"1037 Nile St Unit 3, Austin, TX, 78702",Austin,TX,78702,30.268518,-97.712128,,56.0,,sold,2026-08-10T08:49:33.998180,1.0,3.0
7131402009,2991437715,SOLD,649900,,4.0,3.0,1463.0,3877.0,2008.0,CONDOS,"2206 E 14th St Unit 2, Austin, TX, 78702",Austin,TX,78702,30.276506,-97.716806,,107.0,,sold,2026-08-10T08:49:33.998180,,2.0
8159827078,2992979374,SOLD,1190000,,3.0,3.0,2408.0,7501.0,1930.0,SINGLE_FAMILY,"903 E 14th St, Austin, TX, 78702",Austin,TX,78702,30.274038,-97.730184,0.0,62.0,,sold,2026-08-10T08:49:33.998180,,2.0
8727294660,2988688589,SOLD,699000,,3.0,2.0,1065.0,5153.0,2025.0,SINGLE_FAMILY,"2515 Gonzales St, Austin, TX, 78702",Austin,TX,78702,30.261346,-97.712767,0.0,190.0,,sold,2026-08-10T08:49:33.998180,,1.0
8585867074,2990021514,SOLD,650000,,,,,9030.0,,LAND,"3023 Garwood St, Austin, TX, 78702",Austin,TX,78702,30.259872,-97.706339,,140.0,,sold,2026-08-10T08:49:33.998180,,
7961833126,2994592182,SOLD,595000,,3.0,2.0,1056.0,5802.0,1930.0,SINGLE_FAMILY,"2503 Bryan St, Austin, TX, 78702",Austin,TX,78702,30.266944,-97.715645,0.0,27.0,,sold,2026-08-10T08:49:33.998180,,1.0
9186529676,2991227263,SOLD,754900,,3.0,2.0,1488.0,12606.0,2026.0,SINGLE_FAMILY,"603 Vermont Rd Unit 2, Austin, TX, 78702",Austin,TX,78702,30.255253,-97.703003,0.0,105.0,,sold,2026-08-10T08:49:33.998180,1.0,2.0
7705622953,2991904213,SOLD,929000,,3.0,3.0,2082.0,4147.0,2013.0,SINGLE_FAMILY,"1910 E 10th St, Austin, TX, 78702",Austin,TX,78702,30.265,-97.720187,0.0,85.0,,sold,2026-08-10T08:49:33.998180,1.0,2.0
9380002127,2987587398,SOLD,725000,,2.0,2.0,1003.0,3354.0,2022.0,SINGLE_FAMILY,"1913 Canterbury St Unit 2, Austin, TX, 78702",Austin,TX,78702,30.254849,-97.72454,,211.0,,sold,2026-08-10T08:49:33.998180,1.0,2.0
7016766621,2983202898,SOLD,650000,,2.0,2.0,1280.0,1520.0,2006.0,CONDOS,"601 Brushy St Ste 106, Austin, TX, 78702",Austin,TX,78702,30.265613,-97.733144,721.0,338.0,,sold,2026-08-10T08:49:33.998180,2.0,3.0
8096624040,2994067677,SOLD,639000,,2.0,2.0,1204.0,3093.0,2007.0,SINGLE_FAMILY,"2107 E 13th St, Austin, TX, 78702",Austin,TX,78702,30.275027,-97.717474,0.0,32.0,,sold,2026-08-10T08:49:33.998180,1.0,2.0
7691624347,2993707860,SOLD,579000,,2.0,2.0,1080.0,5445.0,2019.0,CONDOS,"1102 Tillery St Unit 1, Austin, TX, 78702",Austin,TX,78702,30.26454,-97.703142,0.0,34.0,,sold,2026-08-10T08:49:33.998180,1.0,2.0
8829477875,2991672938,SOLD,460000,,1.0,1.0,1040.0,6778.0,1942.0,SINGLE_FAMILY,"2920 Prado St, Austin, TX, 78702",Austin,TX,78702,30.261578,-97.706687,0.0,89.0,,sold,2026-08-10T08:49:33.998180,,1.0
9773261831,2989990376,SOLD,725000,,2.0,2.0,1479.0,6852.0,2026.0,SINGLE_FAMILY,"1404 Garden St Unit 2B, Austin, TX, 78702",Austin,TX,78702,30.256811,-97.731026,,132.0,,sold,2026-08-10T08:49:33.998180,1.0,3.0
7327901717,2991370474,SOLD,509900,,3.0,2.0,1476.0,3197.0,2013.0,SINGLE_FAMILY,"2912 E 14th St Unit A, Austin, TX, 78702",Austin,TX,78702,30.277896,-97.707736,,99.0,,sold,2026-08-10T08:49:33.998180,1.0,2.0
8369006408,2993229484,SOLD,699000,,3.0,2.0,1342.0,8059.0,1950.0,SINGLE_FAMILY,"1706 Riverview St, Austin, TX, 78702",Austin,TX,78702,30.252426,-97.728377,0.0,44.0,,sold,2026-08-10T08:49:33.998180,,1.0
7646451454,2983790210,SOLD,775000,,3.0,2.0,1248.0,8250.0,1945.0,SINGLE_FAMILY,"1005 Holly St, Austin, TX, 78702",Austin,TX,78702,30.256591,-97.736024,0.0,317.0,,sold,2026-08-10T08:49:33.998180,,1.0
8398944442,2991560733,SOLD,650000,,3.0,1.0,1508.0,6804.0,1946.0,SINGLE_FAMILY,"2208 Canterbury St, Austin, TX, 78702",Austin,TX,78702,30.253928,-97.720701,0.0,90.0,,sold,2026-08-10T08:49:33.998180,,1.0
7361174886,2979406713,SOLD,625000,,3.0,2.0,1324.0,4125.0,2005.0,SINGLE_FAMILY,"1110 Juniper St, Austin, TX, 78702",Austin,TX,78702,30.269637,-97.7278,0.0,,,sold,2026-08-10T08:49:33.998180,,2.0
8663318389,2958426450,SOLD,674990,,2.0,1.0,1044.0,6460.0,1935.0,SINGLE_FAMILY,"1302 Garden St, Austin, TX, 78702",Austin,TX,78702,30.257337,-97.732272,0.0,,,sold,2026-08-10T08:49:33.998180,,1.0
8305791202,2993271117,SOLD,800000,,3.0,3.0,1850.0,3533.0,2010.0,SINGLE_FAMILY,"1600 Maple Ave Unit 1, Austin, TX, 78702",Austin,TX,78702,30.277569,-97.715856,0.0,40.0,,sold,2026-08-10T08:49:33.998180,,2.0
8469291168,2990020641,SOLD,625000,,3.0,2.0,1525.0,4182.0,2011.0,SINGLE_FAMILY,"1702 Miriam Ave, Austin, TX, 78702",Austin,TX,78702,30.279459,-97.711399,0.0,128.0,,sold,2026-08-10T08:49:33.998180,,1.0
7338910152,2989572593,SOLD,629000,,2.0,2.0,1285.0,5227.0,2025.0,SINGLE_FAMILY,"1197 Coleto St, Austin, TX, 78702",Austin,TX,78702,30.273988,-97.716679,0.0,146.0,,sold,2026-08-10T08:49:33.998180,,1.0
9524972418,2991923439,SOLD,865000,,3.0,2.0,1800.0,9962.0,2025.0,CONDOS,"3412 Gonzales St Unit 1, Austin, TX, 78702",Austin,TX,78702,30.258104,-97.702812,0.0,74.0,,sold,2026-08-10T08:49:33.998180,,2.0
8097506347,2999187235,FOR_SALE,3899000,,4.0,3.0,3034.0,7288.0,2015.0,SINGLE_FAMILY,"2108 Matthews Dr, Austin, TX, 78703",Austin,TX,78703,30.30176,-97.780362,0.0,7.0,1285.0,for_sale,2026-08-10T08:49:38.153145,,2.0
8645894989,2999225177,FOR_SALE,9500000,,6.0,6.0,6734.0,20865.0,2022.0,SINGLE_FAMILY,"2306 Bonita St, Austin, TX, 78703",Austin,TX,78703,30.3011,-97.761897,0.0,6.0,1411.0,for_sale,2026-08-10T08:49:38.153145,4.0,2.0
7140395882,2999170229,FOR_SALE,1875000,,3.0,2.0,1954.0,8429.0,1948.0,SINGLE_FAMILY,"2002 Meadowbrook Dr, Austin, TX, 78703",Austin,TX,78703,30.295884,-97.771514,0.0,8.0,960.0,for_sale,2026-08-10T08:49:38.153145,,1.0
7414524155,2999437606,FOR_SALE,1295000,,2.0,2.0,1584.0,6011.0,1938.0,SINGLE_FAMILY,"1512 W 30th St, Austin, TX, 78703",Austin,TX,78703,30.301832,-97.752479,0.0,2.0,818.0,for_sale,2026-08-10T08:49:38.153145,,1.0
7099432907,2998779233,FOR_SALE,2350000,,4.0,3.0,2368.0,5920.0,1915.0,SINGLE_FAMILY,"802 Blanco St, Austin, TX, 78703",Austin,TX,78703,30.274702,-97.756189,0.0,18.0,992.0,for_sale,2026-08-10T08:49:38.153145,,2.0
9555172237,2997658066,FOR_SALE,2675000,,4.0,3.0,2880.0,4356.0,2026.0,SINGLE_FAMILY,"1900 Matthews Dr, Austin, TX, 78703",Austin,TX,78703,30.299923,-97.78138,,45.0,929.0,for_sale,2026-08-10T08:49:38.153145,2.0,3.0
8552113579,2999379140,FOR_SALE,2950000,,4.0,4.0,4314.0,13865.0,2012.0,SINGLE_FAMILY,"2618 Pecos St, Austin, TX, 78703",Austin,TX,78703,30.30512,-97.770462,0.0,3.0,684.0,for_sale,2026-08-10T08:49:38.153145,2.0,1.0
8104216326,2999318363,FOR_SALE,1675000,,4.0,4.0,2590.0,6220.0,2015.0,SINGLE_FAMILY,"2413 Sharon Ln, Austin, TX, 78703",Austin,TX,78703,30.293799,-97.761247,0.0,4.0,647.0,for_sale,2026-08-10T08:49:38.153145,1.0,2.0
9937477027,2997460113,PENDING,999000,,2.0,2.0,1665.0,2235.0,2021.0,CONDOS,"2300 Enfield Rd Unit 304, Austin, TX, 78703",Austin,TX,78703,30.28799,-97.767294,406.0,52.0,600.0,for_sale,2026-08-10T08:49:38.153145,2.0,3.0
7754243636,2997074313,FOR_SALE,3995000,,4.0,3.0,4546.0,16200.0,1937.0,SINGLE_FAMILY,"1015 Gaston Ave, Austin, TX, 78703",Austin,TX,78703,30.293307,-97.749313,0.0,59.0,879.0,for_sale,2026-08-10T08:49:38.153145,1.0,2.0
8821119451,2998234977,FOR_SALE,3500000,,3.0,3.0,4372.0,4800.0,1977.0,TOWNHOMES,"3216 Tarryhollow Dr, Austin, TX, 78703",Austin,TX,78703,30.303425,-97.768695,200.0,33.0,801.0,for_sale,2026-08-10T08:49:38.153145,2.0,2.0
8259240537,2999346515,FOR_SALE,2100000,,4.0,3.0,3712.0,7318.0,2003.0,SINGLE_FAMILY,"1406 Mohle Dr, Austin, TX, 78703",Austin,TX,78703,30.299483,-97.751802,0.0,3.0,566.0,for_sale,2026-08-10T08:49:38.153145,2.0,2.0
9514289636,2997401506,FOR_SALE,4750000,,3.0,3.0,3615.0,348.0,2009.0,CONDOS,"300 Bowie St Ph 2, Austin, TX, 78703",Austin,TX,78703,30.268785,-97.753922,3338.0,53.0,1314.0,for_sale,2026-08-10T08:49:38.153145,3.0,2.0
7721856383,2997888879,FOR_SALE,2999990,,4.0,5.0,3426.0,7174.0,2026.0,SINGLE_FAMILY,"2705 Warren St, Austin, TX, 78703",Austin,TX,78703,30.309503,-97.763639,0.0,40.0,876.0,for_sale,2026-08-10T08:49:38.153145,,3.0
7731301815,2988913597,FOR_SALE,719000,,3.0,3.0,1860.0,,1968.0,CONDOS,"3200 Maywood Ave, Austin, TX, 78703",Austin,TX,78703,30.31002,-97.767436,485.0,261.0,387.0,for_sale,2026-08-10T08:49:38.153145,2.0,2.0
8099874400,2999433645,FOR_SALE,3150000,,5.0,5.0,3557.0,8799.0,2019.0,SINGLE_FAMILY,"2415 McCall Rd, Austin, TX, 78703",Austin,TX,78703,30.294494,-97.763406,0.0,2.0,886.0,for_sale,2026-08-10T08:49:38.153145,2.0,2.0
8473714962,2998704154,FOR_SALE,399000,,2.0,2.0,1017.0,1568.0,1985.0,CONDOS,"1506 Forest Trl Apt 101, Austin, TX, 78703",Austin,TX,78703,30.287588,-97.765804,393.0,20.0,392.0,for_sale,2026-08-10T08:49:38.153145,1.0,2.0
8284695285,2994746317,FOR_SALE,6525000,,6.0,5.0,6539.0,19541.0,1955.0,SINGLE_FAMILY,"2604 Wooldridge Dr, Austin, TX, 78703",Austin,TX,78703,30.295133,-97.751106,0.0,100.0,998.0,for_sale,2026-08-10T08:49:38.153145,2.0,2.0
9617767799,2998410734,PENDING,595000,,2.0,1.0,1520.0,1925.0,1971.0,CONDOS,"3500 Enfield Rd Apt E, Austin, TX, 78703",Austin,TX,78703,30.294653,-97.779984,475.0,29.0,391.0,for_sale,2026-08-10T08:49:38.153145,,2.0
7296875575,2994001332,FOR_SALE,2495000,,4.0,3.0,3413.0,6499.0,2007.0,SINGLE_FAMILY,"3712 Meredith St, Austin, TX, 78703",Austin,TX,78703,30.30004,-97.780405,0.0,115.0,731.0,for_sale,2026-08-10T08:49:38.153145,2.0,3.0
8965699935,2994755006,PENDING,1250000,,3.0,2.0,1799.0,11922.0,1956.0,SINGLE_FAMILY,"2404 Westover Rd, Austin, TX, 78703",Austin,TX,78703,30.302163,-97.761586,0.0,100.0,695.0,for_sale,2026-08-10T08:49:38.153145,2.0,1.0
8481235865,2997211947,FOR_SALE,1875000,,4.0,4.0,2900.0,10332.0,1948.0,SINGLE_FAMILY,"1904 Schulle Ave, Austin, TX, 78703",Austin,TX,78703,30.297685,-97.777063,0.0,58.0,647.0,for_sale,2026-08-10T08:49:38.153145,,1.0
9720233569,2998844971,FOR_SALE,3399950,,4.0,3.0,3090.0,5706.0,2026.0,SINGLE_FAMILY,"1102 Charlotte St, Austin, TX, 78703",Austin,TX,78703,30.28093,-97.76133,0.0,17.0,1100.0,for_sale,2026-08-10T08:49:38.153145,1.0,3.0
8004399055,2998309690,FOR_SALE,899000,,2.0,1.0,1544.0,10781.0,1953.0,SINGLE_FAMILY,"2004 Griswold Ln, Austin, TX, 78703",Austin,TX,78703,30.290298,-97.762714,0.0,31.0,582.0,for_sale,2026-08-10T08:49:38.153145,,1.0
7326562010,2994744395,FOR_SALE,5900000,,5.0,5.0,5102.0,8276.0,2025.0,SINGLE_FAMILY,"2521 Harris Blvd, Austin, TX, 78703",Austin,TX,78703,30.294677,-97.755254,0.0,100.0,1156.0,for_sale,2026-08-10T08:49:38.153145,1.0,3.0
8602685572,2996546421,FOR_SALE,1799950,,3.0,2.0,2032.0,9230.0,1931.0,SINGLE_FAMILY,"2206 Parkway, Austin, TX, 78703",Austin,TX,78703,30.286588,-97.755132,0.0,67.0,886.0,for_sale,2026-08-10T08:49:38.153145,2.0,1.0
8404020833,2992955136,FOR_SALE,5448000,,6.0,5.0,4767.0,8982.0,2026.0,SINGLE_FAMILY,"3411 Bridle Path, Austin, TX, 78703",Austin,TX,78703,30.295475,-97.778582,0.0,136.0,1143.0,for_sale,2026-08-10T08:49:38.153145,1.0,3.0
7474568852,2999239029,FOR_SALE,374900,,2.0,2.0,1031.0,1620.0,1981.0,CONDOS,"1404 Norwalk Ln Apt 204, Austin, TX, 78703",Austin,TX,78703,30.289603,-97.772199,337.0,6.0,364.0,for_sale,2026-08-10T08:49:38.153145,,1.0
8832490118,2992228037,PENDING,1275000,,2.0,2.0,1865.0,5955.0,1933.0,SINGLE_FAMILY,"1505 Wethersfield Rd, Austin, TX, 78703",Austin,TX,78703,30.285417,-97.762083,0.0,156.0,684.0,for_sale,2026-08-10T08:49:38.153145,,1.0
8353264620,2995668077,FOR_SALE,1585000,,3.0,2.0,2019.0,9453.0,1950.0,SINGLE_FAMILY,"2005 Bowman Ave, Austin, TX, 78703",Austin,TX,78703,30.294465,-97.760682,0.0,82.0,785.0,for_sale,2026-08-10T08:49:38.153145,2.0,1.0
7768550609,2997508631,PENDING,1895000,,4.0,4.0,3282.0,7318.0,1976.0,SINGLE_FAMILY,"3105 Pleasant Run Pl, Austin, TX, 78703",Austin,TX,78703,30.309114,-97.765972,0.0,50.0,577.0,for_sale,2026-08-10T08:49:38.153145,,2.0
7593736073,2990680584,FOR_SALE,1425000,,3.0,3.0,3075.0,2762.0,1992.0,SINGLE_FAMILY,"2716 Hillview Green Ln, Austin, TX, 78703",Austin,TX,78703,30.302911,-97.766418,165.0,194.0,463.0,for_sale,2026-08-10T08:49:38.153145,2.0,3.0
7389511004,2999419708,FOR_SALE,3650000,,5.0,4.0,3651.0,6761.0,2026.0,SINGLE_FAMILY,"1104 Maufrais St, Austin, TX, 78703",Austin,TX,78703,30.278857,-97.757365,0.0,2.0,1000.0,for_sale,2026-08-10T08:49:38.153145,2.0,3.0
7015382616,2998966859,FOR_SALE,1600000,,3.0,2.0,2241.0,553.0,2003.0,CONDOS,"800 W 5th St Apt 1105, Austin, TX, 78703",Austin,TX,78703,30.269664,-97.751262,1791.0,12.0,714.0,for_sale,2026-08-10T08:49:38.153145,2.0,1.0
8937790190,2991536166,FOR_SALE,6500000,,7.0,6.0,6647.0,26223.0,1925.0,SINGLE_FAMILY,"1411 W 10th St, Austin, TX, 78703",Austin,TX,78703,30.277659,-97.758525,0.0,178.0,978.0,for_sale,2026-08-10T08:49:38.153145,3.0,2.0
7414360570,2992104522,FOR_SALE,2000000,,3.0,2.0,2624.0,6316.0,1976.0,SINGLE_FAMILY,"3514 Bridle Path, Austin, TX, 78703",Austin,TX,78703,30.296642,-97.779852,0.0,158.0,762.0,for_sale,2026-08-10T08:49:38.153145,,2.0
7641073083,2993122905,FOR_SALE,7425000,,5.0,6.0,5300.0,13896.0,2019.0,SINGLE_FAMILY,"2308 Hartford Rd, Austin, TX, 78703",Austin,TX,78703,30.290191,-97.759639,0.0,131.0,1401.0,for_sale,2026-08-10T08:49:38.153145,3.0,2.0
8978902932,2998371643,FOR_SALE,6495000,,5.0,4.0,4647.0,16117.0,1940.0,SINGLE_FAMILY,"1012 Gaston Ave, Austin, TX, 78703",Austin,TX,78703,30.293865,-97.748521,0.0,30.0,1398.0,for_sale,2026-08-10T08:49:38.153145,2.0,3.0
8774257971,2998809334,PENDING,2785000,,4.0,4.0,3633.0,7653.0,2026.0,SINGLE_FAMILY,"1702 W 30th St, Austin, TX, 78703",Austin,TX,78703,30.302957,-97.75485,0.0,17.0,767.0,for_sale,2026-08-10T08:49:38.153145,1.0,2.0
8846651176,2991535061,PENDING,2200000,,4.0,2.0,3737.0,37636.0,1948.0,SINGLE_FAMILY,"1607 Sharon Ln, Austin, TX, 78703",Austin,TX,78703,30.28877,-97.76383,0.0,178.0,589.0,for_sale,2026-08-10T08:49:38.153145,2.0,3.0
8457914203,2992448089,PENDING,1100000,,4.0,1.0,2729.0,10986.0,1940.0,SINGLE_FAMILY,"2007 Sharon Ln, Austin, TX, 78703",Austin,TX,78703,30.291526,-97.762517,0.0,150.0,403.0,for_sale,2026-08-10T08:49:38.153145,2.0,2.0
7110061405,2996354300,FOR_SALE,1220000,,3.0,2.0,2133.0,6926.0,1948.0,SINGLE_FAMILY,"3401 Clearview Dr, Austin, TX, 78703",Austin,TX,78703,30.296922,-97.777063,0.0,69.0,572.0,for_sale,2026-08-10T08:49:38.153145,1.0,2.0
8119226521,2992948731,FOR_SALE,449000,,2.0,2.0,1251.0,1830.0,1972.0,CONDOS,"1115 W 10th St Apt 205, Austin, TX, 78703",Austin,TX,78703,30.275413,-97.754639,518.0,136.0,359.0,for_sale,2026-08-10T08:49:38.153145,,1.0
7020958536,2992518671,FOR_SALE,665000,,3.0,2.0,1415.0,3659.0,1968.0,CONDOS,"3201 Pecos St Apt 1, Austin, TX, 78703",Austin,TX,78703,30.310008,-97.76746,416.0,149.0,470.0,for_sale,2026-08-10T08:49:38.153145,,1.0
8332120094,2997568132,FOR_SALE,825000,,2.0,2.0,1460.0,3354.0,2012.0,CONDOS,"2822 Wooldridge Dr Unit B, Austin, TX, 78703",Austin,TX,78703,30.299582,-97.75075,121.0,47.0,565.0,for_sale,2026-08-10T08:49:38.153145,1.0,2.0
7373188521,2997906995,FOR_SALE,1099000,,4.0,4.0,2643.0,7231.0,1952.0,SINGLE_FAMILY,"2101 W 10th St, Austin, TX, 78703",Austin,TX,78703,30.281949,-97.767874,0.0,40.0,416.0,for_sale,2026-08-10T08:49:38.153145,,1.0
8276130936,2994448139,FOR_SALE,1145000,,3.0,2.0,1909.0,6007.0,1938.0,SINGLE_FAMILY,"1507 Wethersfield Rd, Austin, TX, 78703",Austin,TX,78703,30.285544,-97.76202,0.0,108.0,600.0,for_sale,2026-08-10T08:49:38.153145,,1.0
8923444912,2998950709,FOR_SALE,699000,,2.0,1.0,1146.0,1681.0,1979.0,TOWNHOMES,"1106 W 6th St Apt 206, Austin, TX, 78703",Austin,TX,78703,30.272511,-97.755399,772.0,13.0,610.0,for_sale,2026-08-10T08:49:38.153145,2.0,2.0
7466435613,2998222646,PENDING,1350000,,4.0,3.0,2544.0,9496.0,2008.0,SINGLE_FAMILY,"1800 Northwood Rd, Austin, TX, 78703",Austin,TX,78703,30.300939,-97.757176,0.0,33.0,531.0,for_sale,2026-08-10T08:49:38.153145,2.0,2.0
8892749636,2996263287,FOR_SALE,1145000,,3.0,3.0,1687.0,87.0,2007.0,CONDOS,"300 Bowie St Apt 1403, Austin, TX, 78703",Austin,TX,78703,30.268788,-97.753925,1147.0,71.0,679.0,for_sale,2026-08-10T08:49:38.153145,3.0,1.0
9518372042,2998577111,FOR_SALE,1450000,,5.0,3.0,3712.0,12327.0,1950.0,MULTI_FAMILY,"2323 Hartford Rd, Austin, TX, 78703",Austin,TX,78703,30.291016,-97.758667,0.0,24.0,391.0,for_sale,2026-08-10T08:49:38.153145,,2.0
8517855661,2979919495,FOR_SALE,850000,,2.0,2.0,1620.0,1847.0,1999.0,CONDOS,"1115 W 7th St Apt 202, Austin, TX, 78703",Austin,TX,78703,30.273299,-97.755738,822.0,266.0,525.0,for_sale,2026-08-10T08:49:38.153145,2.0,1.0
8469480249,2997695214,FOR_SALE,1349999,,3.0,3.0,2381.0,3345.0,2007.0,CONDOS,"1609 Hartford Rd Ste A, Austin, TX, 78703",Austin,TX,78703,30.28588,-97.760705,325.0,45.0,567.0,for_sale,2026-08-10T08:49:38.153145,2.0,3.0
7429050169,2993340508,FOR_SALE,1250000,,5.0,3.0,2203.0,6713.0,1935.0,SINGLE_FAMILY,"2301 W 10th St, Austin, TX, 78703",Austin,TX,78703,30.283378,-97.770745,0.0,125.0,567.0,for_sale,2026-08-10T08:49:38.153145,,2.0
8774257971,2997269250,FOR_SALE,2830000,,4.0,4.0,3633.0,7653.0,2026.0,SINGLE_FAMILY,"1702 W 30th St, Austin, TX, 78703",Austin,TX,78703,30.302957,-97.75485,0.0,57.0,779.0,for_sale,2026-08-10T08:49:38.153145,1.0,2.0
9744312248,2998201682,FOR_SALE,699000,,2.0,2.0,1217.0,17163.0,2020.0,CONDOS,"1715 Enfield Rd Unit 202, Austin, TX, 78703",Austin,TX,78703,30.284163,-97.761676,614.0,33.0,574.0,for_sale,2026-08-10T08:49:38.153145,2.0,1.0
7264486365,2994538302,FOR_SALE,367650,,1.0,1.0,565.0,13068.0,2007.0,CONDOS,"300 Bowie St Apt 902, Austin, TX, 78703",Austin,TX,78703,30.268788,-97.753925,505.0,105.0,651.0,for_sale,2026-08-10T08:49:38.153145,1.0,1.0
7906676382,2996360618,FOR_SALE,2995000,,4.0,4.0,2866.0,8451.0,1936.0,SINGLE_FAMILY,"1803 Palma Plz, Austin, TX, 78703",Austin,TX,78703,30.283624,-97.763303,0.0,69.0,1045.0,for_sale,2026-08-10T08:49:38.153145,,2.0
7768233405,2997016388,FOR_SALE,1175000,,3.0,2.0,1454.0,6534.0,1954.0,SINGLE_FAMILY,"605 Deep Eddy Ave, Austin, TX, 78703",Austin,TX,78703,30.279305,-97.771165,0.0,60.0,808.0,for_sale,2026-08-10T08:49:38.153145,1.0,1.0
7856080603,2993517253,FOR_SALE,1375000,,4.0,4.0,3240.0,3311.0,2005.0,CONDOS,"2207 Forest Trl Unit A, Austin, TX, 78703",Austin,TX,78703,30.295001,-97.766793,,121.0,424.0,for_sale,2026-08-10T08:49:38.153145,2.0,2.0
8314245068,2992079272,FOR_SALE,2095000,,5.0,3.0,3744.0,10019.0,2002.0,SINGLE_FAMILY,"2703 McCullough St, Austin, TX, 78703",Austin,TX,78703,30.301233,-97.766047,0.0,159.0,560.0,for_sale,2026-08-10T08:49:38.153145,2.0,2.0
8081055099,2995629407,FOR_SALE,243500,,2.0,1.0,876.0,1451.0,1963.0,CONDOS,"2208 Enfield Rd Unit 10500, Austin, TX, 78703",Austin,TX,78703,30.287928,-97.766656,350.0,82.0,278.0,for_sale,2026-08-10T08:49:38.153145,,1.0
8592158509,2998300486,FOR_SALE,390000,,3.0,2.0,1044.0,1590.0,1963.0,CONDOS,"1307 Norwalk Ln Apt 203, Austin, TX, 78703",Austin,TX,78703,30.28828,-97.77221,500.0,31.0,374.0,for_sale,2026-08-10T08:49:38.153145,,1.0
7461311103,2991836065,FOR_SALE,2500000,,4.0,3.0,3870.0,9030.0,1907.0,SINGLE_FAMILY,"613 Baylor St, Austin, TX, 78703",Austin,TX,78703,30.27288,-97.754019,0.0,167.0,646.0,for_sale,2026-08-10T08:49:38.153145,2.0,2.0
7453356458,2993600071,FOR_SALE,1400000,,3.0,2.0,2747.0,6621.0,2006.0,CONDOS,"1205 Norwalk Ln Apt D, Austin, TX, 78703",Austin,TX,78703,30.287473,-97.772534,576.0,118.0,510.0,for_sale,2026-08-10T08:49:38.153145,2.0,2.0
7818479268,2985753677,PENDING,1650000,,8.0,4.0,3944.0,11570.0,1950.0,MULTI_FAMILY,"1703 Summit Vw, Austin, TX, 78703",Austin,TX,78703,30.284752,-97.760318,0.0,348.0,418.0,for_sale,2026-08-10T08:49:38.153145,,2.0
8290432131,2994662380,FOR_SALE,995000,,3.0,2.0,1624.0,9291.0,1957.0,SINGLE_FAMILY,"1803 Mohle Dr, Austin, TX, 78703",Austin,TX,78703,30.301556,-97.7573,0.0,101.0,613.0,for_sale,2026-08-10T08:49:38.153145,,1.0
7840389166,2990715032,FOR_SALE,1269000,,2.0,2.0,2215.0,553.0,2003.0,CONDOS,"800 W 5th St Apt 1104, Austin, TX, 78703",Austin,TX,78703,30.269664,-97.751262,2154.0,193.0,573.0,for_sale,2026-08-10T08:49:38.153145,2.0,2.0
7099223922,2997353742,FOR_SALE,625000,,2.0,1.0,846.0,3049.0,2019.0,SINGLE_FAMILY,"1903 W 30th St Unit B, Austin, TX, 78703",Austin,TX,78703,30.303711,-97.75746,,54.0,739.0,for_sale,2026-08-10T08:49:38.153145,,1.0
8990670806,2991707817,FOR_SALE,724000,,3.0,3.0,1725.0,4487.0,1968.0,CONDOS,"3200 Maywood Ave Unit A, Austin, TX, 78703",Austin,TX,78703,30.309794,-97.767301,485.0,171.0,420.0,for_sale,2026-08-10T08:49:38.153145,,3.0
7765729770,2998030036,FOR_SALE,167000,,1.0,1.0,300.0,614.0,1972.0,CONDOS,"1111 W 10th St Apt 104, Austin, TX, 78703",Austin,TX,78703,30.27528,-97.754384,225.0,38.0,557.0,for_sale,2026-08-10T08:49:38.153145,,1.0
7756643697,2987873968,FOR_SALE,689000,,2.0,2.0,1462.0,1568.0,1983.0,CONDOS,"1506 W 13th St Apt 1, Austin, TX, 78703",Austin,TX,78703,30.280846,-97.757241,707.0,283.0,471.0,for_sale,2026-08-10T08:49:38.153145,1.0,1.0
7752787116,2996682316,PENDING,945000,,2.0,1.0,1316.0,5506.0,1948.0,SINGLE_FAMILY,"1701 W 33rd St, Austin, TX, 78703",Austin,TX,78703,30.305175,-97.753406,0.0,65.0,718.0,for_sale,2026-08-10T08:49:38.153145,1.0,1.0
7876015407,2994015720,FOR_SALE,549900,,1.0,1.0,1161.0,279.0,2003.0,CONDOS,"800 W 5th St Apt 906, Austin, TX, 78703",Austin,TX,78703,30.269664,-97.751262,1230.0,115.0,474.0,for_sale,2026-08-10T08:49:38.153145,1.0,1.0
8488733137,2995741984,FOR_SALE,415000,,2.0,1.0,951.0,2143.0,1981.0,CONDOS,"2500 Enfield Rd Apt 9, Austin, TX, 78703",Austin,TX,78703,30.289586,-97.769562,332.0,80.0,436.0,for_sale,2026-08-10T08:49:38.153145,2.0,2.0
7809330923,2991554473,FOR_SALE,2895000,,6.0,5.0,6885.0,18966.0,1942.0,SINGLE_FAMILY,"2413 Enfield Rd, Austin, TX, 78703",Austin,TX,78703,30.288816,-97.769854,0.0,177.0,420.0,for_sale,2026-08-10T08:49:38.153145,2.0,3.0
9286878201,2999403225,FOR_SALE,3100000,,3.0,3.0,3003.0,8503.0,2024.0,SINGLE_FAMILY,"1315 W 9th St Unit B, Austin, TX, 78703",Austin,TX,78703,30.2761,-97.758225,,2.0,1032.0,for_sale,2026-08-10T08:49:38.153145,2.0,3.0
7439492337,2988530653,FOR_SALE,1100000,,4.0,3.0,2606.0,9474.0,1952.0,SINGLE_FAMILY,"2902 Oakmont Blvd, Austin, TX, 78703",Austin,TX,78703,30.303318,-97.757633,0.0,269.0,422.0,for_sale,2026-08-10T08:49:38.153145,,2.0
8004664472,2995408417,FOR_SALE,425000,,1.0,1.0,933.0,2121.0,1979.0,CONDOS,"606 W Lynn St Apt 13, Austin, TX, 78703",Austin,TX,78703,30.275801,-97.76265,538.0,87.0,456.0,for_sale,2026-08-10T08:49:38.153145,,1.0
8608069658,2992440001,FOR_SALE,1495000,,3.0,3.0,2196.0,436.0,2018.0,SINGLE_FAMILY,"1410 Woodlawn Blvd Apt B, Austin, TX, 78703",Austin,TX,78703,30.283467,-97.76069,269.0,150.0,681.0,for_sale,2026-08-10T08:49:38.153145,2.0,3.0
8692021299,2993606398,FOR_SALE,549000,,2.0,2.0,1146.0,2605.0,1979.0,CONDOS,"606 W Lynn St Apt 21, Austin, TX, 78703",Austin,TX,78703,30.275801,-97.76265,680.0,118.0,479.0,for_sale,2026-08-10T08:49:38.153145,,2.0
7958592395,2997263232,PENDING,2495000,,4.0,3.0,3132.0,7170.0,2001.0,SINGLE_FAMILY,"2801 Warren St, Austin, TX, 78703",Austin,TX,78703,30.309688,-97.764042,0.0,57.0,797.0,for_sale,2026-08-10T08:49:38.153145,2.0,2.0
7733119961,2994485115,FOR_SALE,3200000,,,,,22978.0,,LAND,"2511 Bridle Path, Austin, TX, 78703",Austin,TX,78703,30.290596,-97.770062,,107.0,,for_sale,2026-08-10T08:49:38.153145,,
7288525801,2991245281,PENDING,329000,,1.0,1.0,773.0,1233.0,2012.0,CONDOS,"1603 Enfield Rd Ste 211, Austin, TX, 78703",Austin,TX,78703,30.282627,-97.75828,331.0,185.0,426.0,for_sale,2026-08-10T08:49:38.153145,1.0,1.0
8329768000,2994923693,PENDING,1189000,,3.0,1.0,1676.0,6403.0,1947.0,SINGLE_FAMILY,"3207 Bridle Path, Austin, TX, 78703",Austin,TX,78703,30.293868,-97.775159,0.0,95.0,709.0,for_sale,2026-08-10T08:49:38.153145,,1.0
8411347703,2999475418,FOR_SALE,399000,,2.0,2.0,1048.0,1542.0,1982.0,CONDOS,"1610 Waterston Ave Apt 11, Austin, TX, 78703",Austin,TX,78703,30.281228,-97.759374,120.0,0.0,381.0,for_sale,2026-08-10T08:49:38.153145,,2.0
8888613117,2995509055,FOR_SALE,730000,,2.0,2.0,1061.0,105.0,2007.0,CONDOS,"300 Bowie St Apt 1305, Austin, TX, 78703",Austin,TX,78703,30.268788,-97.753925,857.0,85.0,688.0,for_sale,2026-08-10T08:49:38.153145,2.0,1.0
7742734574,2994057148,FOR_SALE,430000,,2.0,2.0,967.0,1494.0,1983.0,CONDOS,"2508 Enfield Rd Apt 11, Austin, TX, 78703",Austin,TX,78703,30.28996,-97.770198,306.0,114.0,445.0,for_sale,2026-08-10T08:49:38.153145,2.0,1.0
9987319083,2990051918,FOR_SALE,1399000,,6.0,4.0,3031.0,4792.0,1930.0,MULTI_FAMILY,"707 Highland Ave, Austin, TX, 78703",Austin,TX,78703,30.276201,-97.760162,0.0,214.0,462.0,for_sale,2026-08-10T08:49:38.153145,,1.0
9131046106,2998505871,FOR_SALE,1395000,,6.0,4.0,3570.0,8930.0,2006.0,MULTI_FAMILY,"1907 W 30th St, Austin, TX, 78703",Austin,TX,78703,30.303434,-97.757935,0.0,26.0,391.0,for_sale,2026-08-10T08:49:38.153145,2.0,2.0
7072564163,2997436222,PENDING,1350000,,3.0,2.0,1919.0,3006.0,2003.0,SINGLE_FAMILY,"610 Oakland Ave, Austin, TX, 78703",Austin,TX,78703,30.27508,-97.760565,0.0,52.0,703.0,for_sale,2026-08-10T08:49:38.153145,1.0,3.0
7030137331,2995248690,FOR_SALE,990000,,1.0,1.0,962.0,1529.0,1981.0,CONDOS,"1111 W 12th St Apt 108, Austin, TX, 78703",Austin,TX,78703,30.277327,-97.753763,740.0,89.0,1029.0,for_sale,2026-08-10T08:49:38.153145,,1.0
7733119961,2995682081,FOR_SALE,3200000,,5.0,4.0,2486.0,22978.0,1948.0,SINGLE_FAMILY,"2511 Bridle Path, Austin, TX, 78703",Austin,TX,78703,30.290596,-97.770062,0.0,81.0,1287.0,for_sale,2026-08-10T08:49:38.153145,,1.0
8197567512,2998488447,FOR_SALE,265000,,0.0,1.0,373.0,653.0,1972.0,CONDOS,"1405 Hartford Rd Apt 103, Austin, TX, 78703",Austin,TX,78703,30.284019,-97.762428,300.0,26.0,710.0,for_sale,2026-08-10T08:49:38.153145,,1.0
9981208255,2990103707,FOR_SALE,1395000,,2.0,2.0,1579.0,,2021.0,CONDOS,"1603 Woodlawn Blvd Unit D, Austin, TX, 78703",Austin,TX,78703,30.284811,-97.759191,405.0,213.0,883.0,for_sale,2026-08-10T08:49:38.153145,,3.0
8784999978,2998515143,FOR_SALE,1350000,,3.0,3.0,1631.0,166.0,2007.0,CONDOS,"300 Bowie St Apt 4101, Austin, TX, 78703",Austin,TX,78703,30.268788,-97.753925,1158.0,25.0,828.0,for_sale,2026-08-10T08:49:38.153145,4.0,1.0
9005292867,2994390517,FOR_SALE,2150000,,3.0,2.0,2302.0,3546.0,2025.0,SINGLE_FAMILY,"1406 W 9th St Unit 802, Austin, TX, 78703",Austin,TX,78703,30.276691,-97.758377,700.0,109.0,934.0,for_sale,2026-08-10T08:49:38.153145,2.0,2.0
7597648997,2990597381,FOR_SALE,1725000,,3.0,3.0,3057.0,2866.0,1985.0,SINGLE_FAMILY,"2702 Hillview Green Ln, Austin, TX, 78703",Austin,TX,78703,30.302904,-97.765439,150.0,198.0,564.0,for_sale,2026-08-10T08:49:38.153145,2.0,3.0
8282049404,2990173226,FOR_SALE,1449000,,3.0,3.0,1550.0,5580.0,1979.0,SINGLE_FAMILY,"1809 W 10th St, Austin, TX, 78703",Austin,TX,78703,30.281044,-97.764703,0.0,211.0,935.0,for_sale,2026-08-10T08:49:38.153145,2.0,1.0
8887680979,2994363384,FOR_SALE,399900,,2.0,2.0,1028.0,1324.0,1983.0,CONDOS,"2605 Enfield Rd Apt 221, Austin, TX, 78703",Austin,TX,78703,30.290065,-97.771932,357.0,110.0,389.0,for_sale,2026-08-10T08:49:38.153145,1.0,2.0
8419168996,2997880429,SOLD,1600000,,3.0,2.0,2240.0,9043.0,1951.0,SINGLE_FAMILY,"2205 Scenic Dr, Austin, TX, 78703",Austin,TX,78703,30.302464,-97.780384,0.0,35.0,,sold,2026-08-10T08:49:42.410763,2.0,1.0
8068364380,2992948736,SOLD,1850000,,4.0,3.0,3547.0,10019.0,1956.0,SINGLE_FAMILY,"2517 Exposition Blvd, Austin, TX, 78703",Austin,TX,78703,30.299081,-97.766358,0.0,129.0,,sold,2026-08-10T08:49:42.410763,,2.0
7011276209,2997854007,SOLD,1700000,,4.0,3.0,2623.0,8211.0,2014.0,SINGLE_FAMILY,"3201 Glenview Ave, Austin, TX, 78703",Austin,TX,78703,30.304065,-97.752942,0.0,34.0,,sold,2026-08-10T08:49:42.410763,1.0,2.0
1872108627,2991984162,SOLD,674000,,3.0,2.0,2086.0,9126.0,2004.0,CONDOS,"2009 Winsted Ln Unit A, Austin, TX, 78703",Austin,TX,78703,30.2911,-97.761238,0.0,153.0,,sold,2026-08-10T08:49:42.410763,1.0,2.0
7376312012,2994468875,SOLD,400000,,2.0,2.0,1085.0,1786.0,1960.0,CONDOS,"1210 Windsor Rd Apt 104, Austin, TX, 78703",Austin,TX,78703,30.278857,-97.75437,709.0,96.0,,sold,2026-08-10T08:49:42.410763,,1.0
7870723643,2993533779,SOLD,775000,,1.0,2.0,1538.0,362.0,2003.0,CONDOS,"800 W 5th St Apt 703, Austin, TX, 78703",Austin,TX,78703,30.269664,-97.751262,1534.0,110.0,,sold,2026-08-10T08:49:42.410763,,1.0
8961316218,2991610225,SOLD,585000,,3.0,2.0,1716.0,4164.0,1976.0,CONDOS,"2614 Jefferson St Unit B, Austin, TX, 78703",Austin,TX,78703,30.298599,-97.757644,,161.0,,sold,2026-08-10T08:49:42.410763,,2.0
1591689869,2990742874,SOLD,899000,,3.0,2.0,1800.0,,2007.0,TOWNHOMES,"2506 Enfield Rd Apt B, Austin, TX, 78703",Austin,TX,78703,30.289379,-97.769966,367.0,178.0,,sold,2026-08-10T08:49:42.410763,2.0,2.0
8083757323,2997430407,SOLD,3499000,,5.0,6.0,4197.0,9509.0,2026.0,SINGLE_FAMILY,"1904 Sharon Ln, Austin, TX, 78703",Austin,TX,78703,30.291104,-97.763494,0.0,35.0,,sold,2026-08-10T08:49:42.410763,2.0,2.0
8963680757,2987163836,SOLD,8495000,,6.0,7.0,10588.0,23305.0,1983.0,SINGLE_FAMILY,"3614 Murillo Cir, Austin, TX, 78703",Austin,TX,78703,30.305334,-97.773762,25.0,286.0,,sold,2026-08-10T08:49:42.410763,3.0,3.0
7817849202,2996678911,SOLD,689900,,2.0,2.0,1845.0,3472.0,2006.0,CONDOS,"2109 Newfield Ln Unit A, Austin, TX, 78703",Austin,TX,78703,30.288352,-97.760978,,40.0,,sold,2026-08-10T08:49:42.410763,1.0,2.0
8402585651,2995031956,SOLD,1195000,,3.0,2.0,2007.0,9370.0,1948.0,SINGLE_FAMILY,"18 Margranita Cres, Austin, TX, 78703",Austin,TX,78703,30.298233,-97.75942,0.0,66.0,,sold,2026-08-10T08:49:42.410763,,1.0
7295918033,2998654811,SOLD,950000,,2.0,1.0,1144.0,6517.0,1923.0,SINGLE_FAMILY,"1014 Shelley Ave, Austin, TX, 78703",Austin,TX,78703,30.278114,-97.755805,0.0,,,sold,2026-08-10T08:49:42.410763,1.0,1.0
8723352694,2997056958,SOLD,1695000,,4.0,3.0,2176.0,7231.0,1939.0,SINGLE_FAMILY,"3100 Kerbey Ln, Austin, TX, 78703",Austin,TX,78703,30.303014,-97.753103,0.0,28.0,,sold,2026-08-10T08:49:42.410763,,1.0
7124974599,2997052323,SOLD,1995000,,4.0,5.0,3720.0,11905.0,1982.0,SINGLE_FAMILY,"2703 Maria Anna Rd, Austin, TX, 78703",Austin,TX,78703,30.30542,-97.76853,0.0,27.0,,sold,2026-08-10T08:49:42.410763,2.0,2.0
7978194281,2992853600,SOLD,2760000,,4.0,4.0,4246.0,16453.0,1965.0,SINGLE_FAMILY,"3100 Pecos St, Austin, TX, 78703",Austin,TX,78703,30.309237,-97.768297,0.0,106.0,,sold,2026-08-10T08:49:42.410763,,2.0
8933518577,2990000475,SOLD,409000,,3.0,2.0,1000.0,1525.0,1963.0,CONDOS,"1307 Norwalk Ln Apt 206, Austin, TX, 78703",Austin,TX,78703,30.28828,-97.772217,500.0,182.0,,sold,2026-08-10T08:49:42.410763,,1.0
8771075845,2995706496,SOLD,2800000,,5.0,3.0,3511.0,17929.0,1939.0,SINGLE_FAMILY,"1311 Kent Ln, Austin, TX, 78703",Austin,TX,78703,30.286289,-97.768046,0.0,47.0,,sold,2026-08-10T08:49:42.410763,2.0,2.0
7011499804,2997086801,SOLD,4100000,,4.0,4.0,4108.0,12981.0,2019.0,SINGLE_FAMILY,"2702 Mountain Laurel Dr, Austin, TX, 78703",Austin,TX,78703,30.3063,-97.765055,0.0,25.0,,sold,2026-08-10T08:49:42.410763,2.0,1.0
7762159057,2994290288,SOLD,1950000,,5.0,3.0,3239.0,6560.0,1919.0,SINGLE_FAMILY,"1006 Shelley Ave, Austin, TX, 78703",Austin,TX,78703,30.277633,-97.756107,0.0,77.0,,sold,2026-08-10T08:49:42.410763,,1.0
8268538251,2989399083,SOLD,1990000,,3.0,2.0,3387.0,6443.0,2001.0,CONDOS,"1231 Parkway Unit 2, Austin, TX, 78703",Austin,TX,78703,30.278703,-97.751527,0.0,201.0,,sold,2026-08-10T08:49:42.410763,2.0,3.0
7705207770,2994780350,SOLD,2350000,,4.0,3.0,3165.0,9845.0,1945.0,SINGLE_FAMILY,"2401 Jarratt Ave, Austin, TX, 78703",Austin,TX,78703,30.291252,-97.757609,0.0,58.0,,sold,2026-08-10T08:49:42.410763,1.0,2.0
8268335537,2993197997,SOLD,999995,,4.0,5.0,2860.0,7492.0,1943.0,MULTI_FAMILY,"1403 Newfield Ln, Austin, TX, 78703",Austin,TX,78703,30.284392,-97.763448,0.0,88.0,,sold,2026-08-10T08:49:42.410763,,1.0
8695495959,2995010323,SOLD,2595000,,5.0,4.0,4064.0,11979.0,1972.0,SINGLE_FAMILY,"2609 Maria Anna Rd, Austin, TX, 78703",Austin,TX,78703,30.304307,-97.76723,0.0,51.0,,sold,2026-08-10T08:49:42.410763,2.0,2.0
7762244961,2992872221,SOLD,2499000,,4.0,3.0,3733.0,7789.0,2000.0,SINGLE_FAMILY,"2206 W 11th St, Austin, TX, 78703",Austin,TX,78703,30.284586,-97.769216,0.0,96.0,,sold,2026-08-10T08:49:42.410763,2.0,2.0
7947287332,2996055427,SOLD,1395000,,4.0,3.0,2493.0,8181.0,1939.0,SINGLE_FAMILY,"2207 Mountain View Rd, Austin, TX, 78703",Austin,TX,78703,30.29762,-97.770954,0.0,28.0,,sold,2026-08-10T08:49:42.410763,2.0,2.0
8608462922,2986473910,SOLD,495000,,2.0,1.0,1164.0,8181.0,1938.0,SINGLE_FAMILY,"1811 Palma Plz, Austin, TX, 78703",Austin,TX,78703,30.283992,-97.763877,0.0,280.0,,sold,2026-08-10T08:49:42.410763,,1.0
7976729536,2988031668,SOLD,895000,,4.0,2.0,2366.0,13870.0,1958.0,MULTI_FAMILY,"2326 Hartford Rd, Austin, TX, 78703",Austin,TX,78703,30.291241,-97.759278,0.0,,,sold,2026-08-10T08:49:42.410763,2.0,1.0
7513314058,2994501072,SOLD,889000,,3.0,3.0,1800.0,6761.0,1977.0,SINGLE_FAMILY,"2802 Warren St Unit B, Austin, TX, 78703",Austin,TX,78703,30.310055,-97.763844,,60.0,,sold,2026-08-10T08:49:42.410763,2.0,1.0
8571996625,2995769175,SOLD,1495000,,2.0,2.0,1652.0,6752.0,1940.0,SINGLE_FAMILY,"1517 W 29th St, Austin, TX, 78703",Austin,TX,78703,30.300755,-97.753568,0.0,32.0,,sold,2026-08-10T08:49:42.410763,2.0,1.0
8994753522,2992591717,SOLD,749000,,2.0,2.0,1410.0,1616.0,1981.0,CONDOS,"1501 W 6th St, Austin, TX, 78703",Austin,TX,78703,30.273796,-97.761742,812.0,98.0,,sold,2026-08-10T08:49:42.410763,,1.0
8115321577,2992190916,SOLD,1249000,,3.0,3.0,2494.0,2670.0,1983.0,CONDOS,"1506 W 13th St Apt 11, Austin, TX, 78703",Austin,TX,78703,30.280846,-97.757241,1255.0,107.0,,sold,2026-08-10T08:49:42.410763,1.0,1.0
7693657437,2991455151,SOLD,3250000,,4.0,4.0,3267.0,7841.0,2022.0,SINGLE_FAMILY,"1601 Woodlawn Blvd, Austin, TX, 78703",Austin,TX,78703,30.284685,-97.759303,0.0,125.0,,sold,2026-08-10T08:49:42.410763,2.0,2.0
8638125483,2991848021,SOLD,2495000,,4.0,3.0,2487.0,8368.0,1942.0,SINGLE_FAMILY,"1519 W 29th St, Austin, TX, 78703",Austin,TX,78703,30.30083,-97.753723,0.0,110.0,,sold,2026-08-10T08:49:42.410763,,2.0
7443079130,2994085894,SOLD,1275000,,3.0,3.0,1721.0,5881.0,1937.0,SINGLE_FAMILY,"1704 Wethersfield Rd, Austin, TX, 78703",Austin,TX,78703,30.287053,-97.76154,0.0,58.0,,sold,2026-08-10T08:49:42.410763,,1.0
8638905959,2985224569,SOLD,8500000,,4.0,5.0,3724.0,15351.0,1968.0,SINGLE_FAMILY,"2908 Scenic Dr, Austin, TX, 78703",Austin,TX,78703,30.310476,-97.770793,0.0,304.0,,sold,2026-08-10T08:49:42.410763,2.0,2.0
7658928513,2994700932,SOLD,945000,,3.0,3.0,2186.0,3716.0,2007.0,CONDOS,"3301 Pecos St Apt A, Austin, TX, 78703",Austin,TX,78703,30.310384,-97.767529,250.0,42.0,,sold,2026-08-10T08:49:42.410763,1.0,2.0
8378996310,2992003509,SOLD,649000,,2.0,1.0,1520.0,1925.0,1971.0,CONDOS,"3500 Enfield Rd Apt F, Austin, TX, 78703",Austin,TX,78703,30.294588,-97.780024,475.0,102.0,,sold,2026-08-10T08:49:42.410763,,2.0
8962755926,2987415169,SOLD,809900,,4.0,4.0,2481.0,9879.0,1942.0,SINGLE_FAMILY,"1804 Northwood Rd, Austin, TX, 78703",Austin,TX,78703,30.30111,-97.757474,0.0,235.0,,sold,2026-08-10T08:49:42.410763,,1.0
7057494873,2991143539,SOLD,895000,,2.0,2.0,1506.0,392.0,2003.0,CONDOS,"800 W 5th St Apt 1001, Austin, TX, 78703",Austin,TX,78703,30.269664,-97.751262,1581.0,125.0,,sold,2026-08-10T08:49:42.410763,2.0,1.0
7721431937,2992733112,SOLD,2499900,,5.0,3.0,3964.0,12750.0,1940.0,SINGLE_FAMILY,"3107 Beverly Rd, Austin, TX, 78703",Austin,TX,78703,30.30423,-97.755505,0.0,77.0,,sold,2026-08-10T08:49:42.410763,,2.0
7489977385,2994860262,SOLD,625000,,3.0,2.0,1439.0,3454.0,1958.0,CONDOS,"1507 Elton Ln Apt B, Austin, TX, 78703",Austin,TX,78703,30.289022,-97.768076,250.0,29.0,,sold,2026-08-10T08:49:42.410763,,2.0
8280618777,2994601534,SOLD,1375000,,3.0,2.0,1710.0,6669.0,1929.0,SINGLE_FAMILY,"1509 Palma Plz, Austin, TX, 78703",Austin,TX,78703,30.281306,-97.757355,0.0,35.0,,sold,2026-08-10T08:49:42.410763,,2.0
8606999128,2994814358,SOLD,2500000,,3.0,3.0,3536.0,14941.0,1957.0,SINGLE_FAMILY,"1307 Elton Ln, Austin, TX, 78703",Austin,TX,78703,30.286684,-97.769425,0.0,29.0,,sold,2026-08-10T08:49:42.410763,1.0,2.0
8614554331,2986240755,SOLD,1275000,,4.0,4.0,2658.0,11439.0,1951.0,SINGLE_FAMILY,"2606 Westover Rd, Austin, TX, 78703",Austin,TX,78703,30.303023,-97.763284,0.0,265.0,,sold,2026-08-10T08:49:42.410763,2.0,1.0
8333809688,2991593473,SOLD,1995000,,5.0,3.0,3904.0,10629.0,2010.0,SINGLE_FAMILY,"2401 Westover Rd, Austin, TX, 78703",Austin,TX,78703,30.301446,-97.76163,0.0,102.0,,sold,2026-08-10T08:49:42.410763,2.0,2.0
8705136465,2987930652,SOLD,3500000,,4.0,4.0,4892.0,11099.0,1942.0,SINGLE_FAMILY,"1510 Gaston Ave, Austin, TX, 78703",Austin,TX,78703,30.297102,-97.755783,0.0,208.0,,sold,2026-08-10T08:49:42.410763,2.0,2.0
8054220623,2993039907,SOLD,824995,,2.0,2.0,1366.0,1995.0,2015.0,TOWNHOMES,"1205 Elm St Apt 8, Austin, TX, 78703",Austin,TX,78703,30.280165,-97.757646,265.0,61.0,,sold,2026-08-10T08:49:42.410763,2.0,2.0
7860347998,2991973583,SOLD,745000,,2.0,1.0,1008.0,3690.0,1928.0,SINGLE_FAMILY,"900 W Lynn St, Austin, TX, 78703",Austin,TX,78703,30.277553,-97.761134,0.0,90.0,,sold,2026-08-10T08:49:42.410763,,1.0
7130431354,2992442436,SOLD,2469000,,4.0,3.0,3221.0,6926.0,2024.0,SINGLE_FAMILY,"2001 Forest Trl, Austin, TX, 78703",Austin,TX,78703,30.293381,-97.76724,0.0,77.0,,sold,2026-08-10T08:49:42.410763,2.0,2.0
7120533135,2994345655,SOLD,1300000,,3.0,2.0,1732.0,6377.0,1987.0,SINGLE_FAMILY,"1803 Schulle Ave, Austin, TX, 78703",Austin,TX,78703,30.296373,-97.776806,0.0,36.0,,sold,2026-08-10T08:49:42.410763,2.0,2.0
8615170791,2988224563,SOLD,1895000,,3.0,2.0,2034.0,9714.0,2012.0,SINGLE_FAMILY,"3705 Bridle Path, Austin, TX, 78703",Austin,TX,78703,30.297052,-97.781918,0.0,195.0,,sold,2026-08-10T08:49:42.410763,,1.0
7104419726,2995056336,SOLD,1895000,,4.0,3.0,2554.0,11970.0,1946.0,SINGLE_FAMILY,"Austin, TX, 78703",Austin,TX,78703,30.294277,-97.762362,0.0,11.0,,sold,2026-08-10T08:49:42.410763,2.0,1.0
8281227443,2992969119,SOLD,1250000,,3.0,2.0,2097.0,7275.0,1940.0,SINGLE_FAMILY,"3100 Harris Blvd, Austin, TX, 78703",Austin,TX,78703,30.302074,-97.751218,0.0,55.0,,sold,2026-08-10T08:49:42.410763,,1.0
8867870019,2994679788,SOLD,1650000,,4.0,3.0,2674.0,7388.0,1939.0,SINGLE_FAMILY,"2101 Elton Ln, Austin, TX, 78703",Austin,TX,78703,30.29365,-97.766081,0.0,19.0,,sold,2026-08-10T08:49:42.410763,2.0,2.0
8923806199,2991653967,SOLD,1590000,,3.0,2.0,2522.0,8551.0,1945.0,SINGLE_FAMILY,"1704 W 34th St, Austin, TX, 78703",Austin,TX,78703,30.307199,-97.752643,0.0,91.0,,sold,2026-08-10T08:49:42.410763,,2.0
8174804624,2992219289,SOLD,1149000,,3.0,3.0,1704.0,174.0,2009.0,CONDOS,"300 Bowie St Apt 2602, Austin, TX, 78703",Austin,TX,78703,30.268788,-97.753925,1212.0,74.0,,sold,2026-08-10T08:49:42.410763,2.0,1.0
7154817802,2993487459,SOLD,1250000,,3.0,2.0,1930.0,8250.0,1939.0,SINGLE_FAMILY,"1614 Preston Ave, Austin, TX, 78703",Austin,TX,78703,30.298697,-97.75687,0.0,40.0,,sold,2026-08-10T08:49:42.410763,2.0,1.0
8223213083,2993329532,SOLD,875000,,2.0,2.0,1061.0,105.0,2007.0,CONDOS,"300 Bowie St Apt 3603, Austin, TX, 78703",Austin,TX,78703,30.268788,-97.753925,888.0,41.0,,sold,2026-08-10T08:49:42.410763,2.0,1.0
8987127852,2989982027,SOLD,9750000,,4.0,4.0,4941.0,24224.0,2025.0,SINGLE_FAMILY,"2600 Tanglewood Trl, Austin, TX, 78703",Austin,TX,78703,30.304034,-97.772942,0.0,,,sold,2026-08-10T08:49:42.410763,,2.0
7627982740,2991760274,SOLD,2750000,,3.0,3.0,3009.0,871.0,2001.0,CONDOS,"901 W 9th St Apt 703, Austin, TX, 78703",Austin,TX,78703,30.273473,-97.752366,2493.0,,,sold,2026-08-10T08:49:42.410763,4.0,1.0
7201658889,2993636146,SOLD,1750000,,3.0,2.0,2838.0,6098.0,2013.0,SINGLE_FAMILY,"2604 Bland St, Austin, TX, 78703",Austin,TX,78703,30.300349,-97.760221,0.0,30.0,,sold,2026-08-10T08:49:42.410763,,2.0
8186543396,2993507026,SOLD,1295000,,3.0,3.0,1704.0,170.0,2007.0,CONDOS,"300 Bowie St Apt 2902, Austin, TX, 78703",Austin,TX,78703,30.268788,-97.753925,1207.0,34.0,,sold,2026-08-10T08:49:42.410763,2.0,1.0
8330960510,2993649338,SOLD,1800000,,4.0,4.0,3611.0,8276.0,1975.0,SINGLE_FAMILY,"3508 Bridle Path, Austin, TX, 78703",Austin,TX,78703,30.296485,-97.77951,0.0,28.0,,sold,2026-08-10T08:49:42.410763,1.0,2.0
7451417438,2993144831,SOLD,2975000,,5.0,3.0,3843.0,11225.0,2013.0,SINGLE_FAMILY,"1810 W 29th St, Austin, TX, 78703",Austin,TX,78703,30.303097,-97.757176,0.0,39.0,,sold,2026-08-10T08:49:42.410763,2.0,1.0
8632553782,2991717131,SOLD,2500000,,4.0,3.0,4316.0,9757.0,2007.0,SINGLE_FAMILY,"2621 Exposition Blvd, Austin, TX, 78703",Austin,TX,78703,30.301795,-97.764626,0.0,74.0,,sold,2026-08-10T08:49:42.410763,2.0,2.0
9078195646,2992839998,SOLD,1395000,,5.0,,3030.0,7836.0,1947.0,SINGLE_FAMILY,"1505 W 12th St, Austin, TX, 78703",Austin,TX,78703,30.279713,-97.758514,0.0,37.0,,sold,2026-08-10T08:49:42.410763,,2.0
9290735218,2992824649,SOLD,1395000,,4.0,4.0,3030.0,7836.0,1947.0,MULTI_FAMILY,"1505 W 12th St, Austin, TX, 78703",Austin,TX,78703,30.279713,-97.758514,0.0,38.0,,sold,2026-08-10T08:49:42.410763,,2.0
7005126075,2992806095,SOLD,810000,,2.0,2.0,983.0,100.0,2007.0,CONDOS,"300 Bowie St Apt 3605, Austin, TX, 78703",Austin,TX,78703,30.268788,-97.753925,800.0,39.0,,sold,2026-08-10T08:49:42.410763,2.0,1.0
7981149662,2991934210,SOLD,2390000,,3.0,3.0,2898.0,9583.0,1893.0,SINGLE_FAMILY,"902 Blanco St, Austin, TX, 78703",Austin,TX,78703,30.275575,-97.755579,0.0,61.0,,sold,2026-08-10T08:49:42.410763,,2.0
8929368087,2992987400,SOLD,2250000,,5.0,5.0,3508.0,6573.0,2004.0,SINGLE_FAMILY,"1016 Shelley Ave, Austin, TX, 78703",Austin,TX,78703,30.278235,-97.75573,0.0,31.0,,sold,2026-08-10T08:49:42.410763,,2.0
9713042390,2974056362,SOLD,1000000,,5.0,5.0,2647.0,9879.0,1959.0,SINGLE_FAMILY,"1507 Woodlawn Blvd, Austin, TX, 78703",Austin,TX,78703,30.283922,-97.759598,0.0,332.0,,sold,2026-08-10T08:49:42.410763,,1.0
8953080444,2992740444,SOLD,279000,,2.0,1.0,647.0,1568.0,1960.0,CONDOS,"1311 Exposition Blvd Apt 12, Austin, TX, 78703",Austin,TX,78703,30.288912,-97.772635,365.0,38.0,,sold,2026-08-10T08:49:42.410763,,1.0
9292836473,2974064058,SOLD,1000000,,,,,9879.0,,LAND,"1507 Woodlawn Blvd, Austin, TX, 78703",Austin,TX,78703,30.283922,-97.759598,0.0,550.0,,sold,2026-08-10T08:49:42.410763,,
7756841399,2974048961,SOLD,1000000,,5.0,4.0,2647.0,9879.0,1959.0,MULTI_FAMILY,"1507 Woodlawn Blvd, Austin, TX, 78703",Austin,TX,78703,30.28392,-97.759667,0.0,332.0,,sold,2026-08-10T08:49:42.410763,,1.0
7420851662,2992420218,SOLD,3250000,,4.0,4.0,3857.0,10058.0,2025.0,SINGLE_FAMILY,"2200 W 9th St, Austin, TX, 78703",Austin,TX,78703,30.282225,-97.770023,0.0,43.0,,sold,2026-08-10T08:49:42.410763,2.0,2.0
8321735523,2989607107,SOLD,1295000,,3.0,2.0,1887.0,11970.0,1951.0,SINGLE_FAMILY,"2402 Westover Rd, Austin, TX, 78703",Austin,TX,78703,30.302118,-97.761366,0.0,125.0,,sold,2026-08-10T08:49:42.410763,2.0,1.0
7301482030,2992020771,SOLD,4200000,,4.0,5.0,5491.0,16322.0,1956.0,SINGLE_FAMILY,"1304 Gaston Ave, Austin, TX, 78703",Austin,TX,78703,30.29479,-97.751856,0.0,53.0,,sold,2026-08-10T08:49:42.410763,2.0,3.0
7252789965,2979544049,SOLD,2249000,,5.0,5.0,4524.0,4661.0,1968.0,SINGLE_FAMILY,"1810 W 35th St, Austin, TX, 78703",Austin,TX,78703,30.308568,-97.753429,0.0,400.0,,sold,2026-08-10T08:49:42.410763,2.0,3.0
7274117456,2992737718,SOLD,2895000,,4.0,3.0,3912.0,9993.0,1950.0,SINGLE_FAMILY,"1004 Maufrais St, Austin, TX, 78703",Austin,TX,78703,30.278227,-97.757784,0.0,31.0,,sold,2026-08-10T08:49:42.410763,2.0,2.0
8865620030,2985400537,SOLD,1195000,,2.0,2.0,2085.0,9322.0,2006.0,SINGLE_FAMILY,"2308 W 9th St Unit B, Austin, TX, 78703",Austin,TX,78703,30.282945,-97.770769,,247.0,,sold,2026-08-10T08:49:42.410763,2.0,2.0
8385723256,2992689282,SOLD,998888,,4.0,2.0,1780.0,7645.0,1947.0,SINGLE_FAMILY,"3310 Enfield Rd, Austin, TX, 78703",Austin,TX,78703,30.293838,-97.778284,0.0,29.0,,sold,2026-08-10T08:49:42.410763,2.0,1.0
7652899868,2993024821,SOLD,1350000,,3.0,2.0,2302.0,5902.0,1985.0,SINGLE_FAMILY,"1503 Mohle Dr, Austin, TX, 78703",Austin,TX,78703,30.299519,-97.753002,0.0,20.0,,sold,2026-08-10T08:49:42.410763,2.0,2.0
8095821340,2992879940,SOLD,875000,,3.0,3.0,2231.0,3027.0,2008.0,CONDOS,"1305 Exposition Blvd Apt 4, Austin, TX, 78703",Austin,TX,78703,30.288537,-97.772907,425.0,22.0,,sold,2026-08-10T08:49:42.410763,2.0,3.0
8497969466,2990448875,SOLD,759000,,3.0,2.0,1470.0,1686.0,1981.0,CONDOS,"1502 W 5th St Apt H2, Austin, TX, 78703",Austin,TX,78703,30.273796,-97.761742,869.0,84.0,,sold,2026-08-10T08:49:42.410763,,1.0
7221660124,2991801931,SOLD,1295000,,3.0,2.0,2451.0,13660.0,1956.0,SINGLE_FAMILY,"3002 Belmont Cir, Austin, TX, 78703",Austin,TX,78703,30.300314,-97.749803,0.0,50.0,,sold,2026-08-10T08:49:42.410763,2.0,1.0
8039595072,2991917759,SOLD,2400000,,4.0,3.0,3189.0,9496.0,2016.0,SINGLE_FAMILY,"22 Margranita Cres, Austin, TX, 78703",Austin,TX,78703,30.298705,-97.759361,0.0,46.0,,sold,2026-08-10T08:49:42.410763,2.0,2.0
7642838064,2992218610,SOLD,1449900,,3.0,2.0,2000.0,7187.0,1939.0,SINGLE_FAMILY,"1619 Mohle Dr, Austin, TX, 78703",Austin,TX,78703,30.300767,-97.755634,0.0,34.0,,sold,2026-08-10T08:49:42.410763,,1.0
7268854886,2991903702,SOLD,998000,,3.0,2.0,1923.0,5001.0,1938.0,CONDOS,"613 Theresa Ave Unit A, Austin, TX, 78703",Austin,TX,78703,30.278597,-97.766473,42.0,39.0,,sold,2026-08-10T08:49:42.410763,,1.0
7160747978,2998937871,FOR_SALE,875000,,4.0,3.0,2340.0,8455.0,2006.0,SINGLE_FAMILY,"208 Lessin Ln, Austin, TX, 78704",Austin,TX,78704,30.22676,-97.76338,0.0,13.0,374.0,for_sale,2026-08-10T08:49:47.286662,,2.0
7146335688,2991780798,FOR_SALE,7900000,,5.0,3.0,4354.0,54450.0,1889.0,SINGLE_FAMILY,"400 Academy Dr, Austin, TX, 78704",Austin,TX,78704,30.252074,-97.743798,0.0,169.0,1814.0,for_sale,2026-08-10T08:49:47.286662,2.0,3.0
8762884155,2999333498,FOR_SALE,3400000,,5.0,3.0,3244.0,18557.0,1959.0,SINGLE_FAMILY,"706 Barton Blvd, Austin, TX, 78704",Austin,TX,78704,30.261382,-97.76731,0.0,4.0,1048.0,for_sale,2026-08-10T08:49:47.286662,2.0,1.0
7896016396,2996694825,FOR_SALE,695000,,3.0,1.0,1567.0,7078.0,1956.0,SINGLE_FAMILY,"1102 Southwood Rd, Austin, TX, 78704",Austin,TX,78704,30.243905,-97.765678,0.0,65.0,444.0,for_sale,2026-08-10T08:49:47.286662,1.0,1.0
8338516569,2993357556,FOR_SALE,1199000,,3.0,2.0,1632.0,6843.0,1939.0,SINGLE_FAMILY,"904 Josephine St, Austin, TX, 78704",Austin,TX,78704,30.25727,-97.762083,0.0,124.0,735.0,for_sale,2026-08-10T08:49:47.286662,2.0,1.0
7085595870,2998343461,FOR_SALE,1139000,,4.0,2.0,2137.0,8189.0,1959.0,SINGLE_FAMILY,"1113 Bluebonnet Ln, Austin, TX, 78704",Austin,TX,78704,30.258018,-97.770185,0.0,31.0,533.0,for_sale,2026-08-10T08:49:47.286662,2.0,2.0
8108511172,2996544914,FOR_SALE,3950000,,4.0,4.0,4741.0,11038.0,2026.0,SINGLE_FAMILY,"2141 Barton Hills Dr, Austin, TX, 78704",Austin,TX,78704,30.252515,-97.787055,0.0,67.0,833.0,for_sale,2026-08-10T08:49:47.286662,2.0,3.0
8805143734,2997341455,PENDING,1495000,,5.0,3.0,3228.0,16640.0,1977.0,SINGLE_FAMILY,"1706 Graywood Cv, Austin, TX, 78704",Austin,TX,78704,30.259897,-97.782913,0.0,54.0,463.0,for_sale,2026-08-10T08:49:47.286662,2.0,2.0
7648178466,2999122461,PENDING,1599000,,3.0,2.0,1541.0,12863.0,1958.0,SINGLE_FAMILY,"702 Spofford St, Austin, TX, 78704",Austin,TX,78704,30.261014,-97.766508,0.0,9.0,1038.0,for_sale,2026-08-10T08:49:47.286662,,1.0
9097992325,2999313361,FOR_SALE,1299000,,3.0,2.0,1946.0,7327.0,2026.0,SINGLE_FAMILY,"2308 S 2nd St Unit 2, Austin, TX, 78704",Austin,TX,78704,30.243235,-97.760437,0.0,4.0,668.0,for_sale,2026-08-10T08:49:47.286662,,2.0
9053879665,2992727952,PENDING,1009000,,2.0,2.0,1478.0,3751.0,2019.0,SINGLE_FAMILY,"2212 S 2nd St Unit 2, Austin, TX, 78704",Austin,TX,78704,30.2442,-97.759852,0.0,143.0,683.0,for_sale,2026-08-10T08:49:47.286662,1.0,2.0
8882588140,2986985524,FOR_SALE,3950000,,5.0,5.0,4933.0,14044.0,2024.0,SINGLE_FAMILY,"1319 Bonham Ter, Austin, TX, 78704",Austin,TX,78704,30.246595,-97.737016,0.0,311.0,801.0,for_sale,2026-08-10T08:49:47.286662,2.0,2.0
7755371213,2997681441,FOR_SALE,320000,,2.0,2.0,970.0,,1985.0,CONDOS,"700 S 1st St Apt 103, Austin, TX, 78704",Austin,TX,78704,30.255946,-97.752001,400.0,45.0,330.0,for_sale,2026-08-10T08:49:47.286662,,1.0
8051546402,2992340082,FOR_SALE,1149000,,3.0,3.0,2012.0,5388.0,2016.0,CONDOS,"1325 Bonham Ter Apt A, Austin, TX, 78704",Austin,TX,78704,30.246315,-97.737353,247.0,152.0,571.0,for_sale,2026-08-10T08:49:47.286662,,2.0
7325370722,2994807627,FOR_SALE,1750000,,4.0,3.0,3706.0,9453.0,1946.0,SINGLE_FAMILY,"2308 Forest Ave, Austin, TX, 78704",Austin,TX,78704,30.241384,-97.756285,0.0,97.0,472.0,for_sale,2026-08-10T08:49:47.286662,,2.0
7468437670,2998866745,FOR_SALE,2950000,,4.0,4.0,3663.0,12741.0,2012.0,SINGLE_FAMILY,"1704 East Side Dr, Austin, TX, 78704",Austin,TX,78704,30.245225,-97.745672,0.0,16.0,805.0,for_sale,2026-08-10T08:49:47.286662,2.0,3.0
9434181760,2993206765,FOR_SALE,1000000,,3.0,3.0,2178.0,3141.0,2016.0,CONDOS,"2003 Wilson St Unit 3, Austin, TX, 78704",Austin,TX,78704,30.24469,-97.754448,727.0,129.0,459.0,for_sale,2026-08-10T08:49:47.286662,1.0,3.0
9755305519,2996359835,PENDING,799000,,2.0,2.0,1088.0,4578.0,2022.0,SINGLE_FAMILY,"809 Mariposa Dr Unit 2, Austin, TX, 78704",Austin,TX,78704,30.24173,-97.744501,0.0,69.0,734.0,for_sale,2026-08-10T08:49:47.286662,1.0,2.0
8797261544,2992646920,FOR_SALE,3499000,,4.0,4.0,3680.0,6534.0,2017.0,SINGLE_FAMILY,"1602 Alta Vista Ave, Austin, TX, 78704",Austin,TX,78704,30.244952,-97.743166,0.0,145.0,951.0,for_sale,2026-08-10T08:49:47.286662,,3.0
8751784682,2998723540,FOR_SALE,995000,,5.0,4.0,2250.0,8795.0,1964.0,SINGLE_FAMILY,"2605 Friar Tuck Ln, Austin, TX, 78704",Austin,TX,78704,30.233965,-97.751272,0.0,19.0,442.0,for_sale,2026-08-10T08:49:47.286662,2.0,1.0
7382569175,2992821725,FOR_SALE,189900,,1.0,1.0,493.0,597.0,1964.0,CONDOS,"2020 S Congress Ave Apt 1215, Austin, TX, 78704",Austin,TX,78704,30.243349,-97.752394,164.0,140.0,385.0,for_sale,2026-08-10T08:49:47.286662,,1.0
7135906116,2995997103,FOR_SALE,2695000,,4.0,4.0,3662.0,10149.0,2018.0,SINGLE_FAMILY,"2311 Westoak Dr, Austin, TX, 78704",Austin,TX,78704,30.242813,-97.785625,0.0,75.0,736.0,for_sale,2026-08-10T08:49:47.286662,2.0,2.0
8993022322,2995993670,FOR_SALE,290000,,2.0,1.0,1008.0,2587.0,1972.0,CONDOS,"3809 Menchaca Rd Apt C, Austin, TX, 78704",Austin,TX,78704,30.235088,-97.784587,374.0,75.0,288.0,for_sale,2026-08-10T08:49:47.286662,,2.0
7259689911,2998029796,FOR_SALE,185000,,2.0,1.0,563.0,,1980.0,CONDOS,"3744 Valley View Rd Apt C, Austin, TX, 78704",Austin,TX,78704,30.235474,-97.783237,180.0,38.0,329.0,for_sale,2026-08-10T08:49:47.286662,,1.0
7990671340,2994756347,FOR_SALE,1425000,,4.0,3.0,3344.0,4661.0,2004.0,SINGLE_FAMILY,"1018 Harwood Pl, Austin, TX, 78704",Austin,TX,78704,30.248449,-97.737647,0.0,100.0,426.0,for_sale,2026-08-10T08:49:47.286662,2.0,3.0
7114995151,2999054592,FOR_SALE,925000,,3.0,2.0,1792.0,5262.0,2018.0,SINGLE_FAMILY,"1118 Algarita Ave Unit 2, Austin, TX, 78704",Austin,TX,78704,30.238232,-97.741966,,10.0,516.0,for_sale,2026-08-10T08:49:47.286662,1.0,2.0
9341360205,2998035733,FOR_SALE,1450000,,8.0,4.0,4030.0,8303.0,1971.0,MULTI_FAMILY,"3802 Southway Dr, Austin, TX, 78704",Austin,TX,78704,30.231461,-97.776863,0.0,38.0,360.0,for_sale,2026-08-10T08:49:47.286662,,2.0
8825909760,2997534858,FOR_SALE,365000,,2.0,1.0,1130.0,2862.0,1967.0,TOWNHOMES,"739 E Oltorf St, Austin, TX, 78704",Austin,TX,78704,30.235209,-97.747678,330.0,48.0,323.0,for_sale,2026-08-10T08:49:47.286662,,2.0
7125256280,2994597679,FOR_SALE,2975000,,4.0,4.0,3488.0,8668.0,2017.0,SINGLE_FAMILY,"1201 Kenwood Ave, Austin, TX, 78704",Austin,TX,78704,30.247514,-97.737417,0.0,103.0,853.0,for_sale,2026-08-10T08:49:47.286662,2.0,3.0
7678085164,2995010603,FOR_SALE,3250000,,4.0,4.0,3676.0,9374.0,2023.0,SINGLE_FAMILY,"2108 Matterhorn Ln, Austin, TX, 78704",Austin,TX,78704,30.252,-97.788174,0.0,93.0,884.0,for_sale,2026-08-10T08:49:47.286662,2.0,2.0
8921259856,2997331031,FOR_SALE,1475000,,4.0,3.0,2884.0,7566.0,2019.0,SINGLE_FAMILY,"3102 Brinwood Ave, Austin, TX, 78704",Austin,TX,78704,30.232325,-97.760785,0.0,54.0,511.0,for_sale,2026-08-10T08:49:47.286662,1.0,2.0
7994823418,2998674022,FOR_SALE,549000,,2.0,2.0,1092.0,3942.0,2017.0,SINGLE_FAMILY,"3606 Villa Ct Unit 2, Austin, TX, 78704",Austin,TX,78704,30.232153,-97.770488,0.0,21.0,503.0,for_sale,2026-08-10T08:49:47.286662,1.0,2.0
8312656115,2998852270,PENDING,1295000,,3.0,2.0,2014.0,11474.0,1969.0,SINGLE_FAMILY,"2150 Barton Hills Dr, Austin, TX, 78704",Austin,TX,78704,30.253522,-97.788518,0.0,16.0,643.0,for_sale,2026-08-10T08:49:47.286662,2.0,1.0
7314644549,2999315271,FOR_SALE,750000,,3.0,3.0,1834.0,7754.0,2016.0,SINGLE_FAMILY,"3604 Marcae Ct Unit 1, Austin, TX, 78704",Austin,TX,78704,30.232675,-97.771253,35.0,4.0,409.0,for_sale,2026-08-10T08:49:47.286662,,2.0
8249573004,2993002463,FOR_SALE,669000,,3.0,3.0,1821.0,,2019.0,CONDOS,"3700 Clawson Rd Apt 501, Austin, TX, 78704",Austin,TX,78704,30.234249,-97.780801,343.0,135.0,367.0,for_sale,2026-08-10T08:49:47.286662,2.0,3.0
7701768114,2992489063,FOR_SALE,3295000,,5.0,6.0,4060.0,16988.0,2017.0,SINGLE_FAMILY,"703 E Live Oak St, Austin, TX, 78704",Austin,TX,78704,30.239258,-97.74711,0.0,149.0,812.0,for_sale,2026-08-10T08:49:47.286662,3.0,2.0
8713059376,2995368118,FOR_SALE,334900,,2.0,1.0,1034.0,2932.0,1972.0,CONDOS,"1912 Lightsey Rd Apt 6, Austin, TX, 78704",Austin,TX,78704,30.241216,-97.779936,435.0,87.0,324.0,for_sale,2026-08-10T08:49:47.286662,,2.0
7429427383,2992215382,FOR_SALE,2325000,,4.0,2.0,2811.0,7148.0,2021.0,SINGLE_FAMILY,"2006 Ford St, Austin, TX, 78704",Austin,TX,78704,30.254273,-97.773292,0.0,156.0,827.0,for_sale,2026-08-10T08:49:47.286662,2.0,2.0
7372810267,2993049935,FOR_SALE,1925000,,5.0,4.0,3038.0,7444.0,2023.0,SINGLE_FAMILY,"2603 Euclid Ave, Austin, TX, 78704",Austin,TX,78704,30.237345,-97.757676,0.0,134.0,634.0,for_sale,2026-08-10T08:49:47.286662,2.0,2.0
9100667831,2993330671,FOR_SALE,695000,,3.0,3.0,1815.0,,2020.0,CONDOS,"3809 Valley View Rd Unit 13, Austin, TX, 78704",Austin,TX,78704,30.233813,-97.782959,470.0,125.0,383.0,for_sale,2026-08-10T08:49:47.286662,2.0,3.0
8603841945,2994673166,FOR_SALE,2450000,,5.0,4.0,3516.0,10250.0,2016.0,SINGLE_FAMILY,"701 Josephine St, Austin, TX, 78704",Austin,TX,78704,30.258878,-97.7603,0.0,101.0,697.0,for_sale,2026-08-10T08:49:47.286662,2.0,2.0
8760921655,2998515516,PENDING,365000,,3.0,1.0,1128.0,8316.0,1953.0,SINGLE_FAMILY,"2009 Fortview Rd, Austin, TX, 78704",Austin,TX,78704,30.231288,-97.788758,0.0,25.0,324.0,for_sale,2026-08-10T08:49:47.286662,,1.0
8019881572,2997308074,FOR_SALE,2295000,,4.0,3.0,3200.0,6251.0,2026.0,SINGLE_FAMILY,"1005 W Johanna St, Austin, TX, 78704",Austin,TX,78704,30.247481,-97.763301,0.0,55.0,717.0,for_sale,2026-08-10T08:49:47.286662,1.0,3.0
7615560586,2998245339,FOR_SALE,1350000,,3.0,3.0,2402.0,5924.0,2007.0,SINGLE_FAMILY,"604 W Live Oak St, Austin, TX, 78704",Austin,TX,78704,30.244824,-97.757995,0.0,32.0,562.0,for_sale,2026-08-10T08:49:47.286662,,2.0
7955683725,2993259906,FOR_SALE,849950,,3.0,1.0,1982.0,7405.0,1947.0,SINGLE_FAMILY,"1806 Alta Vista Ave, Austin, TX, 78704",Austin,TX,78704,30.242676,-97.743981,0.0,128.0,429.0,for_sale,2026-08-10T08:49:47.286662,2.0,2.0
8021756058,2998331156,PENDING,1099000,,4.0,2.0,1838.0,6316.0,1946.0,SINGLE_FAMILY,"2104 DE Verne St, Austin, TX, 78704",Austin,TX,78704,30.24966,-97.778265,0.0,31.0,598.0,for_sale,2026-08-10T08:49:47.286662,,2.0
8843360401,2997539014,FOR_SALE,3299000,,5.0,4.0,3683.0,9509.0,2022.0,SINGLE_FAMILY,"2104 Ann Arbor Ave, Austin, TX, 78704",Austin,TX,78704,30.251591,-97.777006,0.0,48.0,896.0,for_sale,2026-08-10T08:49:47.286662,,2.0
8638777194,2998066203,FOR_SALE,2100000,,4.0,3.0,2722.0,7052.0,2019.0,SINGLE_FAMILY,"2200 DE Verne St, Austin, TX, 78704",Austin,TX,78704,30.2501,-97.77911,0.0,37.0,771.0,for_sale,2026-08-10T08:49:47.286662,2.0,2.0
9331054503,2990089826,PENDING,4450000,,3.0,3.0,2713.0,706.0,2022.0,CONDOS,"1211 W Riverside Dr Unit 6B, Austin, TX, 78704",Austin,TX,78704,30.263878,-97.756752,3460.0,213.0,1640.0,for_sale,2026-08-10T08:49:47.286662,2.0,1.0
8828975747,2997056797,PENDING,1595000,,4.0,3.0,1981.0,5924.0,1940.0,SINGLE_FAMILY,"904 W Monroe St, Austin, TX, 78704",Austin,TX,78704,30.251124,-97.759093,0.0,59.0,805.0,for_sale,2026-08-10T08:49:47.286662,,1.0
8773443501,2995848226,FOR_SALE,3275000,,5.0,4.0,3665.0,7606.0,2024.0,SINGLE_FAMILY,"1304 Folts Ave, Austin, TX, 78704",Austin,TX,78704,30.257091,-97.770341,0.0,79.0,894.0,for_sale,2026-08-10T08:49:47.286662,2.0,2.0
9380135436,2998791233,FOR_SALE,399000,,2.0,2.0,1227.0,,2023.0,CONDOS,"4004 Banister Ln Unit 115, Austin, TX, 78704",Austin,TX,78704,30.229521,-97.778778,817.0,18.0,325.0,for_sale,2026-08-10T08:49:47.286662,,1.0
7504726934,2997061713,FOR_SALE,150000,,1.0,1.0,520.0,1485.0,1985.0,CONDOS,"3204 Menchaca Rd Apt 704, Austin, TX, 78704",Austin,TX,78704,30.240281,-97.782676,223.0,59.0,288.0,for_sale,2026-08-10T08:49:47.286662,,1.0
7208585676,2995511222,FOR_SALE,330000,,0.0,1.0,538.0,235.0,2013.0,CONDOS,"1900 Barton Springs Rd Unit 4013, Austin, TX, 78704",Austin,TX,78704,30.264386,-97.764034,279.0,85.0,613.0,for_sale,2026-08-10T08:49:47.286662,1.0,1.0
7435572532,2992115650,FOR_SALE,220000,,1.0,1.0,498.0,314.0,2018.0,CONDOS,"900 S 1st St Unit 320, Austin, TX, 78704",Austin,TX,78704,30.254655,-97.752549,264.0,158.0,442.0,for_sale,2026-08-10T08:49:47.286662,1.0,1.0
8425714105,2998890981,FOR_SALE,799500,,3.0,3.0,2333.0,3267.0,2012.0,CONDOS,"1504 Collier St Unit 4, Austin, TX, 78704",Austin,TX,78704,30.252704,-97.766549,919.0,15.0,343.0,for_sale,2026-08-10T08:49:47.286662,,2.0
7163250391,2992017205,FOR_SALE,1349995,,4.0,4.0,2742.0,8542.0,1963.0,SINGLE_FAMILY,"2307 Alta Vista Ave, Austin, TX, 78704",Austin,TX,78704,30.236698,-97.746767,0.0,161.0,492.0,for_sale,2026-08-10T08:49:47.286662,2.0,2.0
8071506275,2994942187,FOR_SALE,849000,,3.0,2.0,1609.0,11552.0,1958.0,SINGLE_FAMILY,"502 Sunset Cir, Austin, TX, 78704",Austin,TX,78704,30.239165,-97.749969,0.0,94.0,528.0,for_sale,2026-08-10T08:49:47.286662,2.0,1.0
9132736204,2996792591,FOR_SALE,2545000,,4.0,5.0,3176.0,7405.0,2024.0,SINGLE_FAMILY,"2208 Montclaire St, Austin, TX, 78704",Austin,TX,78704,30.249078,-97.780584,0.0,62.0,801.0,for_sale,2026-08-10T08:49:47.286662,1.0,2.0
7129071927,2998583855,FOR_SALE,599900,,3.0,2.0,1085.0,9932.0,1958.0,SINGLE_FAMILY,"209 Woodward St, Austin, TX, 78704",Austin,TX,78704,30.228202,-97.75804,0.0,24.0,553.0,for_sale,2026-08-10T08:49:47.286662,,1.0
7795926342,2994386764,FOR_SALE,179000,,1.0,1.0,478.0,1045.0,1968.0,CONDOS,"2021 Bluebonnet Ln Unit 104, Austin, TX, 78704",Austin,TX,78704,30.251104,-97.773995,230.0,109.0,374.0,for_sale,2026-08-10T08:49:47.286662,,1.0
8487591680,2994125328,FOR_SALE,225000,,2.0,2.0,920.0,2657.0,1985.0,CONDOS,"3204 Menchaca Rd Apt 105, Austin, TX, 78704",Austin,TX,78704,30.240281,-97.782676,300.0,113.0,245.0,for_sale,2026-08-10T08:49:47.286662,,1.0
9657047558,2998203493,FOR_SALE,512000,,2.0,2.0,1046.0,3119.0,1962.0,CONDOS,"3015 Burning Oak Dr Unit 2, Austin, TX, 78704",Austin,TX,78704,30.238425,-97.774562,0.0,33.0,489.0,for_sale,2026-08-10T08:49:47.286662,1.0,1.0
9576149782,2991685072,FOR_SALE,1750000,,5.0,4.0,3844.0,10454.0,2024.0,SINGLE_FAMILY,"3209 Clawson Rd, Austin, TX, 78704",Austin,TX,78704,30.237547,-97.776813,0.0,172.0,455.0,for_sale,2026-08-10T08:49:47.286662,1.0,3.0
7301433392,2997449478,FOR_SALE,2349000,,3.0,3.0,2710.0,9252.0,2007.0,SINGLE_FAMILY,"1300 Bluff St, Austin, TX, 78704",Austin,TX,78704,30.258948,-97.759654,0.0,52.0,867.0,for_sale,2026-08-10T08:49:47.286662,2.0,2.0
8209490687,2996691482,FOR_SALE,2850000,,5.0,4.0,2858.0,7048.0,2021.0,SINGLE_FAMILY,"2309 S 4th St, Austin, TX, 78704",Austin,TX,78704,30.243918,-97.762615,0.0,65.0,997.0,for_sale,2026-08-10T08:49:47.286662,1.0,2.0
8335443795,2994017789,PENDING,889999,,3.0,2.0,2252.0,5663.0,1934.0,SINGLE_FAMILY,"2103 Kinney Ave, Austin, TX, 78704",Austin,TX,78704,30.249224,-97.76999,0.0,115.0,395.0,for_sale,2026-08-10T08:49:47.286662,,3.0
8256137314,2993182308,FOR_SALE,447777,,2.0,1.0,1048.0,7109.0,1948.0,SINGLE_FAMILY,"703 Herndon Ln, Austin, TX, 78704",Austin,TX,78704,30.239878,-97.762553,0.0,130.0,427.0,for_sale,2026-08-10T08:49:47.286662,,1.0
8349411156,2999372920,FOR_SALE,595000,,2.0,2.0,1604.0,1960.0,2005.0,CONDOS,"1115 Kinney Ave Apt 18, Austin, TX, 78704",Austin,TX,78704,30.256154,-97.765612,350.0,3.0,371.0,for_sale,2026-08-10T08:49:47.286662,2.0,3.0
7249531471,2998351226,FOR_SALE,429900,,2.0,1.0,984.0,,1973.0,CONDOS,"1208 Hollow Creek Dr Apt 105, Austin, TX, 78704",Austin,TX,78704,30.260476,-97.774238,280.0,30.0,437.0,for_sale,2026-08-10T08:49:47.286662,,2.0
7284906327,2992046975,FOR_SALE,325000,,1.0,1.0,677.0,305.0,2013.0,CONDOS,"1900 Barton Springs Rd Unit 2003, Austin, TX, 78704",Austin,TX,78704,30.264386,-97.764034,323.0,160.0,480.0,for_sale,2026-08-10T08:49:47.286662,2.0,1.0
9969052296,2991889035,FOR_SALE,299000,,1.0,1.0,745.0,172715.0,2017.0,CONDOS,"2505 Thornton Rd Unit 2211, Austin, TX, 78704",Austin,TX,78704,30.243095,-97.772774,208.0,165.0,401.0,for_sale,2026-08-10T08:49:47.286662,,1.0
7790728736,2996782306,FOR_SALE,2750000,,4.0,3.0,2820.0,6490.0,2021.0,SINGLE_FAMILY,"1915 Brackenridge St, Austin, TX, 78704",Austin,TX,78704,30.243256,-97.749359,0.0,62.0,975.0,for_sale,2026-08-10T08:49:47.286662,,2.0
8900185155,2999164378,FOR_SALE,685000,,2.0,2.0,1138.0,732.0,2008.0,CONDOS,"1600 Barton Springs Rd Unit 5601, Austin, TX, 78704",Austin,TX,78704,30.262351,-97.761535,832.0,8.0,602.0,for_sale,2026-08-10T08:49:47.286662,2.0,1.0
8964679570,2999346513,FOR_SALE,870000,,3.0,2.0,2053.0,3833.0,2001.0,SINGLE_FAMILY,"2606 Kinney Oaks Ct, Austin, TX, 78704",Austin,TX,78704,30.242853,-97.77498,50.0,3.0,424.0,for_sale,2026-08-10T08:49:47.286662,2.0,2.0
9882231586,2995178207,FOR_SALE,1450000,,8.0,4.0,4030.0,8712.0,1971.0,MULTI_FAMILY,"3814 Southway Dr, Austin, TX, 78704",Austin,TX,78704,30.231222,-97.775536,0.0,90.0,360.0,for_sale,2026-08-10T08:49:47.286662,,2.0
9008965704,2992678384,FOR_SALE,465000,,2.0,2.0,1091.0,5523.0,1947.0,SINGLE_FAMILY,"4025 Valley View Rd Unit 2, Austin, TX, 78704",Austin,TX,78704,30.231265,-97.784462,0.0,144.0,426.0,for_sale,2026-08-10T08:49:47.286662,,1.0
7711284014,2998418769,FOR_SALE,1195000,,3.0,3.0,2874.0,4835.0,2006.0,CONDOS,"1529 Barton Springs Rd Apt 12, Austin, TX, 78704",Austin,TX,78704,30.261419,-97.76159,590.0,28.0,416.0,for_sale,2026-08-10T08:49:47.286662,2.0,3.0
7854129477,2998745749,PENDING,675000,,1.0,1.0,846.0,6573.0,1941.0,SINGLE_FAMILY,"2213 S 3rd St, Austin, TX, 78704",Austin,TX,78704,30.244349,-97.760849,0.0,19.0,798.0,for_sale,2026-08-10T08:49:47.286662,,1.0
8695264659,2992184178,PENDING,995000,,4.0,2.0,2800.0,6795.0,1935.0,SINGLE_FAMILY,"1109 Travis Heights Blvd, Austin, TX, 78704",Austin,TX,78704,30.248805,-97.738831,0.0,157.0,355.0,for_sale,2026-08-10T08:49:47.286662,,2.0
9141397261,2997392078,PENDING,1950000,,3.0,3.0,2020.0,4352.0,2021.0,SINGLE_FAMILY,"516 Bouldin Dr, Austin, TX, 78704",Austin,TX,78704,30.258888,-97.754219,0.0,53.0,965.0,for_sale,2026-08-10T08:49:47.286662,1.0,3.0
8415110829,2997961041,FOR_SALE,2500000,,6.0,5.0,5131.0,9226.0,2007.0,SINGLE_FAMILY,"616 W Monroe St, Austin, TX, 78704",Austin,TX,78704,30.250182,-97.756307,0.0,39.0,487.0,for_sale,2026-08-10T08:49:47.286662,1.0,3.0
8380833713,2995681713,FOR_SALE,1950000,,3.0,3.0,2724.0,24420.0,1952.0,SINGLE_FAMILY,"2003 Rabb Rd, Austin, TX, 78704",Austin,TX,78704,30.253156,-97.777748,0.0,81.0,716.0,for_sale,2026-08-10T08:49:47.286662,,2.0
7992132966,2998583069,FOR_SALE,699900,,4.0,2.0,1580.0,11613.0,1958.0,SINGLE_FAMILY,"207 Woodward St, Austin, TX, 78704",Austin,TX,78704,30.228331,-97.758178,0.0,24.0,443.0,for_sale,2026-08-10T08:49:47.286662,,1.0
7121574655,2991768313,FOR_SALE,2480000,,5.0,4.0,3925.0,10934.0,2024.0,SINGLE_FAMILY,"1119 Fairmount Ave, Austin, TX, 78704",Austin,TX,78704,30.241239,-97.740014,0.0,170.0,632.0,for_sale,2026-08-10T08:49:47.286662,2.0,2.0
8982884090,2997450041,PENDING,1629000,,3.0,2.0,1870.0,12149.0,1973.0,SINGLE_FAMILY,"2500 Forest Bend Dr, Austin, TX, 78704",Austin,TX,78704,30.254031,-97.792026,0.0,52.0,871.0,for_sale,2026-08-10T08:49:47.286662,2.0,1.0
8959206918,2997325980,FOR_SALE,2950000,,4.0,3.0,3350.0,7144.0,2021.0,SINGLE_FAMILY,"1117 Reagan Ter, Austin, TX, 78704",Austin,TX,78704,30.244307,-97.738788,0.0,54.0,881.0,for_sale,2026-08-10T08:49:47.286662,1.0,2.0
7216126025,2998829709,FOR_SALE,699950,,3.0,2.0,1521.0,,2001.0,CONDOS,"1011 Brodie St Apt 8, Austin, TX, 78704",Austin,TX,78704,30.246834,-97.763826,240.0,17.0,460.0,for_sale,2026-08-10T08:49:47.286662,2.0,2.0
8780628522,2991554699,FOR_SALE,499000,,3.0,1.0,945.0,5728.0,1962.0,SINGLE_FAMILY,"204 LA Vista St, Austin, TX, 78704",Austin,TX,78704,30.23342,-97.759806,0.0,177.0,528.0,for_sale,2026-08-10T08:49:47.286662,,1.0
7527466923,2994094569,FOR_SALE,499999,,2.0,2.0,1500.0,51444.0,2013.0,CONDOS,"2606 Wilson St Apt 1104, Austin, TX, 78704",Austin,TX,78704,30.237885,-97.759279,299.0,114.0,333.0,for_sale,2026-08-10T08:49:47.286662,2.0,3.0
7699513081,2996604663,FOR_SALE,1188000,,3.0,2.0,1933.0,4617.0,2002.0,SINGLE_FAMILY,"611 W Johanna St, Austin, TX, 78704",Austin,TX,78704,30.245731,-97.758105,0.0,66.0,615.0,for_sale,2026-08-10T08:49:47.286662,,2.0
8450458201,2995482465,FOR_SALE,900000,,3.0,2.0,1780.0,7275.0,1999.0,SINGLE_FAMILY,"411 W Live Oak St, Austin, TX, 78704",Austin,TX,78704,30.24351,-97.756606,0.0,86.0,506.0,for_sale,2026-08-10T08:49:47.286662,,1.0
8087155127,2998977319,FOR_SALE,260000,,1.0,1.0,525.0,1093.0,1972.0,CONDOS,"1422 Collier St Apt 105, Austin, TX, 78704",Austin,TX,78704,30.252036,-97.765741,267.0,12.0,495.0,for_sale,2026-08-10T08:49:47.286662,,1.0
7978751160,2997213605,FOR_SALE,725000,,3.0,2.0,1380.0,6795.0,1963.0,MULTI_FAMILY,"1717 Bluebonnet Ln, Austin, TX, 78704",Austin,TX,78704,30.253945,-97.772237,0.0,58.0,525.0,for_sale,2026-08-10T08:49:47.286662,2.0,1.0
8089393927,2998062064,FOR_SALE,399000,,2.0,2.0,977.0,2439.0,1981.0,CONDOS,"2215 Post Rd Apt 1018, Austin, TX, 78704",Austin,TX,78704,30.239784,-97.750971,480.0,37.0,408.0,for_sale,2026-08-10T08:49:47.286662,,1.0
8614069874,2997734524,FOR_SALE,3600000,,5.0,4.0,4255.0,9148.0,2026.0,SINGLE_FAMILY,"1709 Valeria St, Austin, TX, 78704",Austin,TX,78704,30.250128,-97.771736,0.0,44.0,846.0,for_sale,2026-08-10T08:49:47.286662,2.0,2.0
7700998797,2994389615,FOR_SALE,278000,,1.0,1.0,764.0,1612.0,1968.0,CONDOS,"2021 Bluebonnet Ln Unit 210, Austin, TX, 78704",Austin,TX,78704,30.251104,-97.773995,350.0,109.0,364.0,for_sale,2026-08-10T08:49:47.286662,,1.0
8226968414,2990650539,FOR_SALE,1574999,,3.0,2.0,2120.0,9688.0,1954.0,SINGLE_FAMILY,"2106 Eva St, Austin, TX, 78704",Austin,TX,78704,30.243104,-97.753667,0.0,195.0,743.0,for_sale,2026-08-10T08:49:47.286662,,1.0
7531751407,2998579880,FOR_SALE,775000,,3.0,2.0,1830.0,3502.0,2004.0,SINGLE_FAMILY,"1819 Village Oak Ct, Austin, TX, 78704",Austin,TX,78704,30.243148,-97.776722,0.0,24.0,423.0,for_sale,2026-08-10T08:49:47.286662,1.0,2.0
8603841945,2998702280,FOR_SALE,2395000,,5.0,4.0,3516.0,10250.0,2016.0,SINGLE_FAMILY,"701 Josephine St, Austin, TX, 78704",Austin,TX,78704,30.258878,-97.7603,0.0,20.0,681.0,for_sale,2026-08-10T08:49:47.286662,2.0,2.0
8891010243,2997741031,SOLD,499888,,3.0,1.0,1145.0,8625.0,1967.0,SINGLE_FAMILY,"2704 Carnarvon Ln, Austin, TX, 78704",Austin,TX,78704,30.234169,-97.754116,0.0,41.0,,sold,2026-08-10T08:49:52.223922,1.0,1.0
8946445762,2997047311,SOLD,215000,,2.0,1.0,968.0,,1980.0,CONDOS,"842 Banister Ln, Austin, TX, 78704",Austin,TX,78704,30.228733,-97.772229,327.0,55.0,,sold,2026-08-10T08:49:52.223922,,2.0
8837453306,2993547097,SOLD,1695000,,4.0,3.0,2761.0,12162.0,1964.0,SINGLE_FAMILY,"2508 Spring Creek Dr, Austin, TX, 78704",Austin,TX,78704,30.260899,-97.776996,0.0,116.0,,sold,2026-08-10T08:49:52.223922,2.0,1.0
8076982962,2994482462,SOLD,575000,,2.0,2.0,936.0,9801.0,1962.0,SINGLE_FAMILY,"3005 Birdwood Cir, Austin, TX, 78704",Austin,TX,78704,30.237846,-97.770878,0.0,103.0,,sold,2026-08-10T08:49:52.223922,,1.0
7650367007,2994809379,SOLD,865000,,3.0,2.0,1834.0,6621.0,1969.0,SINGLE_FAMILY,"3507 Garden Villa Ln, Austin, TX, 78704",Austin,TX,78704,30.233177,-97.771428,0.0,91.0,,sold,2026-08-10T08:49:52.223922,1.0,1.0
8440113463,2994948460,SOLD,592000,,2.0,2.0,1117.0,741.0,2008.0,CONDOS,"1600 Barton Springs Rd Unit 1507, Austin, TX, 78704",Austin,TX,78704,30.262351,-97.761535,626.0,88.0,,sold,2026-08-10T08:49:52.223922,2.0,1.0
7373565736,2991606471,SOLD,1149000,,3.0,2.0,1790.0,5820.0,1957.0,SINGLE_FAMILY,"1906 Collier St, Austin, TX, 78704",Austin,TX,78704,30.255583,-97.770768,0.0,167.0,,sold,2026-08-10T08:49:52.223922,,1.0
7908392937,2996035832,SOLD,675000,,2.0,2.0,1797.0,3115.0,2013.0,CONDOS,"2712 S 5th St Unit B, Austin, TX, 78704",Austin,TX,78704,30.238983,-97.766847,736.0,67.0,,sold,2026-08-10T08:49:52.223922,2.0,3.0
8955045544,2996042367,SOLD,1495000,,4.0,4.0,2565.0,12197.0,1922.0,SINGLE_FAMILY,"315 E Live Oak St, Austin, TX, 78704",Austin,TX,78704,30.240405,-97.749702,0.0,67.0,,sold,2026-08-10T08:49:52.223922,,1.0
7204229293,2993468855,SOLD,1250000,,3.0,2.0,2116.0,5279.0,2016.0,SINGLE_FAMILY,"615 Jewell St, Austin, TX, 78704",Austin,TX,78704,30.250412,-97.755827,0.0,112.0,,sold,2026-08-10T08:49:52.223922,,2.0
7105608904,2996292534,SOLD,2200000,,5.0,4.0,3641.0,9514.0,2025.0,SINGLE_FAMILY,"2303 Westworth Cir, Austin, TX, 78704",Austin,TX,78704,30.243137,-97.786712,0.0,59.0,,sold,2026-08-10T08:49:52.223922,2.0,3.0
7054545636,2995178209,SOLD,1275000,,3.0,3.0,2468.0,6721.0,2003.0,SINGLE_FAMILY,"1711 Kenwood Ave, Austin, TX, 78704",Austin,TX,78704,30.242193,-97.741154,0.0,80.0,,sold,2026-08-10T08:49:52.223922,2.0,2.0
7211459832,2995581459,SOLD,1240000,,3.0,2.0,1959.0,4069.0,2011.0,CONDOS,"608 W Annie St Unit A, Austin, TX, 78704",Austin,TX,78704,30.247924,-97.756679,0.0,69.0,,sold,2026-08-10T08:49:52.223922,,2.0
7154137385,2997902060,SOLD,750000,,3.0,1.0,1714.0,7288.0,1946.0,SINGLE_FAMILY,"1116 Mission Rdg, Austin, TX, 78704",Austin,TX,78704,30.24349,-97.738989,0.0,23.0,,sold,2026-08-10T08:49:52.223922,,1.0
7319965691,2997603952,SOLD,299900,,2.0,1.0,989.0,2043.0,2022.0,CONDOS,"4004 Banister Ln Unit 312, Austin, TX, 78704",Austin,TX,78704,30.229735,-97.778411,457.0,28.0,,sold,2026-08-10T08:49:52.223922,,1.0
8107413217,2994851343,SOLD,275000,,1.0,1.0,720.0,1612.0,1974.0,CONDOS,"3601 Menchaca Rd Apt 215, Austin, TX, 78704",Austin,TX,78704,30.237934,-97.78289,334.0,78.0,,sold,2026-08-10T08:49:52.223922,,1.0
9088170487,2990112616,SOLD,599000,,3.0,3.0,1367.0,5227.0,2024.0,CONDOS,"3209 Dolphin Dr Unit 2, Austin, TX, 78704",Austin,TX,78704,30.236462,-97.774452,,195.0,,sold,2026-08-10T08:49:52.223922,1.0,2.0
9071888304,2996611889,SOLD,749000,,2.0,2.0,1400.0,4356.0,2020.0,SINGLE_FAMILY,"2800 Del Curto Rd Apt 12, Austin, TX, 78704",Austin,TX,78704,30.242628,-97.778159,382.0,48.0,,sold,2026-08-10T08:49:52.223922,,2.0
8059431926,2998110019,SOLD,2600000,,4.0,3.0,2628.0,6578.0,2016.0,SINGLE_FAMILY,"705 W Monroe St, Austin, TX, 78704",Austin,TX,78704,30.249733,-97.756866,0.0,17.0,,sold,2026-08-10T08:49:52.223922,,2.0
7212540544,2996349137,SOLD,638000,,2.0,2.0,1709.0,2387.0,2012.0,TOWNHOMES,"2520 Bluebonnet Ln Unit 21, Austin, TX, 78704",Austin,TX,78704,30.245597,-97.776727,581.0,50.0,,sold,2026-08-10T08:49:52.223922,2.0,2.0
9201129647,2994060455,SOLD,189000,,0.0,1.0,420.0,,1972.0,CONDOS,"3819 Southway Dr Apt 208, Austin, TX, 78704",Austin,TX,78704,30.230932,-97.776321,0.0,95.0,,sold,2026-08-10T08:49:52.223922,,2.0
8497550644,2994475839,SOLD,1100000,,4.0,2.0,1954.0,10803.0,1976.0,SINGLE_FAMILY,"2607 Barton Hills Dr, Austin, TX, 78704",Austin,TX,78704,30.252577,-97.793495,0.0,88.0,,sold,2026-08-10T08:49:52.223922,2.0,2.0
8985761608,2992506025,SOLD,1349000,,3.0,2.0,2245.0,5942.0,2002.0,SINGLE_FAMILY,"704 W Live Oak St, Austin, TX, 78704",Austin,TX,78704,30.245273,-97.759406,0.0,130.0,,sold,2026-08-10T08:49:52.223922,,2.0
9917390732,2997468893,SOLD,499900,,4.0,3.0,1448.0,6504.0,2021.0,CONDOS,"2100 Prather Ln Unit 2, Austin, TX, 78704",Austin,TX,78704,30.234644,-97.786939,,30.0,,sold,2026-08-10T08:49:52.223922,3.0,2.0
9619940034,2991170622,SOLD,685000,,3.0,3.0,1744.0,3576.0,2022.0,CONDOS,"410 W Alpine Rd Unit 7, Austin, TX, 78704",Austin,TX,78704,30.23015,-97.764684,325.0,165.0,,sold,2026-08-10T08:49:52.223922,1.0,3.0
7291131698,2994632533,SOLD,249900,,1.0,1.0,648.0,2540.0,1984.0,CONDOS,"802 S 1st St Apt 121, Austin, TX, 78704",Austin,TX,78704,30.255329,-97.752334,438.0,78.0,,sold,2026-08-10T08:49:52.223922,1.0,1.0
7075311693,2996001171,SOLD,899000,,,,,10947.0,,LAND,"3105 Crestvale Dr, Austin, TX, 78704",Austin,TX,78704,30.245245,-97.786586,0.0,50.0,,sold,2026-08-10T08:49:52.223922,,
8125646841,2997328743,SOLD,790000,,3.0,2.0,1717.0,7479.0,1950.0,SINGLE_FAMILY,"412 Crockett St, Austin, TX, 78704",Austin,TX,78704,30.244666,-97.756128,0.0,29.0,,sold,2026-08-10T08:49:52.223922,,1.0
9772946706,2995824745,SOLD,795000,,4.0,2.0,2128.0,7144.0,1982.0,MULTI_FAMILY,"1501 Cinnamon Path Unit A, Austin, TX, 78704",Austin,TX,78704,30.239773,-97.773956,0.0,53.0,,sold,2026-08-10T08:49:52.223922,,2.0
8957542362,2995594448,SOLD,335000,,2.0,2.0,977.0,2439.0,1981.0,CONDOS,"2215 Post Rd Apt 1026, Austin, TX, 78704",Austin,TX,78704,30.239784,-97.750971,500.0,57.0,,sold,2026-08-10T08:49:52.223922,1.0,1.0
7801960306,2994701509,SOLD,1195000,,3.0,3.0,2331.0,5759.0,2015.0,SINGLE_FAMILY,"209 El Paso St, Austin, TX, 78704",Austin,TX,78704,30.234869,-97.759523,0.0,75.0,,sold,2026-08-10T08:49:52.223922,1.0,2.0
7831586730,2991457212,SOLD,480000,,3.0,2.0,1135.0,7009.0,1969.0,SINGLE_FAMILY,"1005 Daphne Ct, Austin, TX, 78704",Austin,TX,78704,30.233242,-97.772274,0.0,153.0,,sold,2026-08-10T08:49:52.223922,2.0,1.0
8455153710,2992441994,SOLD,824900,,3.0,2.0,1640.0,3659.0,2001.0,SINGLE_FAMILY,"1616 Bridgeway Dr, Austin, TX, 78704",Austin,TX,78704,30.24281,-97.773953,50.0,124.0,,sold,2026-08-10T08:49:52.223922,2.0,2.0
7760662977,2993433126,SOLD,239000,,1.0,1.0,575.0,2309.0,1984.0,CONDOS,"802 S 1st St Apt 115, Austin, TX, 78704",Austin,TX,78704,30.255329,-97.752334,314.0,96.0,,sold,2026-08-10T08:49:52.223922,,1.0
7821797832,2996408624,SOLD,1200000,,3.0,2.0,1610.0,1037.0,2008.0,CONDOS,"1600 Barton Springs Rd Unit 5106, Austin, TX, 78704",Austin,TX,78704,30.262351,-97.761535,1245.0,41.0,,sold,2026-08-10T08:49:52.223922,2.0,1.0
8042986456,2995387988,SOLD,3199000,,3.0,4.0,4162.0,10402.0,2026.0,SINGLE_FAMILY,"2703 Oak Park Dr, Austin, TX, 78704",Austin,TX,78704,30.249446,-97.784738,0.0,59.0,,sold,2026-08-10T08:49:52.223922,1.0,2.0
8335609826,2997845747,SOLD,685000,,2.0,1.0,1242.0,5955.0,1940.0,SINGLE_FAMILY,"901 Jessie St, Austin, TX, 78704",Austin,TX,78704,30.257547,-97.762301,0.0,13.0,,sold,2026-08-10T08:49:52.223922,,2.0
8453646809,2994438827,SOLD,1199900,,4.0,3.0,1964.0,5667.0,1962.0,SINGLE_FAMILY,"207 El Paso St, Austin, TX, 78704",Austin,TX,78704,30.234826,-97.759371,0.0,77.0,,sold,2026-08-10T08:49:52.223922,,1.0
7587129697,2991921968,SOLD,759000,,3.0,3.0,1711.0,1742.0,2013.0,CONDOS,"2301 S 5th St Apt 25, Austin, TX, 78704",Austin,TX,78704,30.244797,-97.764015,680.0,133.0,,sold,2026-08-10T08:49:52.223922,2.0,3.0
9428425772,2992308557,SOLD,375000,,1.0,1.0,663.0,8969.0,1972.0,CONDOS,"1219 Hollow Creek Dr Apt 1, Austin, TX, 78704",Austin,TX,78704,30.260592,-97.775043,210.0,121.0,,sold,2026-08-10T08:49:52.223922,,1.0
9726367760,2990036612,SOLD,255000,,0.0,1.0,520.0,172715.0,2017.0,CONDOS,"2505 Thornton Rd Unit 1105, Austin, TX, 78704",Austin,TX,78704,30.243095,-97.772774,208.0,184.0,,sold,2026-08-10T08:49:52.223922,,1.0
8926516432,2993371170,SOLD,1299000,,3.0,2.0,2292.0,5227.0,2009.0,SINGLE_FAMILY,"2009 Arthur Ln Unit A, Austin, TX, 78704",Austin,TX,78704,30.25334,-97.778584,0.0,92.0,,sold,2026-08-10T08:49:52.223922,2.0,2.0
9715360725,2993081739,SOLD,625000,,2.0,2.0,1142.0,4792.0,2022.0,SINGLE_FAMILY,"3112 Powell Cir, Austin, TX, 78704",Austin,TX,78704,30.232768,-97.763245,,99.0,,sold,2026-08-10T08:49:52.223922,1.0,2.0
8097415153,2996657275,SOLD,675000,,3.0,3.0,1595.0,4190.0,2009.0,SINGLE_FAMILY,"3001 Corbin Ln, Austin, TX, 78704",Austin,TX,78704,30.238128,-97.772336,90.0,32.0,,sold,2026-08-10T08:49:52.223922,1.0,2.0
7988216710,2993596365,SOLD,1950000,,4.0,3.0,2520.0,6273.0,2019.0,SINGLE_FAMILY,"1811 Collier St, Austin, TX, 78704",Austin,TX,78704,30.254755,-97.770245,0.0,85.0,,sold,2026-08-10T08:49:52.223922,,2.0
8750835883,2993419047,SOLD,1050000,,4.0,2.0,1976.0,18199.0,1975.0,SINGLE_FAMILY,"2600 Clear Cv, Austin, TX, 78704",Austin,TX,78704,30.251162,-97.794273,0.0,89.0,,sold,2026-08-10T08:49:52.223922,2.0,2.0
9257820387,2990754282,SOLD,385000,,2.0,1.0,950.0,172715.0,2017.0,CONDOS,"2505 Thornton Rd Unit 2303, Austin, TX, 78704",Austin,TX,78704,30.243095,-97.772774,238.0,158.0,,sold,2026-08-10T08:49:52.223922,,1.0
8614565704,2994014325,SOLD,2195000,,3.0,2.0,2300.0,5750.0,2020.0,SINGLE_FAMILY,"2107 Peach Tree St, Austin, TX, 78704",Austin,TX,78704,30.255052,-97.774145,0.0,81.0,,sold,2026-08-10T08:49:52.223922,2.0,2.0
8062076585,2995633788,SOLD,760000,,3.0,2.0,1328.0,9583.0,1963.0,SINGLE_FAMILY,"2712 Friar Tuck Ln, Austin, TX, 78704",Austin,TX,78704,30.232648,-97.75305,0.0,48.0,,sold,2026-08-10T08:49:52.223922,,1.0
8100040765,2993147883,SOLD,850000,,3.0,3.0,1622.0,4326.0,2015.0,CONDOS,"2411 Euclid Ave Unit A, Austin, TX, 78704",Austin,TX,78704,30.239226,-97.756212,0.0,96.0,,sold,2026-08-10T08:49:52.223922,,2.0
7250499559,2987055043,SOLD,839900,,8.0,4.0,3870.0,8002.0,1972.0,MULTI_FAMILY,"3507 Alpine Cir, Austin, TX, 78704",Austin,TX,78704,30.229294,-97.762329,0.0,274.0,,sold,2026-08-10T08:49:52.223922,,2.0
7584347866,2994508946,SOLD,345000,,2.0,2.0,1105.0,1821.0,1963.0,CONDOS,"2303 East Side Dr Apt 209, Austin, TX, 78704",Austin,TX,78704,30.236855,-97.748637,458.0,71.0,,sold,2026-08-10T08:49:52.223922,,1.0
7459933272,2982767483,SOLD,249900,,2.0,2.0,920.0,2657.0,1985.0,CONDOS,"3204 Menchaca Rd Apt 212, Austin, TX, 78704",Austin,TX,78704,30.240281,-97.782676,401.0,391.0,,sold,2026-08-10T08:49:52.223922,,1.0
9102474870,2992268050,SOLD,240000,,1.0,1.0,644.0,2004.0,1972.0,CONDOS,"3102 Glen Ora St Unit 102, Austin, TX, 78704",Austin,TX,78704,30.240465,-97.781165,210.0,115.0,,sold,2026-08-10T08:49:52.223922,,1.0
7776920711,2996271387,SOLD,300000,,2.0,1.0,856.0,1342.0,1980.0,CONDOS,"900 S Lamar Blvd Apt 207, Austin, TX, 78704",Austin,TX,78704,30.257295,-97.760989,480.0,31.0,,sold,2026-08-10T08:49:52.223922,1.0,1.0
8772693994,2997165105,SOLD,1190000,,4.0,3.0,2382.0,8298.0,1980.0,SINGLE_FAMILY,"1313 Alameda Dr, Austin, TX, 78704",Austin,TX,78704,30.248104,-97.741814,0.0,20.0,,sold,2026-08-10T08:49:52.223922,2.0,3.0
8334417316,2993403919,SOLD,3150000,,6.0,5.0,4427.0,9087.0,2018.0,SINGLE_FAMILY,"700 Jessie St, Austin, TX, 78704",Austin,TX,78704,30.259604,-97.761672,0.0,84.0,,sold,2026-08-10T08:49:52.223922,,2.0
8601456925,2994667465,SOLD,2999000,,5.0,4.0,3709.0,11613.0,2026.0,SINGLE_FAMILY,"2605 Forest Bend Dr, Austin, TX, 78704",Austin,TX,78704,30.252939,-97.792658,0.0,61.0,,sold,2026-08-10T08:49:52.223922,3.0,2.0
8393823934,2994471362,SOLD,420000,,2.0,2.0,1236.0,1263.0,2016.0,CONDOS,"3600 S Lamar Blvd Apt 100, Austin, TX, 78704",Austin,TX,78704,30.239382,-97.788928,700.0,67.0,,sold,2026-08-10T08:49:52.223922,2.0,1.0
7467927533,2995458234,SOLD,999000,,2.0,2.0,1650.0,3833.0,2013.0,CONDOS,"909 W Johanna St Apt A, Austin, TX, 78704",Austin,TX,78704,30.247019,-97.762151,208.0,46.0,,sold,2026-08-10T08:49:52.223922,,2.0
7015358496,2996270686,SOLD,253900,,1.0,1.0,640.0,1420.0,1973.0,CONDOS,"2200 Dickson Dr Apt 231, Austin, TX, 78704",Austin,TX,78704,30.246374,-97.78039,307.0,30.0,,sold,2026-08-10T08:49:52.223922,,1.0
8904774674,2992605451,SOLD,1190000,,5.0,3.0,2089.0,5785.0,1925.0,SINGLE_FAMILY,"808 W Elizabeth St, Austin, TX, 78704",Austin,TX,78704,30.25212,-97.757081,0.0,106.0,,sold,2026-08-10T08:49:52.223922,,2.0
8143128573,2989919091,SOLD,539000,,2.0,2.0,935.0,601.0,2008.0,CONDOS,"1600 Barton Springs Rd Unit 3406, Austin, TX, 78704",Austin,TX,78704,30.262351,-97.761535,720.0,179.0,,sold,2026-08-10T08:49:52.223922,2.0,1.0
8154677010,2987818955,SOLD,1749280,,5.0,4.0,3016.0,5824.0,2025.0,SINGLE_FAMILY,"308 El Paso St, Austin, TX, 78704",Austin,TX,78704,30.235628,-97.759883,0.0,243.0,,sold,2026-08-10T08:49:52.223922,,3.0
7173933028,2994670540,SOLD,2985000,,3.0,3.0,4117.0,24646.0,1934.0,SINGLE_FAMILY,"806 Rosedale Ter, Austin, TX, 78704",Austin,TX,78704,30.241206,-97.744827,0.0,60.0,,sold,2026-08-10T08:49:52.223922,,2.0
7975812376,2994472136,SOLD,674000,,2.0,2.0,1357.0,4391.0,1980.0,CONDOS,"2101 Airole Way Unit B, Austin, TX, 78704",Austin,TX,78704,30.253509,-97.780128,0.0,66.0,,sold,2026-08-10T08:49:52.223922,1.0,2.0
7271546106,2994829469,SOLD,1890000,,4.0,3.0,2101.0,15324.0,1984.0,SINGLE_FAMILY,"1809 Barton Hills Dr, Austin, TX, 78704",Austin,TX,78704,30.257163,-97.781001,0.0,56.0,,sold,2026-08-10T08:49:52.223922,2.0,1.0
8935848662,2992070746,SOLD,999977,,3.0,2.0,1686.0,1085.0,2008.0,CONDOS,"1600 Barton Springs Rd Unit 4401, Austin, TX, 78704",Austin,TX,78704,30.262351,-97.761535,1200.0,118.0,,sold,2026-08-10T08:49:52.223922,2.0,1.0
9535990188,2993726016,SOLD,850000,,2.0,2.0,1008.0,7902.0,2019.0,SINGLE_FAMILY,"613 W Mary St Unit B, Austin, TX, 78704",Austin,TX,78704,30.246697,-97.757605,,71.0,,sold,2026-08-10T08:49:52.223922,,1.0
9372913977,2991744394,SOLD,1450000,,3.0,2.0,1759.0,10263.0,2025.0,CONDOS,"107 W Johanna St Unit A, Austin, TX, 78704",Austin,TX,78704,30.244041,-97.752571,0.0,125.0,,sold,2026-08-10T08:49:52.223922,2.0,3.0
8550182750,2995630188,SOLD,1475000,,5.0,3.0,2522.0,8041.0,1963.0,SINGLE_FAMILY,"2508 Friar Tuck Ln, Austin, TX, 78704",Austin,TX,78704,30.235509,-97.750373,0.0,36.0,,sold,2026-08-10T08:49:52.223922,1.0,2.0
8633964293,2997492683,SOLD,575000,,3.0,1.0,1296.0,7362.0,1970.0,SINGLE_FAMILY,"Austin, TX, 78704",Austin,TX,78704,30.232073,-97.772564,0.0,5.0,,sold,2026-08-10T08:49:52.223922,,1.0
9978935251,2993680346,SOLD,645000,,3.0,3.0,1712.0,4356.0,2018.0,CONDOS,"3300 S 5th St Unit A, Austin, TX, 78704",Austin,TX,78704,30.234618,-97.769312,,70.0,,sold,2026-08-10T08:49:52.223922,2.0,2.0
7373993727,2994948623,SOLD,399000,,2.0,1.0,945.0,3115.0,2014.0,CONDOS,"2804 Treble Ln Unit 931, Austin, TX, 78704",Austin,TX,78704,30.238122,-97.767755,467.0,48.0,,sold,2026-08-10T08:49:52.223922,1.0,1.0
7422194059,2994954075,SOLD,750000,,3.0,2.0,1206.0,2696.0,2018.0,SINGLE_FAMILY,"2010 Goodrich Ave Unit 8B, Austin, TX, 78704",Austin,TX,78704,30.251351,-97.772261,126.0,47.0,,sold,2026-08-10T08:49:52.223922,1.0,2.0
7104469588,2987470187,SOLD,935000,,,,,18888.0,,LAND,"601 Sandringham Cir, Austin, TX, 78704",Austin,TX,78704,30.237684,-97.749169,0.0,247.0,,sold,2026-08-10T08:49:52.223922,,
9567504010,2997557838,SOLD,699000,,3.0,2.0,2238.0,3759.0,2004.0,SINGLE_FAMILY,"621 12 Oaks Ln, Austin, TX, 78704",Austin,TX,78704,30.233868,-97.765831,0.0,,,sold,2026-08-10T08:49:52.223922,2.0,2.0
8868701242,2994903102,SOLD,1299000,,4.0,3.0,2445.0,6316.0,1949.0,SINGLE_FAMILY,"2110 DE Verne St, Austin, TX, 78704",Austin,TX,78704,30.249908,-97.778812,0.0,46.0,,sold,2026-08-10T08:49:52.223922,,2.0
7157205052,2992968758,SOLD,720000,,1.0,1.0,836.0,2788.0,1948.0,SINGLE_FAMILY,"206 W Milton St Unit B, Austin, TX, 78704",Austin,TX,78704,30.247708,-97.752478,24.0,87.0,,sold,2026-08-10T08:49:52.223922,,1.0
8113837542,2992982676,SOLD,1100000,,3.0,3.0,1706.0,1089.0,2010.0,CONDOS,"1600 Barton Springs Rd Unit 1301, Austin, TX, 78704",Austin,TX,78704,30.262351,-97.761535,1314.0,86.0,,sold,2026-08-10T08:49:52.223922,2.0,1.0
7196627987,2989376373,SOLD,1249000,,3.0,2.0,1314.0,9448.0,2013.0,SINGLE_FAMILY,"801 Post Oak St, Austin, TX, 78704",Austin,TX,78704,30.257121,-97.754031,0.0,192.0,,sold,2026-08-10T08:49:52.223922,,2.0
8594583758,2995387751,SOLD,749000,,2.0,2.0,923.0,3123.0,2020.0,SINGLE_FAMILY,"2216 Lindell Ave Unit 2, Austin, TX, 78704",Austin,TX,78704,30.241039,-97.754077,,35.0,,sold,2026-08-10T08:49:52.223922,,1.0
8440129605,2989091117,SOLD,2280000,,5.0,4.0,3315.0,6421.0,2025.0,SINGLE_FAMILY,"1003 Juanita St, Austin, TX, 78704",Austin,TX,78704,30.241856,-97.765457,0.0,198.0,,sold,2026-08-10T08:49:52.223922,2.0,2.0
7046615694,2993006032,SOLD,2550000,,4.0,3.0,2947.0,5101.0,2023.0,SINGLE_FAMILY,"1502 Juliet St, Austin, TX, 78704",Austin,TX,78704,30.258822,-97.762167,0.0,82.0,,sold,2026-08-10T08:49:52.223922,1.0,2.0
9747769822,2994731485,SOLD,1899000,,3.0,2.0,2640.0,9104.0,2022.0,SINGLE_FAMILY,"809 Mariposa Dr Unit 1, Austin, TX, 78704",Austin,TX,78704,30.24173,-97.744501,0.0,47.0,,sold,2026-08-10T08:49:52.223922,2.0,3.0
8176143936,2992190380,SOLD,1495000,,3.0,2.0,2116.0,5793.0,2019.0,SINGLE_FAMILY,"208 El Paso St, Austin, TX, 78704",Austin,TX,78704,30.235258,-97.759213,0.0,103.0,,sold,2026-08-10T08:49:52.223922,1.0,1.0
8364677261,2995391531,SOLD,1675000,,3.0,2.0,1958.0,9840.0,1959.0,SINGLE_FAMILY,"2003 Dexter St, Austin, TX, 78704",Austin,TX,78704,30.25956,-97.769956,0.0,33.0,,sold,2026-08-10T08:49:52.223922,2.0,1.0
7825826437,2995993774,SOLD,1485000,,4.0,2.0,1919.0,9405.0,1960.0,SINGLE_FAMILY,"2301 Alta Vista Ave, Austin, TX, 78704",Austin,TX,78704,30.237305,-97.746631,0.0,21.0,,sold,2026-08-10T08:49:52.223922,,1.0
7205368610,2991695677,SOLD,2845000,,4.0,3.0,3280.0,19898.0,1973.0,SINGLE_FAMILY,"1805 Brookhaven Dr, Austin, TX, 78704",Austin,TX,78704,30.259908,-97.780618,0.0,117.0,,sold,2026-08-10T08:49:52.223922,2.0,2.0
8775995438,2994367845,SOLD,599000,,2.0,2.0,1117.0,719.0,2008.0,CONDOS,"1600 Barton Springs Rd Unit 4205, Austin, TX, 78704",Austin,TX,78704,30.262351,-97.761535,793.0,54.0,,sold,2026-08-10T08:49:52.223922,2.0,1.0
7125918230,2992968480,SOLD,299000,,2.0,1.0,1034.0,2932.0,1972.0,CONDOS,"1912 Lightsey Rd Apt 2, Austin, TX, 78704",Austin,TX,78704,30.241216,-97.779936,435.0,81.0,,sold,2026-08-10T08:49:52.223922,,2.0
7202710285,2994795566,SOLD,599900,,3.0,2.0,1160.0,4173.0,2000.0,SINGLE_FAMILY,"1011 Brodie St Apt 32, Austin, TX, 78704",Austin,TX,78704,30.246834,-97.763826,200.0,43.0,,sold,2026-08-10T08:49:52.223922,2.0,1.0
7585467222,2998299846,PENDING,1495000,,2.0,2.0,1371.0,6490.0,1935.0,SINGLE_FAMILY,"804 W 30 1/2 St, Austin, TX, 78705",Austin,TX,78705,30.299065,-97.745036,0.0,31.0,1090.0,for_sale,2026-08-10T08:49:56.638649,1.0,1.0
7140288272,2998335649,FOR_SALE,1980000,,6.0,6.0,4246.0,6098.0,1926.0,SINGLE_FAMILY,"800 Leonard St, Austin, TX, 78705",Austin,TX,78705,30.29031,-97.730595,0.0,31.0,466.0,for_sale,2026-08-10T08:49:56.638649,1.0,2.0
7289974495,2999351593,FOR_SALE,369000,,3.0,2.0,1036.0,87.0,2007.0,CONDOS,"2502 Leon St Apt 508, Austin, TX, 78705",Austin,TX,78705,30.289856,-97.749467,558.0,3.0,356.0,for_sale,2026-08-10T08:49:56.638649,2.0,2.0
7544735547,2991942249,FOR_SALE,2750000,,4.0,3.0,3371.0,16396.0,2012.0,SINGLE_FAMILY,"3006 Washington Sq, Austin, TX, 78705",Austin,TX,78705,30.298192,-97.743934,0.0,164.0,816.0,for_sale,2026-08-10T08:49:56.638649,4.0,2.0
7547387206,2997963230,FOR_SALE,650000,,2.0,1.0,933.0,5937.0,1931.0,SINGLE_FAMILY,"3014 Hemphill Park, Austin, TX, 78705",Austin,TX,78705,30.296605,-97.739976,0.0,39.0,697.0,for_sale,2026-08-10T08:49:56.638649,2.0,1.0
7932650224,2995674375,FOR_SALE,725000,,2.0,1.0,1116.0,7105.0,1935.0,SINGLE_FAMILY,"605 Texas Ave, Austin, TX, 78705",Austin,TX,78705,30.29694,-97.729217,0.0,82.0,650.0,for_sale,2026-08-10T08:49:56.638649,1.0,1.0
8597291976,2997955282,FOR_SALE,270000,,2.0,1.0,777.0,1011.0,1981.0,CONDOS,"2110 Rio Grande St Apt 303, Austin, TX, 78705",Austin,TX,78705,30.284802,-97.74543,273.0,39.0,347.0,for_sale,2026-08-10T08:49:56.638649,,1.0
7829841435,2996722994,FOR_SALE,675000,,3.0,2.0,1463.0,5367.0,1922.0,SINGLE_FAMILY,"307 E 35th St Unit A, Austin, TX, 78705",Austin,TX,78705,30.298114,-97.732488,0.0,64.0,461.0,for_sale,2026-08-10T08:49:56.638649,,1.0
7047775463,2998485650,FOR_SALE,349900,,2.0,2.0,1100.0,1176.0,2006.0,CONDOS,"3016 Guadalupe St Apt 217, Austin, TX, 78705",Austin,TX,78705,30.297818,-97.741582,569.0,26.0,318.0,for_sale,2026-08-10T08:49:56.638649,,1.0
8889954691,2992841836,FOR_SALE,234000,,1.0,1.0,798.0,958.0,1966.0,CONDOS,"1110 W 22nd St Apt 13, Austin, TX, 78705",Austin,TX,78705,30.285956,-97.750702,427.0,139.0,293.0,for_sale,2026-08-10T08:49:56.638649,,2.0
8816576826,2995854360,FOR_SALE,325000,,2.0,2.0,1090.0,1742.0,1982.0,CONDOS,"2612 San Pedro St Apt 219, Austin, TX, 78705",Austin,TX,78705,30.292127,-97.746309,305.0,79.0,298.0,for_sale,2026-08-10T08:49:56.638649,1.0,2.0
9115568292,2998536778,FOR_SALE,209999,,1.0,1.0,434.0,680.0,1981.0,CONDOS,"912 W 22 1/2 St Unit F, Austin, TX, 78705",Austin,TX,78705,30.28664,-97.747589,120.0,25.0,484.0,for_sale,2026-08-10T08:49:56.638649,,2.0
8135824143,2992621986,FOR_SALE,2650000,,3.0,2.0,3944.0,9139.0,1925.0,SINGLE_FAMILY,"204 W 32nd St, Austin, TX, 78705",Austin,TX,78705,30.297832,-97.737923,0.0,146.0,672.0,for_sale,2026-08-10T08:49:56.638649,2.0,2.0
7512998445,2995456926,FOR_SALE,325000,,2.0,2.0,832.0,1080.0,1981.0,CONDOS,"2801 Rio Grande St Apt 308, Austin, TX, 78705",Austin,TX,78705,30.293694,-97.743718,225.0,86.0,391.0,for_sale,2026-08-10T08:49:56.638649,,1.0
8391526594,2993194865,FOR_SALE,499900,,3.0,3.0,1250.0,305.0,2008.0,CONDOS,"910 W 25th St Apt 503, Austin, TX, 78705",Austin,TX,78705,30.289645,-97.747357,600.0,129.0,400.0,for_sale,2026-08-10T08:49:56.638649,3.0,1.0
7168772934,2997838512,FOR_SALE,349900,,3.0,2.0,1273.0,,1981.0,CONDOS,"2401 Leon St Apt 206, Austin, TX, 78705",Austin,TX,78705,30.288541,-97.748891,322.0,41.0,275.0,for_sale,2026-08-10T08:49:56.638649,2.0,1.0
7436500757,2990741274,FOR_SALE,299000,,2.0,2.0,1005.0,1268.0,1984.0,CONDOS,"1910 Robbins Pl Apt 105, Austin, TX, 78705",Austin,TX,78705,30.284729,-97.749714,443.0,192.0,298.0,for_sale,2026-08-10T08:49:56.638649,1.0,1.0
7453044361,2996649105,FOR_SALE,150000,,1.0,1.0,399.0,749.0,1981.0,CONDOS,"3316 Guadalupe St Apt 213, Austin, TX, 78705",Austin,TX,78705,30.300447,-97.740356,313.0,65.0,376.0,for_sale,2026-08-10T08:49:56.638649,,1.0
7850172989,2997426121,FOR_SALE,1900000,,6.0,5.0,4274.0,14501.0,1901.0,SINGLE_FAMILY,"614 W 32nd St, Austin, TX, 78705",Austin,TX,78705,30.299949,-97.74166,0.0,52.0,445.0,for_sale,2026-08-10T08:49:56.638649,,2.0
7121035262,2994560123,PENDING,639000,,4.0,2.0,1586.0,6316.0,1940.0,MULTI_FAMILY,"3211 Tom Green St, Austin, TX, 78705",Austin,TX,78705,30.295812,-97.7329,0.0,104.0,403.0,for_sale,2026-08-10T08:49:56.638649,,2.0
7737443144,2998536569,FOR_SALE,895000,,3.0,3.0,2253.0,1634.0,2020.0,SINGLE_FAMILY,"1002 Concordia Ave, Austin, TX, 78705",Austin,TX,78705,30.293411,-97.721621,30.0,25.0,397.0,for_sale,2026-08-10T08:49:56.638649,2.0,3.0
8290636955,2999067380,FOR_SALE,199900,,2.0,1.0,509.0,653.0,1981.0,CONDOS,"1905 San Gabriel St Apt 206, Austin, TX, 78705",Austin,TX,78705,30.284046,-97.747907,275.0,10.0,393.0,for_sale,2026-08-10T08:49:56.638649,,2.0
8695052772,2997631241,FOR_SALE,299900,,2.0,2.0,814.0,1032.0,1984.0,CONDOS,"2804 Rio Grande St Apt 208, Austin, TX, 78705",Austin,TX,78705,30.294035,-97.744379,295.0,46.0,368.0,for_sale,2026-08-10T08:49:56.638649,2.0,1.0
9308327966,2999010463,FOR_SALE,179000,,1.0,1.0,638.0,13491.0,1969.0,CONDOS,"3703 Harmon Ave Apt 104, Austin, TX, 78705",Austin,TX,78705,30.294064,-97.721046,269.0,11.0,281.0,for_sale,2026-08-10T08:49:56.638649,,1.0
8743570398,2993338696,FOR_SALE,249900,,2.0,2.0,842.0,1045.0,1975.0,CONDOS,"1010 W 23rd St Apt 2, Austin, TX, 78705",Austin,TX,78705,30.28743,-97.749061,490.0,125.0,297.0,for_sale,2026-08-10T08:49:56.638649,,1.0
9593280874,2997735264,FOR_SALE,1150000,,4.0,3.0,1929.0,6704.0,1936.0,SINGLE_FAMILY,"311 E 35th St, Austin, TX, 78705",Austin,TX,78705,30.29808,-97.732155,0.0,44.0,596.0,for_sale,2026-08-10T08:49:56.638649,,2.0
7415554823,2995174000,FOR_SALE,549000,,2.0,1.0,905.0,3093.0,1937.0,SINGLE_FAMILY,"3403 King St, Austin, TX, 78705",Austin,TX,78705,30.301526,-97.740858,0.0,90.0,607.0,for_sale,2026-08-10T08:49:56.638649,,1.0
8884873255,2994594537,FOR_SALE,245000,,2.0,1.0,716.0,828.0,1984.0,CONDOS,"2414 Longview St Apt 101, Austin, TX, 78705",Austin,TX,78705,30.289464,-97.75116,215.0,103.0,342.0,for_sale,2026-08-10T08:49:56.638649,,1.0
8502725535,2997302948,FOR_SALE,395000,,3.0,2.0,1211.0,797.0,1997.0,CONDOS,"501 W 26th St Apt 121, Austin, TX, 78705",Austin,TX,78705,30.290054,-97.742512,499.0,55.0,326.0,for_sale,2026-08-10T08:49:56.638649,2.0,1.0
8706736272,2995422174,FOR_SALE,1995000,,9.0,4.0,3142.0,6926.0,1937.0,SINGLE_FAMILY,"2511 San Gabriel St, Austin, TX, 78705",Austin,TX,78705,30.290405,-97.747302,0.0,87.0,635.0,for_sale,2026-08-10T08:49:56.638649,,1.0
9041217109,2998598930,FOR_SALE,339000,,1.0,1.0,701.0,915.0,2020.0,CONDOS,"913 Duncan Ln Unit 203, Austin, TX, 78705",Austin,TX,78705,30.291882,-97.724734,230.0,24.0,484.0,for_sale,2026-08-10T08:49:56.638649,,3.0
8774201109,2996059800,FOR_SALE,315000,,2.0,2.0,885.0,,1982.0,CONDOS,"1908 San Antonio St Apt 303, Austin, TX, 78705",Austin,TX,78705,30.282951,-97.743406,265.0,74.0,356.0,for_sale,2026-08-10T08:49:56.638649,2.0,1.0
7436947949,2988684682,FOR_SALE,309500,,2.0,2.0,1020.0,1285.0,1984.0,CONDOS,"1910 Robbins Pl Apt 301, Austin, TX, 78705",Austin,TX,78705,30.284729,-97.749714,369.0,264.0,303.0,for_sale,2026-08-10T08:49:56.638649,2.0,1.0
8452155651,2991921564,FOR_SALE,385000,,4.0,2.0,1543.0,784.0,1981.0,CONDOS,"2401 Leon St Apt 307, Austin, TX, 78705",Austin,TX,78705,30.288541,-97.748891,343.0,164.0,250.0,for_sale,2026-08-10T08:49:56.638649,2.0,2.0
9120318186,2995416460,FOR_SALE,655000,,2.0,1.0,846.0,5314.0,1937.0,SINGLE_FAMILY,"2905 Rio Grande St, Austin, TX, 78705",Austin,TX,78705,30.296265,-97.743622,,87.0,774.0,for_sale,2026-08-10T08:49:56.638649,,1.0
7191348392,2992148535,FOR_SALE,245999,,2.0,2.0,699.0,897.0,1962.0,CONDOS,"803 W 28th St Apt 106, Austin, TX, 78705",Austin,TX,78705,30.293232,-97.74556,312.0,157.0,352.0,for_sale,2026-08-10T08:49:56.638649,,1.0
8766902059,2995426544,FOR_SALE,1100000,,3.0,2.0,2080.0,6665.0,1950.0,SINGLE_FAMILY,"1204 W 22 1/2 St, Austin, TX, 78705",Austin,TX,78705,30.286879,-97.751546,0.0,87.0,529.0,for_sale,2026-08-10T08:49:56.638649,,1.0
7633689351,2995655376,CONTINGENT,1595000,,5.0,3.0,2880.0,8673.0,1935.0,SINGLE_FAMILY,"501 Carolyn Ave, Austin, TX, 78705",Austin,TX,78705,30.296602,-97.730919,0.0,82.0,554.0,for_sale,2026-08-10T08:49:56.638649,3.0,2.0
8178451459,2998903303,FOR_SALE,385000,,2.0,2.0,1072.0,1045.0,1985.0,CONDOS,"3001 Cedar St Unit A211, Austin, TX, 78705",Austin,TX,78705,30.295155,-97.737854,565.0,15.0,359.0,for_sale,2026-08-10T08:49:56.638649,2.0,1.0
8290562423,2995710890,FOR_SALE,259000,,2.0,1.0,513.0,806.0,1982.0,CONDOS,"2210 Pearl St Apt 301, Austin, TX, 78705",Austin,TX,78705,30.286465,-97.746747,273.0,81.0,505.0,for_sale,2026-08-10T08:49:56.638649,,1.0
7418454749,2997959471,PENDING,219900,,2.0,2.0,671.0,915.0,1962.0,CONDOS,"803 W 28th St Apt 107, Austin, TX, 78705",Austin,TX,78705,30.293232,-97.74556,312.0,39.0,328.0,for_sale,2026-08-10T08:49:56.638649,,1.0
7633689351,2995595070,CONTINGENT,1595000,,5.0,3.0,2880.0,8673.0,1935.0,MULTI_FAMILY,"501 Carolyn Ave, Austin, TX, 78705",Austin,TX,78705,30.296602,-97.730919,0.0,83.0,554.0,for_sale,2026-08-10T08:49:56.638649,3.0,2.0
8913493499,2990715957,FOR_SALE,223500,,2.0,1.0,789.0,861.0,1963.0,TOWNHOMES,"2413 Leon St Apt 108, Austin, TX, 78705",Austin,TX,78705,30.289224,-97.748827,308.0,193.0,283.0,for_sale,2026-08-10T08:49:56.638649,1.0,2.0
9526497077,2998031236,FOR_SALE,494900,,2.0,2.0,1161.0,479.0,2021.0,CONDOS,"2500 Longview St Unit 302, Austin, TX, 78705",Austin,TX,78705,30.290089,-97.75106,571.0,38.0,426.0,for_sale,2026-08-10T08:49:56.638649,2.0,1.0
7476016109,2991766211,FOR_SALE,1665000,,4.0,4.0,2847.0,7527.0,1939.0,SINGLE_FAMILY,"708 Sparks Ave, Austin, TX, 78705",Austin,TX,78705,30.291974,-97.730666,0.0,170.0,585.0,for_sale,2026-08-10T08:49:56.638649,,2.0
8137821982,2997580746,FOR_SALE,349000,,4.0,2.0,1229.0,,1982.0,CONDOS,"3506 Speedway St Unit 301, Austin, TX, 78705",Austin,TX,78705,30.300065,-97.734238,278.0,47.0,284.0,for_sale,2026-08-10T08:49:56.638649,1.0,2.0
8150343339,2996002467,FOR_SALE,154900,,1.0,1.0,421.0,749.0,1981.0,CONDOS,"3316 Guadalupe St Apt 309, Austin, TX, 78705",Austin,TX,78705,30.300447,-97.740356,300.0,75.0,368.0,for_sale,2026-08-10T08:49:56.638649,1.0,1.0
8688539272,2991504274,FOR_SALE,405000,,2.0,2.0,1059.0,392.0,2004.0,CONDOS,"711 W 26th St Apt 508, Austin, TX, 78705",Austin,TX,78705,30.290536,-97.745546,452.0,178.0,382.0,for_sale,2026-08-10T08:49:56.638649,2.0,1.0
9469853213,2996622549,FOR_SALE,485000,,2.0,2.0,1010.0,418.0,2021.0,CONDOS,"2500 Longview St Unit 318, Austin, TX, 78705",Austin,TX,78705,30.289828,-97.750918,497.0,66.0,480.0,for_sale,2026-08-10T08:49:56.638649,2.0,1.0
7156199791,2998540743,FOR_SALE,255000,,0.0,1.0,556.0,479.0,1977.0,CONDOS,"2529 Rio Grande St Apt 100, Austin, TX, 78705",Austin,TX,78705,30.289972,-97.744083,0.0,25.0,459.0,for_sale,2026-08-10T08:49:56.638649,1.0,1.0
9285062256,2998641792,FOR_SALE,189000,,1.0,1.0,450.0,806.0,1950.0,CONDOS,"204 E 30th St Unit 101, Austin, TX, 78705",Austin,TX,78705,30.293556,-97.736199,150.0,23.0,420.0,for_sale,2026-08-10T08:49:56.638649,,1.0
9937098104,2997740424,FOR_SALE,1150000,,4.0,3.0,1929.0,6704.0,1936.0,MULTI_FAMILY,"311 E 35th St Unit A /B, Austin, TX, 78705",Austin,TX,78705,30.29808,-97.732155,0.0,44.0,596.0,for_sale,2026-08-10T08:49:56.638649,,2.0
8454757450,2998488703,FOR_SALE,299000,,2.0,2.0,958.0,823.0,1981.0,CONDOS,"2401 Leon St Apt 210, Austin, TX, 78705",Austin,TX,78705,30.288541,-97.748891,245.0,26.0,312.0,for_sale,2026-08-10T08:49:56.638649,2.0,1.0
9129497156,2995345252,FOR_SALE,299900,,3.0,2.0,1165.0,17028.0,1968.0,CONDOS,"101 E 33rd St Apt 206, Austin, TX, 78705",Austin,TX,78705,30.296898,-97.735497,235.0,88.0,257.0,for_sale,2026-08-10T08:49:56.638649,,2.0
7420877036,2997406256,FOR_SALE,231000,,2.0,2.0,699.0,915.0,1962.0,CONDOS,"803 W 28th St Apt 206, Austin, TX, 78705",Austin,TX,78705,30.293232,-97.74556,283.0,53.0,330.0,for_sale,2026-08-10T08:49:56.638649,2.0,1.0
9649736323,2994010050,FOR_SALE,519000,,2.0,2.0,1229.0,505.0,2021.0,CONDOS,"2500 Longview St Unit 300, Austin, TX, 78705",Austin,TX,78705,30.290089,-97.75106,605.0,115.0,422.0,for_sale,2026-08-10T08:49:56.638649,2.0,1.0
7952855701,2997909420,FOR_SALE,250000,,2.0,1.0,794.0,,1935.0,CONDOS,"201 W 31st St Apt E, Austin, TX, 78705",Austin,TX,78705,30.295639,-97.738243,26.0,40.0,315.0,for_sale,2026-08-10T08:49:56.638649,,1.0
7133206704,2991566688,FOR_SALE,285000,,2.0,2.0,761.0,876.0,1985.0,CONDOS,"2409 Leon St Apt 307, Austin, TX, 78705",Austin,TX,78705,30.289019,-97.748847,350.0,177.0,375.0,for_sale,2026-08-10T08:49:56.638649,2.0,1.0
8922040667,2998210045,FOR_SALE,420000,,1.0,1.0,985.0,1324.0,2007.0,CONDOS,"2205 N Lamar Blvd Unit 523, Austin, TX, 78705",Austin,TX,78705,30.286362,-97.752772,372.0,33.0,426.0,for_sale,2026-08-10T08:49:56.638649,,1.0
8551135430,2988650424,FOR_SALE,244889,,1.0,1.0,587.0,784.0,1973.0,CONDOS,"710 E Dean Keeton St Apt 104, Austin, TX, 78705",Austin,TX,78705,30.287885,-97.728519,250.0,265.0,417.0,for_sale,2026-08-10T08:49:56.638649,,1.0
7518536550,2997008853,FOR_SALE,434950,,,,,13517.0,,LAND,"801 E 32nd St, Austin, TX, 78705",Austin,TX,78705,30.291637,-97.729022,,60.0,,for_sale,2026-08-10T08:49:56.638649,,
8566458307,2993165680,FOR_SALE,189900,,0.0,1.0,376.0,662.0,1973.0,CONDOS,"1000 W 26th St Ste 102, Austin, TX, 78705",Austin,TX,78705,30.291138,-97.747833,195.0,130.0,505.0,for_sale,2026-08-10T08:49:56.638649,,1.0
7306097933,2990020054,FOR_SALE,1199000,,4.0,4.0,2515.0,6447.0,2022.0,SINGLE_FAMILY,"3711 Cedar St, Austin, TX, 78705",Austin,TX,78705,30.300528,-97.734592,0.0,215.0,477.0,for_sale,2026-08-10T08:49:56.638649,2.0,2.0
8447187511,2991968861,FOR_SALE,3399000,,4.0,5.0,3148.0,16509.0,2013.0,SINGLE_FAMILY,"3015 Washington Sq, Austin, TX, 78705",Austin,TX,78705,30.298534,-97.742863,0.0,163.0,1080.0,for_sale,2026-08-10T08:49:56.638649,2.0,2.0
7231156122,2999171663,FOR_SALE,249900,,2.0,1.0,627.0,697.0,1982.0,CONDOS,"2905 Swisher St Apt 207, Austin, TX, 78705",Austin,TX,78705,30.288332,-97.725594,216.0,8.0,399.0,for_sale,2026-08-10T08:49:56.638649,2.0,1.0
7459521818,2996052242,FOR_SALE,192000,,1.0,1.0,399.0,436.0,1981.0,CONDOS,"2714 Nueces St Apt 107, Austin, TX, 78705",Austin,TX,78705,30.293089,-97.742984,0.0,74.0,481.0,for_sale,2026-08-10T08:49:56.638649,,1.0
8434112118,2998276821,FOR_SALE,239000,,1.0,1.0,626.0,701.0,1981.0,CONDOS,"2311 W Nueces St Unit 301, Austin, TX, 78705",Austin,TX,78705,30.287337,-97.74342,195.0,32.0,382.0,for_sale,2026-08-10T08:49:56.638649,,1.0
8388843446,2998125473,FOR_SALE,525000,,3.0,2.0,1675.0,436.0,2008.0,CONDOS,"910 W 25th St Apt 406, Austin, TX, 78705",Austin,TX,78705,30.289645,-97.747357,801.0,35.0,313.0,for_sale,2026-08-10T08:49:56.638649,3.0,1.0
8370350091,2992927509,FOR_SALE,210000,,2.0,1.0,720.0,902.0,1962.0,CONDOS,"2408 Longview St Apt 211, Austin, TX, 78705",Austin,TX,78705,30.289055,-97.751197,222.0,137.0,292.0,for_sale,2026-08-10T08:49:56.638649,,1.0
8585732807,2993391555,FOR_SALE,349900,,2.0,2.0,932.0,383.0,2007.0,CONDOS,"2502 Leon St Apt 304, Austin, TX, 78705",Austin,TX,78705,30.289856,-97.749467,525.0,124.0,375.0,for_sale,2026-08-10T08:49:56.638649,1.0,1.0
8393278093,2994880587,FOR_SALE,460000,,2.0,2.0,1045.0,261.0,2008.0,CONDOS,"910 W 25th St Apt 507, Austin, TX, 78705",Austin,TX,78705,30.289645,-97.747357,502.0,96.0,440.0,for_sale,2026-08-10T08:49:56.638649,2.0,1.0
8607256504,2997531155,FOR_SALE,359000,,2.0,2.0,904.0,1320.0,1982.0,CONDOS,"806 W 24th St Apt 213, Austin, TX, 78705",Austin,TX,78705,30.288708,-97.745449,285.0,48.0,397.0,for_sale,2026-08-10T08:49:56.638649,,1.0
7346463766,2996802699,FOR_SALE,375000,,2.0,2.0,1173.0,1185.0,1984.0,CONDOS,"409 E 38th St Apt 101, Austin, TX, 78705",Austin,TX,78705,30.298596,-97.730197,333.0,62.0,320.0,for_sale,2026-08-10T08:49:56.638649,,1.0
8556600316,2997331135,FOR_SALE,190000,,1.0,1.0,456.0,12759.0,1953.0,CONDOS,"3008 Cedar St Apt 4, Austin, TX, 78705",Austin,TX,78705,30.295456,-97.738373,230.0,54.0,417.0,for_sale,2026-08-10T08:49:56.638649,,1.0
7293024404,2997423965,FOR_SALE,165000,,1.0,1.0,398.0,601.0,1980.0,CONDOS,"3000 Guadalupe St Apt 102, Austin, TX, 78705",Austin,TX,78705,30.297237,-97.742378,158.0,52.0,415.0,for_sale,2026-08-10T08:49:56.638649,,1.0
8564810596,2994891251,FOR_SALE,415000,,3.0,2.0,1211.0,784.0,1997.0,CONDOS,"501 W 26th St Apt 103, Austin, TX, 78705",Austin,TX,78705,30.290054,-97.742512,500.0,95.0,343.0,for_sale,2026-08-10T08:49:56.638649,3.0,1.0
8239501296,2991790301,FOR_SALE,200000,,1.0,1.0,600.0,680.0,1981.0,CONDOS,"303 W 35th St Apt 202, Austin, TX, 78705",Austin,TX,78705,30.299667,-97.736553,261.0,169.0,333.0,for_sale,2026-08-10T08:49:56.638649,1.0,1.0
7712902377,2992422566,FOR_SALE,275000,,2.0,2.0,796.0,849.0,1984.0,CONDOS,"915 W 22nd 1/2 St Apt 202, Austin, TX, 78705",Austin,TX,78705,30.286229,-97.747848,350.0,151.0,345.0,for_sale,2026-08-10T08:49:56.638649,,1.0
7247135508,2999236099,FOR_SALE,299000,,2.0,2.0,774.0,1133.0,1983.0,CONDOS,"3111 Tom Green St Apt 111, Austin, TX, 78705",Austin,TX,78705,30.293896,-97.733816,361.0,6.0,386.0,for_sale,2026-08-10T08:49:56.638649,,1.0
7074188700,2997909471,FOR_SALE,299990,,3.0,1.0,842.0,6403.0,1935.0,CONDOS,"201 W 31st St Apt A, Austin, TX, 78705",Austin,TX,78705,30.295639,-97.738243,26.0,40.0,356.0,for_sale,2026-08-10T08:49:56.638649,,1.0
8171938143,2993693139,FOR_SALE,250000,,1.0,1.0,666.0,701.0,1985.0,CONDOS,"915 W 23rd St Apt 206, Austin, TX, 78705",Austin,TX,78705,30.287177,-97.747584,160.0,116.0,375.0,for_sale,2026-08-10T08:49:56.638649,1.0,1.0
7791219675,2997754961,FOR_SALE,264500,,2.0,2.0,742.0,1176.0,1984.0,CONDOS,"2300 Leon St Apt 101, Austin, TX, 78705",Austin,TX,78705,30.287351,-97.749797,381.0,43.0,356.0,for_sale,2026-08-10T08:49:56.638649,,1.0
8534574341,2993296387,FOR_SALE,199900,,1.0,1.0,452.0,,1975.0,CONDOS,"1010 W 23rd St Apt 3, Austin, TX, 78705",Austin,TX,78705,30.28743,-97.749061,162.0,127.0,442.0,for_sale,2026-08-10T08:49:56.638649,1.0,1.0
9882687272,2993441535,FOR_SALE,215000,,1.0,1.0,450.0,588.0,1983.0,CONDOS,"2808 Whitis Ave Unit C301, Austin, TX, 78705",Austin,TX,78705,30.293808,-97.740456,150.0,123.0,478.0,for_sale,2026-08-10T08:49:56.638649,,3.0
8971591103,2994865612,FOR_SALE,335000,,2.0,2.0,904.0,1320.0,1982.0,CONDOS,"806 W 24th St Apt 303, Austin, TX, 78705",Austin,TX,78705,30.288708,-97.745449,285.0,96.0,371.0,for_sale,2026-08-10T08:49:56.638649,,1.0
7452464034,2993289037,FOR_SALE,290000,,2.0,2.0,802.0,1154.0,1983.0,CONDOS,"3111 Tom Green St Apt 208, Austin, TX, 78705",Austin,TX,78705,30.293896,-97.733816,362.0,127.0,362.0,for_sale,2026-08-10T08:49:56.638649,,1.0
8152193979,2990052302,FOR_SALE,255000,,2.0,1.0,513.0,784.0,1982.0,CONDOS,"2210 Pearl St Apt 304, Austin, TX, 78705",Austin,TX,78705,30.286465,-97.746747,308.0,214.0,497.0,for_sale,2026-08-10T08:49:56.638649,1.0,1.0
7191348392,2994573847,FOR_SALE,245999,,2.0,2.0,699.0,897.0,1962.0,CONDOS,"803 W 28th St Apt 106, Austin, TX, 78705",Austin,TX,78705,30.293232,-97.74556,312.0,104.0,352.0,for_sale,2026-08-10T08:49:56.638649,,1.0
7465820435,2993195272,FOR_SALE,384900,,2.0,2.0,1110.0,305.0,2005.0,CONDOS,"2505 San Gabriel St Apt 405, Austin, TX, 78705",Austin,TX,78705,30.290114,-97.747407,338.0,129.0,347.0,for_sale,2026-08-10T08:49:56.638649,2.0,1.0
8948719047,2998110453,FOR_SALE,185000,,1.0,1.0,445.0,662.0,1973.0,CONDOS,"1000 W 26th St Apt 213, Austin, TX, 78705",Austin,TX,78705,30.291138,-97.747833,225.0,36.0,416.0,for_sale,2026-08-10T08:49:56.638649,,1.0
8977606817,2990429241,FOR_SALE,345000,,2.0,2.0,945.0,1002.0,1985.0,CONDOS,"915 W 23rd St Apt 208, Austin, TX, 78705",Austin,TX,78705,30.287177,-97.747584,264.0,202.0,365.0,for_sale,2026-08-10T08:49:56.638649,2.0,1.0
8728946038,2993194913,FOR_SALE,424900,,3.0,2.0,1152.0,,1979.0,CONDOS,"2529 Rio Grande St Apt 85, Austin, TX, 78705",Austin,TX,78705,30.289957,-97.744087,351.0,129.0,369.0,for_sale,2026-08-10T08:49:56.638649,,2.0
8376797099,2996388067,FOR_SALE,169900,,1.0,1.0,564.0,771.0,1963.0,CONDOS,"2404 Longview St Apt 105, Austin, TX, 78705",Austin,TX,78705,30.288849,-97.751217,175.0,68.0,301.0,for_sale,2026-08-10T08:49:56.638649,,1.0
8198210632,2993210224,FOR_SALE,349900,,2.0,1.0,744.0,958.0,1983.0,CONDOS,"711 W 21st St Unit 304, Austin, TX, 78705",Austin,TX,78705,30.28391,-97.745343,309.0,129.0,470.0,for_sale,2026-08-10T08:49:56.638649,,1.0
7333555381,2993164336,FOR_SALE,370000,,2.0,2.0,980.0,261.0,2005.0,CONDOS,"2505 San Gabriel St Apt 402, Austin, TX, 78705",Austin,TX,78705,30.290114,-97.747407,380.0,130.0,378.0,for_sale,2026-08-10T08:49:56.638649,2.0,1.0
7089493753,2991724937,FOR_SALE,399000,,3.0,2.0,1244.0,2178.0,1982.0,CONDOS,"2612 San Pedro St Apt 112, Austin, TX, 78705",Austin,TX,78705,30.292127,-97.746309,330.0,171.0,321.0,for_sale,2026-08-10T08:49:56.638649,,1.0
8457037490,2992472216,PENDING,198500,,2.0,1.0,720.0,915.0,1962.0,CONDOS,"2408 Longview St Apt 111, Austin, TX, 78705",Austin,TX,78705,30.289055,-97.751197,222.0,150.0,276.0,for_sale,2026-08-10T08:49:56.638649,,1.0
7429470947,2996346535,FOR_SALE,220000,,1.0,1.0,400.0,601.0,1981.0,CONDOS,"2714 Nueces St Apt 108, Austin, TX, 78705",Austin,TX,78705,30.293089,-97.742984,194.0,69.0,550.0,for_sale,2026-08-10T08:49:56.638649,,1.0
7532123547,2993208014,FOR_SALE,424900,,2.0,2.0,1122.0,392.0,2004.0,CONDOS,"711 W 26th St Apt 506, Austin, TX, 78705",Austin,TX,78705,30.290536,-97.745546,395.0,129.0,379.0,for_sale,2026-08-10T08:49:56.638649,2.0,1.0
9077182424,2993523376,FOR_SALE,515000,,2.0,2.0,1119.0,462.0,2021.0,CONDOS,"2500 Longview St Unit 507, Austin, TX, 78705",Austin,TX,78705,30.289828,-97.750918,441.0,121.0,460.0,for_sale,2026-08-10T08:49:56.638649,2.0,1.0
7732444099,2993206567,SOLD,159900,,1.0,1.0,399.0,741.0,1981.0,CONDOS,"3316 Guadalupe St Apt 214, Austin, TX, 78705",Austin,TX,78705,30.300447,-97.740356,395.0,126.0,,sold,2026-08-10T08:50:00.324753,1.0,1.0
8699171285,2987903551,SOLD,219000,,1.0,2.0,604.0,828.0,1982.0,CONDOS,"708 Graham Pl Apt 205, Austin, TX, 78705",Austin,TX,78705,30.290215,-97.745469,212.0,275.0,,sold,2026-08-10T08:50:00.324753,,2.0
8042840694,2990554538,SOLD,359800,,2.0,2.0,900.0,1464.0,1981.0,CONDOS,"114 E 31st St Apt 112, Austin, TX, 78705",Austin,TX,78705,30.295095,-97.735874,236.0,189.0,,sold,2026-08-10T08:50:00.324753,,1.0
7007627295,2997526001,SOLD,311900,,2.0,1.0,824.0,523.0,1997.0,CONDOS,"501 W 26th St Apt 224, Austin, TX, 78705",Austin,TX,78705,30.290054,-97.742512,327.0,38.0,,sold,2026-08-10T08:50:00.324753,1.0,3.0
7341907324,2995040681,SOLD,379000,,2.0,2.0,960.0,1481.0,1982.0,CONDOS,"3011 Fruth St Apt 302, Austin, TX, 78705",Austin,TX,78705,30.29667,-97.740432,367.0,83.0,,sold,2026-08-10T08:50:00.324753,,1.0
8924151558,2991769656,SOLD,279900,,2.0,2.0,751.0,1024.0,1984.0,CONDOS,"712 Graham Pl Apt 302, Austin, TX, 78705",Austin,TX,78705,30.290238,-97.745833,283.0,160.0,,sold,2026-08-10T08:50:00.324753,,1.0
9537531659,2995439243,SOLD,559000,,2.0,2.0,1461.0,605.0,2022.0,CONDOS,"2500 Longview St Unit 116, Austin, TX, 78705",Austin,TX,78705,30.290089,-97.75106,748.0,75.0,,sold,2026-08-10T08:50:00.324753,2.0,1.0
7629587805,2993407720,SOLD,210000,,1.0,1.0,360.0,87.0,2005.0,CONDOS,"2505 San Gabriel St Apt 104, Austin, TX, 78705",Austin,TX,78705,30.290114,-97.747407,165.0,109.0,,sold,2026-08-10T08:50:00.324753,1.0,1.0
9403786160,2992490201,SOLD,485000,,2.0,2.0,1119.0,462.0,2021.0,CONDOS,"2500 Longview St Unit 405, Austin, TX, 78705",Austin,TX,78705,30.289828,-97.750918,551.0,132.0,,sold,2026-08-10T08:50:00.324753,2.0,1.0
8693916787,2992084470,SOLD,199900,,1.0,1.0,561.0,771.0,1963.0,CONDOS,"2404 Longview St Apt 204, Austin, TX, 78705",Austin,TX,78705,30.288849,-97.751217,175.0,142.0,,sold,2026-08-10T08:50:00.324753,,1.0
8853607129,2992111088,SOLD,329900,,2.0,2.0,1141.0,2374.0,1982.0,CONDOS,"2612 San Pedro St Apt 224, Austin, TX, 78705",Austin,TX,78705,30.292127,-97.746309,369.0,140.0,,sold,2026-08-10T08:50:00.324753,1.0,2.0
7815116436,2992237421,SOLD,199000,,1.0,1.0,601.0,758.0,1984.0,CONDOS,"1910 Robbins Pl Apt 103, Austin, TX, 78705",Austin,TX,78705,30.284729,-97.749714,266.0,132.0,,sold,2026-08-10T08:50:00.324753,,1.0
8579846410,2997327559,SOLD,319000,,2.0,2.0,939.0,248.0,2005.0,CONDOS,"2505 San Gabriel St Apt 503, Austin, TX, 78705",Austin,TX,78705,30.290114,-97.747407,363.0,29.0,,sold,2026-08-10T08:50:00.324753,2.0,1.0
7052385402,2993149783,SOLD,325000,,2.0,2.0,950.0,35.0,2007.0,CONDOS,"2502 Leon St Apt 305, Austin, TX, 78705",Austin,TX,78705,30.289856,-97.749467,510.0,104.0,,sold,2026-08-10T08:50:00.324753,1.0,1.0
8036505484,2993568133,SOLD,329900,,2.0,2.0,782.0,993.0,1983.0,CONDOS,"711 W 21st St Unit 302, Austin, TX, 78705",Austin,TX,78705,30.28391,-97.745343,310.0,89.0,,sold,2026-08-10T08:50:00.324753,,1.0
8852893451,2992739009,SOLD,325000,,2.0,2.0,815.0,1220.0,1983.0,CONDOS,"3115 Helms St Apt 112, Austin, TX, 78705",Austin,TX,78705,30.295582,-97.735556,287.0,112.0,,sold,2026-08-10T08:50:00.324753,,1.0
7842944589,2996186132,SOLD,289900,,2.0,2.0,852.0,1394.0,1971.0,CONDOS,"400 W 35th St Apt 201, Austin, TX, 78705",Austin,TX,78705,30.300628,-97.737255,338.0,41.0,,sold,2026-08-10T08:50:00.324753,,1.0
8914456788,2992303986,SOLD,336500,,2.0,2.0,814.0,958.0,1983.0,CONDOS,"203 E 31st St Apt 104, Austin, TX, 78705",Austin,TX,78705,30.294105,-97.736128,347.0,119.0,,sold,2026-08-10T08:50:00.324753,,1.0
7107057505,2993276155,SOLD,369900,,3.0,2.0,1032.0,427.0,2007.0,CONDOS,"2502 Leon St Apt 506, Austin, TX, 78705",Austin,TX,78705,30.289856,-97.749467,579.0,93.0,,sold,2026-08-10T08:50:00.324753,1.0,2.0
7087220531,2992119552,SOLD,374500,,3.0,2.0,1141.0,2374.0,1982.0,CONDOS,"2612 San Pedro St Apt 209, Austin, TX, 78705",Austin,TX,78705,30.292127,-97.746309,359.0,,,sold,2026-08-10T08:50:00.324753,1.0,2.0
7948910220,2993246787,SOLD,279900,,1.0,1.0,513.0,523.0,2006.0,CONDOS,"3009 Speedway Apt 3, Austin, TX, 78705",Austin,TX,78705,30.293579,-97.735239,190.0,89.0,,sold,2026-08-10T08:50:00.324753,,1.0
7204577801,2993208603,SOLD,274900,,2.0,2.0,756.0,958.0,1983.0,CONDOS,"2706 Salado St Apt 206, Austin, TX, 78705",Austin,TX,78705,30.292916,-97.745496,250.0,90.0,,sold,2026-08-10T08:50:00.324753,,2.0
8169776718,2990533009,SOLD,375000,,2.0,2.0,993.0,993.0,1985.0,CONDOS,"915 W 23rd St Apt 203, Austin, TX, 78705",Austin,TX,78705,30.287177,-97.747584,270.0,158.0,,sold,2026-08-10T08:50:00.324753,2.0,1.0
7192734935,2994689721,SOLD,259000,,1.0,1.0,613.0,701.0,1981.0,CONDOS,"2311 Nueces St Apt 303, Austin, TX, 78705",Austin,TX,78705,30.287337,-97.74342,192.0,60.0,,sold,2026-08-10T08:50:00.324753,,1.0
7230866491,2992905975,SOLD,775000,,2.0,2.0,1336.0,7884.0,1938.0,SINGLE_FAMILY,"605 Harris Ave, Austin, TX, 78705",Austin,TX,78705,30.295227,-97.730133,4.0,95.0,,sold,2026-08-10T08:50:00.324753,2.0,2.0
7437134278,2990346648,SOLD,319000,,2.0,2.0,930.0,1176.0,1984.0,CONDOS,"1910 Robbins Pl Apt 303, Austin, TX, 78705",Austin,TX,78705,30.284729,-97.749714,397.0,163.0,,sold,2026-08-10T08:50:00.324753,,1.0
7035459176,2994904960,SOLD,200000,,1.0,1.0,369.0,649.0,1981.0,CONDOS,"2815 Rio Grande St Apt 102, Austin, TX, 78705",Austin,TX,78705,30.29472,-97.74362,200.0,53.0,,sold,2026-08-10T08:50:00.324753,,1.0
7530587970,2991988581,SOLD,239900,,1.0,1.0,472.0,697.0,1983.0,CONDOS,"3111 Tom Green St Apt 207, Austin, TX, 78705",Austin,TX,78705,30.293896,-97.733816,243.0,118.0,,sold,2026-08-10T08:50:00.324753,,2.0
7211964162,2993025116,SOLD,366000,,2.0,2.0,904.0,1320.0,1982.0,CONDOS,"806 W 24th St Apt 328, Austin, TX, 78705",Austin,TX,78705,30.288708,-97.745449,285.0,87.0,,sold,2026-08-10T08:50:00.324753,1.0,1.0
7637868915,2993148093,SOLD,339950,,2.0,2.0,981.0,1407.0,1984.0,CONDOS,"808 W 29th St Apt 206, Austin, TX, 78705",Austin,TX,78705,30.297189,-97.745916,430.0,81.0,,sold,2026-08-10T08:50:00.324753,2.0,1.0
7061747958,2991651285,SOLD,279000,,2.0,1.0,702.0,784.0,1982.0,CONDOS,"2902 Cole St Unit 311, Austin, TX, 78705",Austin,TX,78705,30.288078,-97.725239,256.0,120.0,,sold,2026-08-10T08:50:00.324753,,1.0
7828168413,2993412612,SOLD,279900,,2.0,2.0,742.0,1176.0,1984.0,CONDOS,"2300 Leon St Apt 205, Austin, TX, 78705",Austin,TX,78705,30.287351,-97.749797,381.0,68.0,,sold,2026-08-10T08:50:00.324753,2.0,1.0
7772176747,2987824853,SOLD,198000,,1.0,1.0,432.0,719.0,1970.0,CONDOS,"304 E 33rd St Apt 11, Austin, TX, 78705",Austin,TX,78705,30.296554,-97.733487,186.0,229.0,,sold,2026-08-10T08:50:00.324753,,1.0
9005677215,2989472395,SOLD,199000,,1.0,1.0,400.0,806.0,1950.0,CONDOS,"204 E 30th St Unit 201, Austin, TX, 78705",Austin,TX,78705,30.293556,-97.736199,165.0,178.0,,sold,2026-08-10T08:50:00.324753,,2.0
7177344101,2994131531,SOLD,949000,,5.0,3.0,2496.0,7122.0,1937.0,MULTI_FAMILY,"609 Carolyn Ave, Austin, TX, 78705",Austin,TX,78705,30.295966,-97.72947,0.0,53.0,,sold,2026-08-10T08:50:00.324753,,1.0
7107455938,2993165381,SOLD,199900,,1.0,1.0,573.0,771.0,1963.0,CONDOS,"2404 Longview St Apt 206, Austin, TX, 78705",Austin,TX,78705,30.288849,-97.751217,175.0,67.0,,sold,2026-08-10T08:50:00.324753,,1.0
8522212106,2992642011,SOLD,342000,,2.0,2.0,950.0,35.0,2007.0,CONDOS,"2502 Leon St Apt 301, Austin, TX, 78705",Austin,TX,78705,30.289856,-97.749467,510.0,79.0,,sold,2026-08-10T08:50:00.324753,1.0,1.0
7042800567,2988995625,SOLD,214000,,2.0,1.0,509.0,649.0,1981.0,CONDOS,"2815 Rio Grande St Apt 211, Austin, TX, 78705",Austin,TX,78705,30.29472,-97.74362,195.0,191.0,,sold,2026-08-10T08:50:00.324753,,1.0
7356515573,2993572671,SOLD,255000,,1.0,1.0,600.0,958.0,1981.0,CONDOS,"114 E 31st St Apt 207, Austin, TX, 78705",Austin,TX,78705,30.295095,-97.735874,172.0,53.0,,sold,2026-08-10T08:50:00.324753,,1.0
7970582032,2993496649,SOLD,250000,,1.0,1.0,607.0,653.0,1982.0,CONDOS,"706 W 22nd St Apt 206, Austin, TX, 78705",Austin,TX,78705,30.285638,-97.745707,0.0,55.0,,sold,2026-08-10T08:50:00.324753,1.0,1.0
8468955774,2993270971,SOLD,329900,,2.0,2.0,925.0,1111.0,1984.0,CONDOS,"807 W 25th St Apt 214, Austin, TX, 78705",Austin,TX,78705,30.289102,-97.746199,275.0,61.0,,sold,2026-08-10T08:50:00.324753,2.0,1.0
8383924342,2993112710,SOLD,265000,,1.0,1.0,465.0,174.0,2008.0,CONDOS,"910 W 25th St Apt 302, Austin, TX, 78705",Austin,TX,78705,30.289645,-97.747357,218.0,59.0,,sold,2026-08-10T08:50:00.324753,,1.0
7322268172,2992225232,SOLD,175000,,1.0,1.0,398.0,423.0,1982.0,CONDOS,"706 W 22nd St Apt 307, Austin, TX, 78705",Austin,TX,78705,30.285638,-97.745707,170.0,83.0,,sold,2026-08-10T08:50:00.324753,,1.0
8212371690,2993109491,SOLD,269000,,1.0,1.0,660.0,780.0,1983.0,CONDOS,"203 E 31st St Apt 102, Austin, TX, 78705",Austin,TX,78705,30.294105,-97.736128,278.0,58.0,,sold,2026-08-10T08:50:00.324753,,1.0
7787716645,2990164785,SOLD,289000,,2.0,2.0,832.0,1346.0,1971.0,CONDOS,"400 W 35th St Apt 210, Austin, TX, 78705",Austin,TX,78705,30.300628,-97.737255,338.0,136.0,,sold,2026-08-10T08:50:00.324753,,1.0
8830195220,2993344169,SOLD,249900,,1.0,1.0,564.0,479.0,1977.0,CONDOS,"2529 Rio Grande St Apt 24, Austin, TX, 78705",Austin,TX,78705,30.289972,-97.744083,169.0,49.0,,sold,2026-08-10T08:50:00.324753,1.0,1.0
8293562807,2980027403,SOLD,220000,,1.0,1.0,378.0,,1981.0,CONDOS,"2110 Rio Grande St Apt 107, Austin, TX, 78705",Austin,TX,78705,30.284802,-97.74543,196.0,418.0,,sold,2026-08-10T08:50:00.324753,,1.0
8382992693,2993397651,SOLD,550000,,3.0,2.0,1675.0,427.0,2008.0,CONDOS,"910 W 25th St Apt 206, Austin, TX, 78705",Austin,TX,78705,30.289645,-97.747357,801.0,43.0,,sold,2026-08-10T08:50:00.324753,3.0,1.0
9764096120,2994309269,SOLD,245000,,1.0,1.0,569.0,497.0,1979.0,CONDOS,"2529 Rio Grande St Apt 93, Austin, TX, 78705",Austin,TX,78705,30.289957,-97.744087,200.0,31.0,,sold,2026-08-10T08:50:00.324753,2.0,1.0
7906065086,2990395809,SOLD,575000,,4.0,2.0,1317.0,4530.0,1946.0,SINGLE_FAMILY,"3105 Kings Ln, Austin, TX, 78705",Austin,TX,78705,30.299647,-97.742989,0.0,123.0,,sold,2026-08-10T08:50:00.324753,,1.0
8244979908,2994003259,SOLD,499000,,4.0,2.0,1730.0,714.0,2007.0,CONDOS,"2502 Leon St Apt 512, Austin, TX, 78705",Austin,TX,78705,30.289856,-97.749467,935.0,33.0,,sold,2026-08-10T08:50:00.324753,3.0,1.0
7912265754,2993315903,SOLD,975000,,7.0,4.0,2759.0,8407.0,1987.0,MULTI_FAMILY,"505 E 38th St, Austin, TX, 78705",Austin,TX,78705,30.298264,-97.729491,0.0,43.0,,sold,2026-08-10T08:50:00.324753,,2.0
7153388917,2991966690,SOLD,349500,,2.0,2.0,1072.0,1045.0,1985.0,CONDOS,"3001 Cedar St Unit A208, Austin, TX, 78705",Austin,TX,78705,30.295155,-97.737854,565.0,80.0,,sold,2026-08-10T08:50:00.324753,2.0,1.0
7207142334,2993249280,SOLD,349500,,2.0,2.0,904.0,1320.0,1982.0,CONDOS,"806 W 24th St Apt 210, Austin, TX, 78705",Austin,TX,78705,30.288708,-97.745449,288.0,41.0,,sold,2026-08-10T08:50:00.324753,1.0,1.0
8823548035,2990746334,SOLD,259900,,1.0,1.0,699.0,1133.0,1981.0,CONDOS,"505 Bellevue Pl Apt 7, Austin, TX, 78705",Austin,TX,78705,30.291518,-97.733898,298.0,104.0,,sold,2026-08-10T08:50:00.324753,,1.0
7251637655,2994494597,SOLD,789000,,4.0,3.0,2100.0,6403.0,1929.0,SINGLE_FAMILY,"3213 Liberty St, Austin, TX, 78705",Austin,TX,78705,30.294117,-97.731176,0.0,18.0,,sold,2026-08-10T08:50:00.324753,1.0,2.0
9523050486,2990452748,SOLD,615000,,2.0,1.0,948.0,3829.0,1935.0,SINGLE_FAMILY,"712 Harris Ave Unit 1, Austin, TX, 78705",Austin,TX,78705,30.294969,-97.72871,0.0,112.0,,sold,2026-08-10T08:50:00.324753,,1.0
9224192275,2986119966,SOLD,370000,,1.0,1.0,710.0,292.0,2022.0,CONDOS,"2500 Longview St Unit 315, Austin, TX, 78705",Austin,TX,78705,30.290089,-97.75106,318.0,247.0,,sold,2026-08-10T08:50:00.324753,1.0,3.0
8767003494,2988121257,SOLD,355000,,2.0,2.0,1100.0,1176.0,2006.0,CONDOS,"3016 Guadalupe St Apt 303, Austin, TX, 78705",Austin,TX,78705,30.297818,-97.741582,595.0,186.0,,sold,2026-08-10T08:50:00.324753,,1.0
7343370692,2983556426,SOLD,1249000,,4.0,2.0,2966.0,7214.0,1932.0,SINGLE_FAMILY,"609 Texas Ave, Austin, TX, 78705",Austin,TX,78705,30.29686,-97.728906,0.0,314.0,,sold,2026-08-10T08:50:00.324753,,2.0
9647899550,2993531491,SOLD,793000,,4.0,2.0,1750.0,14370.0,1962.0,MULTI_FAMILY,"719 Harris Ave Apt A, Austin, TX, 78705",Austin,TX,78705,30.294262,-97.728409,0.0,25.0,,sold,2026-08-10T08:50:00.324753,,1.0
8550314144,2992158303,SOLD,310000,,2.0,1.0,824.0,523.0,1997.0,CONDOS,"501 W 26th St Apt 327, Austin, TX, 78705",Austin,TX,78705,30.290054,-97.742512,327.0,61.0,,sold,2026-08-10T08:50:00.324753,1.0,1.0
7105407410,2987567742,SOLD,234900,,1.0,1.0,628.0,31450.0,2013.0,CONDOS,"3110 Red River St Apt 220, Austin, TX, 78705",Austin,TX,78705,30.291005,-97.727614,135.0,195.0,,sold,2026-08-10T08:50:00.324753,,2.0
7105294513,2990741849,SOLD,289900,,2.0,2.0,775.0,832.0,1984.0,CONDOS,"914 W 26th St Apt 202, Austin, TX, 78705",Austin,TX,78705,30.291156,-97.747263,260.0,94.0,,sold,2026-08-10T08:50:00.324753,1.0,1.0
8934474224,2992491287,SOLD,265000,,1.0,1.0,603.0,414.0,1997.0,CONDOS,"501 W 26th St Apt 312, Austin, TX, 78705",Austin,TX,78705,30.290054,-97.742512,259.0,48.0,,sold,2026-08-10T08:50:00.324753,1.0,1.0
8203707220,2992511875,SOLD,299900,,2.0,2.0,842.0,819.0,1985.0,CONDOS,"3001 Cedar St Apt 107, Austin, TX, 78705",Austin,TX,78705,30.295155,-97.737854,444.0,48.0,,sold,2026-08-10T08:50:00.324753,2.0,1.0
7189739139,2990488023,SOLD,325000,,2.0,2.0,925.0,1111.0,1984.0,CONDOS,"807 W 25th St Apt 307, Austin, TX, 78705",Austin,TX,78705,30.289102,-97.746199,276.0,99.0,,sold,2026-08-10T08:50:00.324753,2.0,1.0
7116548828,2983059528,SOLD,375000,,4.0,2.0,1597.0,,1981.0,CONDOS,"2401 Leon St Apt 306, Austin, TX, 78705",Austin,TX,78705,30.288541,-97.748891,412.0,321.0,,sold,2026-08-10T08:50:00.324753,2.0,2.0
8388023595,2981567543,SOLD,265000,,1.0,1.0,465.0,174.0,2008.0,CONDOS,"910 W 25th St Apt 402, Austin, TX, 78705",Austin,TX,78705,30.289645,-97.747357,220.0,356.0,,sold,2026-08-10T08:50:00.324753,,1.0
8920350432,2989407233,SOLD,285000,,2.0,2.0,751.0,,1984.0,CONDOS,"712 Graham Pl Apt 201, Austin, TX, 78705",Austin,TX,78705,30.290238,-97.745833,283.0,132.0,,sold,2026-08-10T08:50:00.324753,,1.0
7768106567,2991933635,SOLD,1165000,,2.0,2.0,1658.0,5968.0,1932.0,SINGLE_FAMILY,"2825 Shoal Crest Ave, Austin, TX, 78705",Austin,TX,78705,30.295788,-97.747803,0.0,56.0,,sold,2026-08-10T08:50:00.324753,1.0,1.0
7820286896,2991854773,SOLD,399900,,2.0,2.0,1138.0,1220.0,2006.0,CONDOS,"3016 Guadalupe St Apt 308, Austin, TX, 78705",Austin,TX,78705,30.297818,-97.741582,444.0,50.0,,sold,2026-08-10T08:50:00.324753,,1.0
7893483718,2989635139,SOLD,1910000,,10.0,6.0,4977.0,8181.0,2005.0,MULTI_FAMILY,"2906 Pearl St, Austin, TX, 78705",Austin,TX,78705,30.297858,-97.74632,0.0,113.0,,sold,2026-08-10T08:50:00.324753,3.0,2.0
7530090031,2991721443,SOLD,2295000,,4.0,4.0,4041.0,11326.0,2016.0,SINGLE_FAMILY,"1107 W 31st St, Austin, TX, 78705",Austin,TX,78705,30.301167,-97.748234,0.0,53.0,,sold,2026-08-10T08:50:00.324753,2.0,2.0
9041141532,2989000100,SOLD,360000,,1.0,1.0,683.0,283.0,2021.0,CONDOS,"2500 Longview St Unit 201, Austin, TX, 78705",Austin,TX,78705,30.289828,-97.750918,352.0,135.0,,sold,2026-08-10T08:50:00.324753,1.0,1.0
8195080293,2991995010,SOLD,299500,,2.0,2.0,815.0,1045.0,1983.0,CONDOS,"3115 Helms St Apt 108, Austin, TX, 78705",Austin,TX,78705,30.295582,-97.735556,287.0,39.0,,sold,2026-08-10T08:50:00.324753,,1.0
8861223902,2988413794,SOLD,310000,,2.0,2.0,803.0,1159.0,1983.0,CONDOS,"3111 Tom Green St Apt 203, Austin, TX, 78705",Austin,TX,78705,30.293896,-97.733816,363.0,146.0,,sold,2026-08-10T08:50:00.324753,,1.0
8225672850,2992252638,SOLD,215000,,2.0,2.0,836.0,1307.0,1982.0,CONDOS,"2216 San Gabriel St Apt 308, Austin, TX, 78705",Austin,TX,78705,30.287011,-97.748436,280.0,26.0,,sold,2026-08-10T08:50:00.324753,,1.0
7850025332,2992252637,SOLD,215000,,2.0,2.0,816.0,1263.0,1982.0,CONDOS,"2216 San Gabriel St Apt 108, Austin, TX, 78705",Austin,TX,78705,30.287011,-97.748436,280.0,26.0,,sold,2026-08-10T08:50:00.324753,,1.0
7437283342,2992126085,SOLD,365000,,2.0,2.0,1230.0,1551.0,1984.0,CONDOS,"1910 Robbins Pl Apt 311, Austin, TX, 78705",Austin,TX,78705,30.284729,-97.749714,568.0,26.0,,sold,2026-08-10T08:50:00.324753,,1.0
7784996231,2988725032,SOLD,195000,,1.0,1.0,602.0,958.0,1971.0,CONDOS,"400 W 35th St Apt 104, Austin, TX, 78705",Austin,TX,78705,30.300628,-97.737255,237.0,,,sold,2026-08-10T08:50:00.324753,,1.0
8293935281,2990156588,SOLD,224900,,1.0,1.0,533.0,87.0,2007.0,CONDOS,"2502 Leon St Apt 213, Austin, TX, 78705",Austin,TX,78705,30.289856,-97.749467,288.0,72.0,,sold,2026-08-10T08:50:00.324753,1.0,1.0
8263383354,2990504768,SOLD,279000,,2.0,1.0,777.0,1011.0,1981.0,CONDOS,"2110 Rio Grande St Apt 207, Austin, TX, 78705",Austin,TX,78705,30.284802,-97.74543,273.0,57.0,,sold,2026-08-10T08:50:00.324753,,1.0
8413324021,2993106996,FOR_SALE,169900,,2.0,2.0,1060.0,3097.0,1985.0,CONDOS,"2450 Wickersham Ln Apt 106, Austin, TX, 78741",Austin,TX,78741,30.225389,-97.725811,506.0,131.0,160.0,for_sale,2026-08-10T08:50:04.257012,,1.0
7415258071,2995397791,FOR_SALE,149800,,1.0,1.0,743.0,4800.0,1983.0,CONDOS,"1601 Faro Dr Apt 2401, Austin, TX, 78741",Austin,TX,78741,30.233482,-97.711697,31.0,87.0,202.0,for_sale,2026-08-10T08:50:04.257012,,1.0
7710687086,2998272211,FOR_SALE,349900,,4.0,2.0,1803.0,9649.0,1978.0,MULTI_FAMILY,"2401 Burleson Rd, Austin, TX, 78741",Austin,TX,78741,30.230007,-97.735396,0.0,32.0,194.0,for_sale,2026-08-10T08:50:04.257012,2.0,1.0
8020693872,2998477451,FOR_SALE,133700,,2.0,2.0,850.0,1699.0,1973.0,CONDOS,"2124 Burton Dr Apt 263, Austin, TX, 78741",Austin,TX,78741,30.231791,-97.733585,413.0,26.0,157.0,for_sale,2026-08-10T08:50:04.257012,,1.0
8296853429,2998575663,FOR_SALE,200000,,3.0,1.0,1135.0,5955.0,1970.0,SINGLE_FAMILY,"6006 Palm Cir, Austin, TX, 78741",Austin,TX,78741,30.23475,-97.701559,0.0,24.0,176.0,for_sale,2026-08-10T08:50:04.257012,,1.0
7244266550,2990447401,FOR_SALE,125000,,1.0,1.0,518.0,1394.0,1984.0,CONDOS,"1840 Burton Dr Apt 208, Austin, TX, 78741",Austin,TX,78741,30.23553,-97.729822,286.0,201.0,241.0,for_sale,2026-08-10T08:50:04.257012,,2.0
7385372558,2997377555,FOR_SALE,114900,,1.0,1.0,518.0,1403.0,1984.0,CONDOS,"1840 Burton Dr Apt 144, Austin, TX, 78741",Austin,TX,78741,30.23553,-97.729822,269.0,53.0,222.0,for_sale,2026-08-10T08:50:04.257012,,2.0
8611154387,2993417100,FOR_SALE,169000,,3.0,1.0,884.0,7031.0,1947.0,SINGLE_FAMILY,"1400 Vargas Rd, Austin, TX, 78741",Austin,TX,78741,30.228838,-97.697941,0.0,123.0,191.0,for_sale,2026-08-10T08:50:04.257012,,1.0
7711941717,2995346352,FOR_SALE,99900,,1.0,1.0,650.0,1869.0,1985.0,CONDOS,"4500 E Oltorf St Unit A105, Austin, TX, 78741",Austin,TX,78741,30.226705,-97.724661,270.0,88.0,154.0,for_sale,2026-08-10T08:50:04.257012,,1.0
7274173584,2992909151,FOR_SALE,220000,,2.0,2.0,1194.0,2370.0,1982.0,TOWNHOMES,"1714 Timber Brush Trl, Austin, TX, 78741",Austin,TX,78741,30.226112,-97.74302,390.0,137.0,184.0,for_sale,2026-08-10T08:50:04.257012,2.0,1.0
8695918479,2998416610,PENDING,174900,,3.0,2.0,1236.0,5340.0,1961.0,SINGLE_FAMILY,"6703 Galindo St, Austin, TX, 78741",Austin,TX,78741,30.228481,-97.696026,0.0,28.0,142.0,for_sale,2026-08-10T08:50:04.257012,,1.0
7838334281,2995190477,FOR_SALE,252000,,4.0,4.0,,171539280.0,2005.0,MULTI_FAMILY,"1901 Crossing Pl Apt 3203, Austin, TX, 78741",Austin,TX,78741,30.232101,-97.716884,684.0,90.0,,for_sale,2026-08-10T08:50:04.257012,,2.0
8454775364,2997012493,FOR_SALE,109900,,1.0,1.0,903.0,2139.0,1968.0,CONDOS,"2301 Mission Hill Dr Apt 104, Austin, TX, 78741",Austin,TX,78741,30.216588,-97.737427,0.0,60.0,122.0,for_sale,2026-08-10T08:50:04.257012,,2.0
8106562305,2999141090,FOR_SALE,329000,,3.0,3.0,1483.0,3777.0,2015.0,CONDOS,"2001 Tramson Dr, Austin, TX, 78741",Austin,TX,78741,30.226176,-97.738805,366.0,9.0,222.0,for_sale,2026-08-10T08:50:04.257012,1.0,2.0
8418421872,2998051435,FOR_SALE,299000,,3.0,2.0,1186.0,4500.0,2008.0,SINGLE_FAMILY,"7100 Villita Avenida St, Austin, TX, 78741",Austin,TX,78741,30.22953,-97.69139,0.0,38.0,252.0,for_sale,2026-08-10T08:50:04.257012,,1.0
8454738098,2999190052,FOR_SALE,119900,,2.0,1.0,903.0,2139.0,1968.0,CONDOS,"2301 Mission Hill Dr Apt 102, Austin, TX, 78741",Austin,TX,78741,30.216588,-97.737427,0.0,7.0,133.0,for_sale,2026-08-10T08:50:04.257012,,2.0
9701074414,2994011903,PENDING,380000,,4.0,3.0,1922.0,2422.0,2018.0,CONDOS,"6814 E Riverside Dr Unit 21, Austin, TX, 78741",Austin,TX,78741,30.223478,-97.699338,275.0,115.0,198.0,for_sale,2026-08-10T08:50:04.257012,2.0,2.0
8054283081,2998249660,PENDING,245000,,2.0,2.0,1102.0,5889.0,2006.0,SINGLE_FAMILY,"1209 Anise Dr, Austin, TX, 78741",Austin,TX,78741,30.224425,-97.690898,22.0,32.0,222.0,for_sale,2026-08-10T08:50:04.257012,1.0,1.0
9146263354,2995014681,FOR_SALE,749900,,3.0,3.0,2290.0,4465.0,2026.0,TOWNHOMES,"4903 Stella Link Path, Austin, TX, 78741",Austin,TX,78741,30.222122,-97.722076,235.0,93.0,327.0,for_sale,2026-08-10T08:50:04.257012,2.0,3.0
7813775689,2995397983,FOR_SALE,140000,,1.0,1.0,714.0,1394.0,1973.0,CONDOS,"2124 Burton Dr Apt 174, Austin, TX, 78741",Austin,TX,78741,30.231791,-97.733585,355.0,87.0,196.0,for_sale,2026-08-10T08:50:04.257012,,2.0
9559220488,2996212230,PENDING,490000,,3.0,3.0,1785.0,12937.0,2026.0,SINGLE_FAMILY,"6500 Porter St Unit 1, Austin, TX, 78741",Austin,TX,78741,30.230049,-97.697647,,72.0,275.0,for_sale,2026-08-10T08:50:04.257012,,3.0
7279141327,2996591761,FOR_SALE,249900,,2.0,1.0,900.0,5837.0,1983.0,CONDOS,"1601 Faro Dr Apt 1303, Austin, TX, 78741",Austin,TX,78741,30.233482,-97.711697,436.0,66.0,278.0,for_sale,2026-08-10T08:50:04.257012,,1.0
8865739379,2994745573,FOR_SALE,169500,,2.0,2.0,1060.0,3093.0,1985.0,CONDOS,"2450 Wickersham Ln Apt 1606, Austin, TX, 78741",Austin,TX,78741,30.225389,-97.725811,544.0,100.0,160.0,for_sale,2026-08-10T08:50:04.257012,,1.0
8375708163,2998282845,FOR_SALE,375000,,4.0,2.0,1092.0,7100.0,1971.0,SINGLE_FAMILY,"6211 Palm Cir, Austin, TX, 78741",Austin,TX,78741,30.233062,-97.699118,0.0,32.0,343.0,for_sale,2026-08-10T08:50:04.257012,,1.0
8362530541,2996613893,PENDING,199000,,2.0,2.0,842.0,,1985.0,CONDOS,"1720 Timber Ridge Rd Apt 166, Austin, TX, 78741",Austin,TX,78741,30.225438,-97.7426,367.0,66.0,236.0,for_sale,2026-08-10T08:50:04.257012,1.0,2.0
7529404752,2994613680,PENDING,479000,,3.0,2.0,1692.0,6534.0,2013.0,SINGLE_FAMILY,"2101 Rivers Edge Way Apt 19, Austin, TX, 78741",Austin,TX,78741,30.227582,-97.710824,180.0,103.0,283.0,for_sale,2026-08-10T08:50:04.257012,2.0,2.0
8693980650,2998771052,FOR_SALE,208000,,2.0,2.0,842.0,923.0,1985.0,CONDOS,"1750 Timber Ridge Rd Apt 101, Austin, TX, 78741",Austin,TX,78741,30.225509,-97.742787,367.0,18.0,247.0,for_sale,2026-08-10T08:50:04.257012,1.0,1.0
7549574005,2992926644,FOR_SALE,109000,,1.0,1.0,389.0,741.0,1983.0,CONDOS,"2500 Burleson Rd Apt 200, Austin, TX, 78741",Austin,TX,78741,30.228745,-97.736259,195.0,137.0,280.0,for_sale,2026-08-10T08:50:04.257012,,1.0
7531624232,2989965765,FOR_SALE,182000,,2.0,2.0,792.0,3798.0,1983.0,CONDOS,"1705 Crossing Pl Unit A109, Austin, TX, 78741",Austin,TX,78741,30.232855,-97.715562,331.0,218.0,230.0,for_sale,2026-08-10T08:50:04.257012,,1.0
7305652268,2994939433,FOR_SALE,415000,,3.0,2.0,1821.0,3746.0,2018.0,CONDOS,"1913 Teagle Dr, Austin, TX, 78741",Austin,TX,78741,30.225345,-97.740238,366.0,94.0,228.0,for_sale,2026-08-10T08:50:04.257012,1.0,3.0
7983436520,2998842351,FOR_SALE,159000,,2.0,1.0,850.0,2426.0,1985.0,CONDOS,"4500 E Oltorf St Unit C306, Austin, TX, 78741",Austin,TX,78741,30.226705,-97.724661,357.0,17.0,187.0,for_sale,2026-08-10T08:50:04.257012,,1.0
8866559230,2998846325,FOR_SALE,225000,,2.0,2.0,1060.0,3093.0,1985.0,CONDOS,"2450 Wickersham Ln Apt 302, Austin, TX, 78741",Austin,TX,78741,30.225389,-97.725811,520.0,17.0,212.0,for_sale,2026-08-10T08:50:04.257012,,1.0
7970757509,2998143007,FOR_SALE,165000,,2.0,1.0,802.0,1568.0,1973.0,CONDOS,"2124 Burton Dr Apt 136, Austin, TX, 78741",Austin,TX,78741,30.231791,-97.733585,456.0,35.0,206.0,for_sale,2026-08-10T08:50:04.257012,,2.0
8384554713,2998205471,PENDING,315000,,3.0,2.0,1323.0,7549.0,1968.0,SINGLE_FAMILY,"3103 Catalina Dr, Austin, TX, 78741",Austin,TX,78741,30.221933,-97.736709,0.0,33.0,238.0,for_sale,2026-08-10T08:50:04.257012,2.0,1.0
8590460570,2997226312,FOR_SALE,199000,,2.0,2.0,1017.0,6573.0,1983.0,CONDOS,"1601 Faro Dr Apt 1404, Austin, TX, 78741",Austin,TX,78741,30.233482,-97.711697,492.0,58.0,196.0,for_sale,2026-08-10T08:50:04.257012,,1.0
8468761221,2991543290,PENDING,149800,,1.0,1.0,736.0,,1983.0,CONDOS,"1601 Faro Dr Apt 2403, Austin, TX, 78741",Austin,TX,78741,30.233482,-97.711697,359.0,177.0,204.0,for_sale,2026-08-10T08:50:04.257012,,1.0
8420350103,2985761080,FOR_SALE,159900,,2.0,2.0,850.0,1699.0,1973.0,CONDOS,"2124 Burton Dr Apt 203, Austin, TX, 78741",Austin,TX,78741,30.231791,-97.733585,452.0,348.0,188.0,for_sale,2026-08-10T08:50:04.257012,,1.0
7532021746,2998082427,PENDING,300000,,5.0,2.0,1962.0,7797.0,1977.0,MULTI_FAMILY,"2605 Reeves Cir, Austin, TX, 78741",Austin,TX,78741,30.226336,-97.736325,0.0,37.0,153.0,for_sale,2026-08-10T08:50:04.257012,1.0,1.0
7919802890,2998025676,FOR_SALE,250000,,4.0,4.0,1368.0,3920.0,2005.0,CONDOS,"1901 Crossing Pl Apt 1101, Austin, TX, 78741",Austin,TX,78741,30.232101,-97.716884,684.0,38.0,183.0,for_sale,2026-08-10T08:50:04.257012,,1.0
7064225272,2997952403,PENDING,389500,,3.0,2.0,1285.0,6556.0,2017.0,CONDOS,"2100 Hermia St Unit 41, Austin, TX, 78741",Austin,TX,78741,30.21795,-97.699918,190.0,39.0,303.0,for_sale,2026-08-10T08:50:04.257012,2.0,1.0
7276675508,2995032631,FOR_SALE,2195000,,4.0,4.0,4276.0,10341.0,2025.0,SINGLE_FAMILY,"1910 Crooked Ln, Austin, TX, 78741",Austin,TX,78741,30.236386,-97.730825,0.0,93.0,513.0,for_sale,2026-08-10T08:50:04.257012,2.0,2.0
9361769509,2995798989,FOR_SALE,525000,,3.0,3.0,1797.0,,2025.0,TOWNHOMES,"2209 Woodland Ave Unit 203, Austin, TX, 78741",Austin,TX,78741,30.235518,-97.728195,300.0,80.0,292.0,for_sale,2026-08-10T08:50:04.257012,2.0,3.0
9243033056,2998366885,FOR_SALE,355000,,2.0,2.0,1087.0,2505.0,2023.0,CONDOS,"706 Valdez St Unit 2, Austin, TX, 78741",Austin,TX,78741,30.234689,-97.692132,0.0,30.0,327.0,for_sale,2026-08-10T08:50:04.257012,,2.0
7215623040,2999308669,FOR_SALE,299000,,2.0,2.0,1208.0,2614.0,2014.0,CONDOS,"1101 Grove Blvd Apt 708, Austin, TX, 78741",Austin,TX,78741,30.235612,-97.702908,366.0,4.0,248.0,for_sale,2026-08-10T08:50:04.257012,,2.0
8081142226,2986864255,FOR_SALE,1395000,,4.0,3.0,2367.0,10542.0,2026.0,SINGLE_FAMILY,"1619 Elmhurst Dr, Austin, TX, 78741",Austin,TX,78741,30.241929,-97.732707,,314.0,589.0,for_sale,2026-08-10T08:50:04.257012,1.0,3.0
8479444224,2986884123,PENDING,329000,,3.0,2.0,1655.0,2422.0,2017.0,CONDOS,"6814 E Riverside Dr Unit 32, Austin, TX, 78741",Austin,TX,78741,30.223478,-97.699338,289.0,313.0,199.0,for_sale,2026-08-10T08:50:04.257012,2.0,2.0
9437404528,2999013703,FOR_SALE,274900,,2.0,2.0,1088.0,3162.0,2023.0,CONDOS,"1212 Lily Ter Unit 2, Austin, TX, 78741",Austin,TX,78741,30.233031,-97.703321,0.0,11.0,253.0,for_sale,2026-08-10T08:50:04.257012,,2.0
8533140842,2999331760,FOR_SALE,499900,,3.0,2.0,1416.0,7932.0,1965.0,SINGLE_FAMILY,"2507 Glen Springs Way, Austin, TX, 78741",Austin,TX,78741,30.23008,-97.73929,0.0,4.0,353.0,for_sale,2026-08-10T08:50:04.257012,1.0,1.0
8854945400,2992179866,FOR_SALE,374900,,3.0,2.0,1898.0,6739.0,2015.0,CONDOS,"2308 Montague St, Austin, TX, 78741",Austin,TX,78741,30.219111,-97.698889,120.0,157.0,198.0,for_sale,2026-08-10T08:50:04.257012,2.0,2.0
7124878698,2997552828,FOR_SALE,275000,,3.0,2.0,1203.0,4404.0,2006.0,SINGLE_FAMILY,"7608 Cayenne Ln, Austin, TX, 78741",Austin,TX,78741,30.223813,-97.691837,22.0,48.0,229.0,for_sale,2026-08-10T08:50:04.257012,2.0,1.0
7210602715,2997692239,FOR_SALE,399000,,3.0,2.0,1581.0,6543.0,2012.0,SINGLE_FAMILY,"2001 Faro Dr Apt 37, Austin, TX, 78741",Austin,TX,78741,30.229031,-97.712664,175.0,45.0,252.0,for_sale,2026-08-10T08:50:04.257012,2.0,2.0
8087125533,2994069978,FOR_SALE,425000,,3.0,2.0,2035.0,6739.0,2015.0,SINGLE_FAMILY,"7107 Mowbray St Unit 44, Austin, TX, 78741",Austin,TX,78741,30.218882,-97.699625,219.0,114.0,209.0,for_sale,2026-08-10T08:50:04.257012,2.0,2.0
7324517274,2991648903,FOR_SALE,119000,,1.0,1.0,563.0,1520.0,1982.0,CONDOS,"1514 Parker Ln Apt 111, Austin, TX, 78741",Austin,TX,78741,30.240805,-97.731826,218.0,173.0,211.0,for_sale,2026-08-10T08:50:04.257012,,1.0
9004617469,2995582992,FOR_SALE,849900,,3.0,3.0,2656.0,4465.0,2026.0,TOWNHOMES,"4916 Meller Gdns, Austin, TX, 78741",Austin,TX,78741,30.222128,-97.722404,225.0,83.0,320.0,for_sale,2026-08-10T08:50:04.257012,2.0,3.0
7168094963,2991873649,FOR_SALE,280000,,2.0,2.0,1539.0,9239.0,1980.0,SINGLE_FAMILY,"516 Montopolis Dr, Austin, TX, 78741",Austin,TX,78741,30.239457,-97.694615,0.0,166.0,182.0,for_sale,2026-08-10T08:50:04.257012,,1.0
8440886296,2997490231,FOR_SALE,360000,,2.0,1.0,960.0,7958.0,1966.0,SINGLE_FAMILY,"2409 Glen Springs Way, Austin, TX, 78741",Austin,TX,78741,30.230949,-97.739247,0.0,51.0,375.0,for_sale,2026-08-10T08:50:04.257012,1.0,1.0
8267651451,2995310598,FOR_SALE,118000,,1.0,1.0,499.0,971.0,1983.0,CONDOS,"2500 Burleson Rd Apt 506, Austin, TX, 78741",Austin,TX,78741,30.228745,-97.736259,250.0,88.0,236.0,for_sale,2026-08-10T08:50:04.257012,,1.0
8315152719,2992511924,FOR_SALE,289000,,2.0,2.0,1035.0,,2014.0,CONDOS,"1101 Grove Blvd Apt 102, Austin, TX, 78741",Austin,TX,78741,30.235612,-97.702908,427.0,149.0,279.0,for_sale,2026-08-10T08:50:04.257012,,2.0
9198060312,2990176269,FOR_SALE,1099000,,4.0,4.0,3220.0,4465.0,2026.0,SINGLE_FAMILY,"2707 Salek Vw, Austin, TX, 78741",Austin,TX,78741,30.221497,-97.721817,225.0,211.0,341.0,for_sale,2026-08-10T08:50:04.257012,2.0,3.0
7220887170,2987813225,FOR_SALE,215000,,2.0,2.0,1093.0,5859.0,2008.0,MOBILE,"1104 Vasquez St, Austin, TX, 78741",Austin,TX,78741,30.230453,-97.694529,0.0,285.0,197.0,for_sale,2026-08-10T08:50:04.257012,,1.0
9818441577,2988182980,FOR_SALE,693900,,3.0,3.0,2090.0,4465.0,2025.0,TOWNHOMES,"5001 Childers Path, Austin, TX, 78741",Austin,TX,78741,30.221258,-97.722,225.0,276.0,332.0,for_sale,2026-08-10T08:50:04.257012,2.0,3.0
7800291562,2992556894,FOR_SALE,125000,,1.0,1.0,704.0,,1985.0,CONDOS,"2450 Wickersham Ln Apt 1317, Austin, TX, 78741",Austin,TX,78741,30.225389,-97.725811,336.0,148.0,178.0,for_sale,2026-08-10T08:50:04.257012,,1.0
9385961341,2992642682,FOR_SALE,349000,,2.0,2.0,1450.0,3751.0,2023.0,CONDOS,"2009 Iroquois Ln Unit B, Austin, TX, 78741",Austin,TX,78741,30.227556,-97.736408,,145.0,241.0,for_sale,2026-08-10T08:50:04.257012,,2.0
8605788092,2996775660,PENDING,119000,,1.0,1.0,499.0,971.0,1983.0,CONDOS,"2500 Burleson Rd Apt 713, Austin, TX, 78741",Austin,TX,78741,30.228745,-97.736259,239.0,62.0,238.0,for_sale,2026-08-10T08:50:04.257012,,1.0
8824987405,2998337658,FOR_SALE,1995000,,4.0,4.0,3476.0,8546.0,2026.0,SINGLE_FAMILY,"1102 Summit St, Austin, TX, 78741",Austin,TX,78741,30.245886,-97.732638,0.0,31.0,574.0,for_sale,2026-08-10T08:50:04.257012,2.0,2.0
7415466290,2997675310,FOR_SALE,215000,,4.0,1.0,1064.0,5837.0,1970.0,SINGLE_FAMILY,"6112 Larch Ter, Austin, TX, 78741",Austin,TX,78741,30.233299,-97.700317,0.0,45.0,202.0,for_sale,2026-08-10T08:50:04.257012,,1.0
8095818190,2992793126,FOR_SALE,449000,,3.0,2.0,1496.0,9879.0,1967.0,SINGLE_FAMILY,"1704 Alleghany Dr, Austin, TX, 78741",Austin,TX,78741,30.229309,-97.740866,0.0,142.0,300.0,for_sale,2026-08-10T08:50:04.257012,,1.0
7778423241,2992767957,FOR_SALE,299000,,3.0,2.0,1450.0,4447.0,2018.0,CONDOS,"7312 E Ben White Blvd Apt 10, Austin, TX, 78741",Austin,TX,78741,30.218459,-97.696231,350.0,142.0,206.0,for_sale,2026-08-10T08:50:04.257012,2.0,2.0
8650246361,2998590283,FOR_SALE,249500,,2.0,2.0,1228.0,1590.0,1974.0,TOWNHOMES,"1706 Timberwood Dr, Austin, TX, 78741",Austin,TX,78741,30.227176,-97.742705,390.0,24.0,203.0,for_sale,2026-08-10T08:50:04.257012,2.0,2.0
7800322683,2989732917,FOR_SALE,198000,,1.0,1.0,610.0,2004.0,2005.0,CONDOS,"1201 Grove Blvd Apt 1604, Austin, TX, 78741",Austin,TX,78741,30.234197,-97.70403,298.0,226.0,325.0,for_sale,2026-08-10T08:50:04.257012,1.0,1.0
8089606301,2987191086,FOR_SALE,819000,,3.0,3.0,2528.0,1250.0,2017.0,SINGLE_FAMILY,"1301 Town Creek Dr Unit 2, Austin, TX, 78741",Austin,TX,78741,30.24281,-97.726241,175.0,304.0,324.0,for_sale,2026-08-10T08:50:04.257012,2.0,2.0
9603146640,2998312828,FOR_SALE,499000,,3.0,2.0,1832.0,5650.0,2020.0,TOWNHOMES,"505 Kemp St Unit A, Austin, TX, 78741",Austin,TX,78741,30.240348,-97.694764,0.0,31.0,272.0,for_sale,2026-08-10T08:50:04.257012,1.0,2.0
9056399938,2995799393,FOR_SALE,525000,,3.0,3.0,1797.0,,2025.0,TOWNHOMES,"2209 Woodland Ave Unit 502, Austin, TX, 78741",Austin,TX,78741,30.235518,-97.728195,300.0,80.0,292.0,for_sale,2026-08-10T08:50:04.257012,2.0,3.0
8106450507,2992700620,FOR_SALE,354000,,2.0,2.0,1488.0,3777.0,2015.0,TOWNHOMES,"2012 Dinsdale Ln, Austin, TX, 78741",Austin,TX,78741,30.226028,-97.738713,366.0,144.0,238.0,for_sale,2026-08-10T08:50:04.257012,1.0,3.0
7579080253,2998661653,FOR_SALE,330000,,2.0,2.0,1490.0,,2013.0,CONDOS,"2605 Witsome Loop Unit 40C, Austin, TX, 78741",Austin,TX,78741,30.227827,-97.73941,366.0,22.0,221.0,for_sale,2026-08-10T08:50:04.257012,1.0,3.0
8594559823,2995079151,FOR_SALE,599000,,4.0,4.0,2460.0,7667.0,1984.0,MULTI_FAMILY,"2105 Kirksey Dr, Austin, TX, 78741",Austin,TX,78741,30.229635,-97.717696,,92.0,243.0,for_sale,2026-08-10T08:50:04.257012,2.0,2.0
9275978863,2997727053,FOR_SALE,380000,,2.0,2.0,1312.0,6085.0,2025.0,SINGLE_FAMILY,"6809 Porter St Unit 2, Austin, TX, 78741",Austin,TX,78741,30.229477,-97.693893,,44.0,290.0,for_sale,2026-08-10T08:50:04.257012,,2.0
8106599571,2995572034,FOR_SALE,320000,,2.0,2.0,1270.0,3777.0,2016.0,CONDOS,"1937 Tramson Dr Unit 153C, Austin, TX, 78741",Austin,TX,78741,30.226224,-97.738894,366.0,83.0,252.0,for_sale,2026-08-10T08:50:04.257012,1.0,2.0
8119712811,2998995084,FOR_SALE,325000,,2.0,2.0,1216.0,3777.0,2015.0,CONDOS,"1904 Cleese Dr Unit 172, Austin, TX, 78741",Austin,TX,78741,30.226141,-97.740011,366.0,11.0,267.0,for_sale,2026-08-10T08:50:04.257012,1.0,2.0
9927906494,2995799492,FOR_SALE,525000,,3.0,3.0,1797.0,,2025.0,TOWNHOMES,"2209 Woodland Ave Unit 1202, Austin, TX, 78741",Austin,TX,78741,30.235518,-97.728195,300.0,79.0,292.0,for_sale,2026-08-10T08:50:04.257012,2.0,3.0
8552996772,2995350730,PENDING,399316,,3.0,2.0,1317.0,9583.0,1987.0,SINGLE_FAMILY,"2922 Wickersham Ln, Austin, TX, 78741",Austin,TX,78741,30.219743,-97.726109,0.0,88.0,303.0,for_sale,2026-08-10T08:50:04.257012,2.0,1.0
9993200232,2994716355,FOR_SALE,1000000,,5.0,3.0,2494.0,3859.0,2021.0,CONDOS,"6205 Caddie St Units 1 & 2, Austin, TX, 78741",Austin,TX,78741,30.227565,-97.703048,0.0,100.0,401.0,for_sale,2026-08-10T08:50:04.257012,1.0,2.0
8708484712,2996619454,FOR_SALE,165000,,1.0,1.0,650.0,1869.0,1985.0,CONDOS,"4500 E Oltorf St Unit A118, Austin, TX, 78741",Austin,TX,78741,30.226705,-97.724661,280.0,66.0,254.0,for_sale,2026-08-10T08:50:04.257012,,1.0
9128943179,2995771802,FOR_SALE,599000,,3.0,3.0,1868.0,4465.0,2023.0,TOWNHOMES,"2715 Estonia Path, Austin, TX, 78741",Austin,TX,78741,30.222067,-97.722809,225.0,80.0,321.0,for_sale,2026-08-10T08:50:04.257012,2.0,3.0
8751646991,2995830636,FOR_SALE,198000,,2.0,2.0,1004.0,2884.0,1985.0,CONDOS,"4500 E Oltorf St Unit A120, Austin, TX, 78741",Austin,TX,78741,30.226705,-97.724661,417.0,79.0,197.0,for_sale,2026-08-10T08:50:04.257012,,1.0
7716020121,2990763859,PENDING,209000,,2.0,2.0,1082.0,5471.0,1984.0,CONDOS,"1845 River Crossing Cir Apt A, Austin, TX, 78741",Austin,TX,78741,30.230326,-97.712438,362.0,192.0,193.0,for_sale,2026-08-10T08:50:04.257012,,1.0
9162976878,2998625610,FOR_SALE,649999,,6.0,4.0,2910.0,9348.0,2007.0,MULTI_FAMILY,"6015 Ponca St, Austin, TX, 78741",Austin,TX,78741,30.238859,-97.698608,0.0,23.0,223.0,for_sale,2026-08-10T08:50:04.257012,2.0,2.0
8418272808,2994625295,FOR_SALE,285000,,2.0,1.0,944.0,4500.0,2007.0,SINGLE_FAMILY,"7104 Villita Avenida St, Austin, TX, 78741",Austin,TX,78741,30.22952,-97.691675,0.0,102.0,302.0,for_sale,2026-08-10T08:50:04.257012,,1.0
8262233368,2986571073,FOR_SALE,289000,,2.0,1.0,1140.0,4988.0,1984.0,CONDOS,"2001 Parker Ln Apt 101, Austin, TX, 78741",Austin,TX,78741,30.234786,-97.734056,430.0,324.0,254.0,for_sale,2026-08-10T08:50:04.257012,2.0,1.0
7140904825,2997720593,PENDING,329000,,2.0,2.0,1220.0,3777.0,2014.0,CONDOS,"2009 Sager Dr Unit 270C, Austin, TX, 78741",Austin,TX,78741,30.22458,-97.739842,366.0,44.0,270.0,for_sale,2026-08-10T08:50:04.257012,1.0,2.0
7993833717,2993332545,FOR_SALE,199999,,2.0,2.0,1004.0,2884.0,1985.0,CONDOS,"4500 E Oltorf St Unit D410, Austin, TX, 78741",Austin,TX,78741,30.226705,-97.724661,417.0,125.0,199.0,for_sale,2026-08-10T08:50:04.257012,,1.0
9068543330,2992108993,FOR_SALE,479900,,3.0,3.0,1640.0,3324.0,2022.0,SINGLE_FAMILY,"6203 Langham St Unit 1, Austin, TX, 78741",Austin,TX,78741,30.226781,-97.703708,,158.0,293.0,for_sale,2026-08-10T08:50:04.257012,1.0,3.0
8550410901,2997897248,FOR_SALE,474000,,5.0,4.0,2352.0,9527.0,1967.0,MULTI_FAMILY,"2519 Glen Springs Way, Austin, TX, 78741",Austin,TX,78741,30.229106,-97.738011,0.0,40.0,202.0,for_sale,2026-08-10T08:50:04.257012,,1.0
7356454187,2995247863,FOR_SALE,149900,,1.0,1.0,464.0,1241.0,1984.0,CONDOS,"1840 Burton Dr Apt 192, Austin, TX, 78741",Austin,TX,78741,30.23553,-97.729822,238.0,89.0,323.0,for_sale,2026-08-10T08:50:04.257012,,1.0
9567233384,2998312754,PENDING,999800,,6.0,4.0,3664.0,5650.0,2020.0,MULTI_FAMILY,"505 Kemp St, Austin, TX, 78741",Austin,TX,78741,30.240342,-97.694716,0.0,31.0,273.0,for_sale,2026-08-10T08:50:04.257012,2.0,2.0
7528733965,2999133505,FOR_SALE,387500,,3.0,2.0,1399.0,6543.0,2013.0,CONDOS,"2101 Rivers Edge Way Apt 3, Austin, TX, 78741",Austin,TX,78741,30.227582,-97.710824,180.0,9.0,277.0,for_sale,2026-08-10T08:50:04.257012,2.0,2.0
8073397361,2988902833,FOR_SALE,237000,,1.0,1.0,879.0,2178.0,2014.0,CONDOS,"1101 Grove Blvd Apt 803, Austin, TX, 78741",Austin,TX,78741,30.235612,-97.702908,302.0,261.0,270.0,for_sale,2026-08-10T08:50:04.257012,,2.0
8098289266,2997738395,FOR_SALE,430000,,2.0,2.0,1983.0,4151.0,2016.0,SINGLE_FAMILY,"1514 Frontier Valley Dr, Austin, TX, 78741",Austin,TX,78741,30.225777,-97.694723,70.0,44.0,217.0,for_sale,2026-08-10T08:50:04.257012,2.0,2.0
8793294387,2993516379,FOR_SALE,299000,,2.0,2.0,1167.0,1577.0,1973.0,TOWNHOMES,"1727 Timber Ridge Dr, Austin, TX, 78741",Austin,TX,78741,30.22627,-97.741697,379.0,121.0,256.0,for_sale,2026-08-10T08:50:04.257012,2.0,2.0
7883501490,2996649829,FOR_SALE,425000,,4.0,3.0,2088.0,5410.0,2007.0,SINGLE_FAMILY,"7625 Cayenne Ln, Austin, TX, 78741",Austin,TX,78741,30.223642,-97.691174,22.0,65.0,204.0,for_sale,2026-08-10T08:50:04.257012,2.0,2.0
7220030053,2997519127,SOLD,210000,,2.0,1.0,782.0,6782.0,1927.0,SINGLE_FAMILY,"1107 Vargas Rd, Austin, TX, 78741",Austin,TX,78741,30.230921,-97.695638,0.0,46.0,,sold,2026-08-10T08:50:08.565250,,1.0
7329771772,2996521877,SOLD,729000,,4.0,3.0,1920.0,7396.0,1963.0,SINGLE_FAMILY,"1703 Fawn Dr, Austin, TX, 78741",Austin,TX,78741,30.237566,-97.73612,0.0,61.0,,sold,2026-08-10T08:50:08.565250,2.0,2.0
7889824472,2987065882,SOLD,499500,,5.0,2.0,1905.0,13347.0,1982.0,MULTI_FAMILY,"2800 Burleson Rd, Austin, TX, 78741",Austin,TX,78741,30.223224,-97.735017,0.0,302.0,,sold,2026-08-10T08:50:08.565250,2.0,1.0
8089607190,2994757961,SOLD,530000,,4.0,2.0,1702.0,7218.0,1966.0,MULTI_FAMILY,"2203 Ventura Dr, Austin, TX, 78741",Austin,TX,78741,30.217459,-97.73811,0.0,88.0,,sold,2026-08-10T08:50:08.565250,,1.0
7303246125,2993478167,SOLD,799000,,3.0,2.0,2270.0,23435.0,1965.0,SINGLE_FAMILY,"5604 Penick Dr, Austin, TX, 78741",Austin,TX,78741,30.229566,-97.710574,0.0,108.0,,sold,2026-08-10T08:50:08.565250,2.0,2.0
9535648128,2994479943,SOLD,349000,,3.0,2.0,1624.0,2422.0,2019.0,CONDOS,"6814 E Riverside Dr Unit 104, Austin, TX, 78741",Austin,TX,78741,30.223478,-97.699338,383.0,90.0,,sold,2026-08-10T08:50:08.565250,2.0,2.0
8821461140,2995754674,SOLD,295000,,2.0,2.0,1139.0,3777.0,2014.0,CONDOS,"1901 Warely Ln Unit 292C, Austin, TX, 78741",Austin,TX,78741,30.225438,-97.740372,366.0,63.0,,sold,2026-08-10T08:50:08.565250,1.0,2.0
8477274270,2997733212,SOLD,350000,,2.0,2.0,1178.0,2875.0,2016.0,SINGLE_FAMILY,"6213 Felix Ave Unit A, Austin, TX, 78741",Austin,TX,78741,30.235368,-97.697305,,27.0,,sold,2026-08-10T08:50:08.565250,,2.0
8369119030,2997258594,SOLD,349888,,4.0,2.0,1586.0,7518.0,2007.0,SINGLE_FAMILY,"7101 Cayenne Ln, Austin, TX, 78741",Austin,TX,78741,30.222222,-97.695525,24.0,39.0,,sold,2026-08-10T08:50:08.565250,1.0,1.0
7635173875,2992725056,SOLD,375000,,3.0,2.0,2308.0,14993.0,1971.0,SINGLE_FAMILY,"2204 Bahia Cir, Austin, TX, 78741",Austin,TX,78741,30.221705,-97.736272,0.0,123.0,,sold,2026-08-10T08:50:08.565250,2.0,1.0
8868065795,2994966526,SOLD,450000,,3.0,2.0,1210.0,10280.0,1972.0,SINGLE_FAMILY,"3203 Santa Fe Dr, Austin, TX, 78741",Austin,TX,78741,30.22004,-97.736676,0.0,73.0,,sold,2026-08-10T08:50:08.565250,2.0,1.0
7806397032,2997392516,SOLD,100000,,1.0,1.0,661.0,1307.0,1973.0,CONDOS,"2124 Burton Dr Apt 162, Austin, TX, 78741",Austin,TX,78741,30.231791,-97.733585,258.0,29.0,,sold,2026-08-10T08:50:08.565250,,1.0
9735003866,2996369641,SOLD,340000,,2.0,2.0,1042.0,12937.0,2026.0,SINGLE_FAMILY,"6502 Porter St Unit 5, Austin, TX, 78741",Austin,TX,78741,30.230047,-97.697647,,44.0,,sold,2026-08-10T08:50:08.565250,,2.0
7587688686,2996053091,SOLD,299750,,2.0,2.0,1139.0,3777.0,2014.0,CONDOS,"2633 Witsome Loop Unit 52C, Austin, TX, 78741",Austin,TX,78741,30.227421,-97.738817,366.0,48.0,,sold,2026-08-10T08:50:08.565250,1.0,2.0
7172405401,2996194901,SOLD,699500,,3.0,2.0,1725.0,7771.0,1975.0,SINGLE_FAMILY,"1702 Deerfield Dr, Austin, TX, 78741",Austin,TX,78741,30.238627,-97.735406,0.0,45.0,,sold,2026-08-10T08:50:08.565250,2.0,2.0
9897622968,2996523726,SOLD,335000,,3.0,2.0,1070.0,12937.0,2026.0,SINGLE_FAMILY,"6502 Porter St Unit 2, Austin, TX, 78741",Austin,TX,78741,30.230047,-97.697647,,39.0,,sold,2026-08-10T08:50:08.565250,,3.0
8746839684,2996126081,SOLD,125000,,1.0,1.0,965.0,2818.0,1985.0,CONDOS,"2450 Wickersham Ln Apt 801, Austin, TX, 78741",Austin,TX,78741,30.225389,-97.725811,484.0,42.0,,sold,2026-08-10T08:50:08.565250,,1.0
7560820616,2996112094,SOLD,349000,,3.0,1.0,1038.0,8359.0,1968.0,SINGLE_FAMILY,"2505 Audubon Pl, Austin, TX, 78741",Austin,TX,78741,30.230608,-97.740479,0.0,42.0,,sold,2026-08-10T08:50:08.565250,1.0,1.0
8130647325,2993148369,SOLD,260000,,1.0,1.0,776.0,2091.0,1982.0,CONDOS,"1514 Parker Ln Apt 208, Austin, TX, 78741",Austin,TX,78741,30.240805,-97.731826,301.0,91.0,,sold,2026-08-10T08:50:08.565250,,2.0
8028830442,2994101795,SOLD,299000,,3.0,2.0,1419.0,3507.0,2014.0,TOWNHOMES,"1101 Grove Blvd Apt 304, Austin, TX, 78741",Austin,TX,78741,30.235612,-97.702908,470.0,74.0,,sold,2026-08-10T08:50:08.565250,1.0,2.0
7861800483,2992928955,SOLD,215000,,2.0,2.0,809.0,884.0,1985.0,CONDOS,"1750 Timber Ridge Rd Apt 102, Austin, TX, 78741",Austin,TX,78741,30.225438,-97.7426,375.0,98.0,,sold,2026-08-10T08:50:08.565250,1.0,1.0
8726678809,2979836647,SOLD,145000,,1.0,1.0,704.0,2056.0,1985.0,CONDOS,"2450 Wickersham Ln Apt 1307, Austin, TX, 78741",Austin,TX,78741,30.225389,-97.725811,351.0,461.0,,sold,2026-08-10T08:50:08.565250,,1.0
7103612471,2990731645,SOLD,899000,,6.0,4.0,2292.0,11326.0,1938.0,MULTI_FAMILY,"1406 Summit St, Austin, TX, 78741",Austin,TX,78741,30.243373,-97.734263,0.0,152.0,,sold,2026-08-10T08:50:08.565250,,2.0
8306223442,2993338418,SOLD,834000,,5.0,4.0,2602.0,5907.0,2020.0,SINGLE_FAMILY,"913 Valdez St, Austin, TX, 78741",Austin,TX,78741,30.232527,-97.693293,0.0,84.0,,sold,2026-08-10T08:50:08.565250,,2.0
9590722003,2994599052,SOLD,834000,,5.0,4.0,2602.0,5907.0,2021.0,MULTI_FAMILY,"913 Valdez St Unit A, Austin, TX, 78741",Austin,TX,78741,30.232515,-97.693293,0.0,62.0,,sold,2026-08-10T08:50:08.565250,,2.0
8532016047,2992937160,SOLD,350000,,3.0,2.0,1634.0,9906.0,1967.0,SINGLE_FAMILY,"3205 Laguna Dr, Austin, TX, 78741",Austin,TX,78741,30.219357,-97.735879,0.0,95.0,,sold,2026-08-10T08:50:08.565250,2.0,1.0
9123817408,2994552696,SOLD,458000,,3.0,2.0,1582.0,3933.0,2019.0,CONDOS,"6310 Porter St Unit B, Austin, TX, 78741",Austin,TX,78741,30.230731,-97.698687,104.0,59.0,,sold,2026-08-10T08:50:08.565250,,2.0
7165873006,2995412028,SOLD,439000,,3.0,2.0,2074.0,6752.0,2018.0,SINGLE_FAMILY,"7201 Mowbray St, Austin, TX, 78741",Austin,TX,78741,30.218639,-97.69915,175.0,42.0,,sold,2026-08-10T08:50:08.565250,2.0,2.0
7338715598,2994633536,SOLD,699000,,3.0,3.0,1448.0,9174.0,1964.0,SINGLE_FAMILY,"1723 Fawn Dr, Austin, TX, 78741",Austin,TX,78741,30.235862,-97.73492,0.0,57.0,,sold,2026-08-10T08:50:08.565250,2.0,1.0
7969349105,2990016942,SOLD,499995,,4.0,2.0,1953.0,4151.0,2018.0,SINGLE_FAMILY,"1612 Arcilla St, Austin, TX, 78741",Austin,TX,78741,30.225348,-97.69647,70.0,170.0,,sold,2026-08-10T08:50:08.565250,2.0,2.0
8951504391,2992470087,SOLD,525000,,3.0,3.0,1876.0,1359.0,2017.0,CONDOS,"4409 Festival Path Unit 26, Austin, TX, 78741",Austin,TX,78741,30.238631,-97.718655,195.0,105.0,,sold,2026-08-10T08:50:08.565250,2.0,3.0
8281164467,2992495828,SOLD,679000,,7.0,5.0,2727.0,10764.0,1971.0,MULTI_FAMILY,"1909 Woodland Ave, Austin, TX, 78741",Austin,TX,78741,30.236658,-97.730396,0.0,104.0,,sold,2026-08-10T08:50:08.565250,,2.0
7935976859,2995338012,SOLD,525000,,3.0,2.0,1371.0,8368.0,1987.0,SINGLE_FAMILY,"2804 Allison Dr, Austin, TX, 78741",Austin,TX,78741,30.220454,-97.72498,0.0,43.0,,sold,2026-08-10T08:50:08.565250,2.0,1.0
7809218238,2993832457,SOLD,197000,,2.0,2.0,842.0,871.0,1985.0,CONDOS,"1740 Timber Ridge Rd Apt 132, Austin, TX, 78741",Austin,TX,78741,30.225438,-97.7426,394.0,70.0,,sold,2026-08-10T08:50:08.565250,1.0,1.0
9740823493,2990605034,SOLD,399000,,3.0,2.0,1433.0,2949.0,2024.0,SINGLE_FAMILY,"6111 Carnation Ter Unit 1, Austin, TX, 78741",Austin,TX,78741,30.231332,-97.701561,,151.0,,sold,2026-08-10T08:50:08.565250,1.0,2.0
9777681507,2990605475,SOLD,350000,,3.0,3.0,1153.0,2823.0,2024.0,SINGLE_FAMILY,"6111 Carnation Ter Unit 2, Austin, TX, 78741",Austin,TX,78741,30.231332,-97.701561,,151.0,,sold,2026-08-10T08:50:08.565250,,2.0
9325044369,2988902912,SOLD,324900,,2.0,2.0,1045.0,2936.0,2024.0,SINGLE_FAMILY,"1104 Begonia Ter Unit 2, Austin, TX, 78741",Austin,TX,78741,30.233968,-97.701511,,213.0,,sold,2026-08-10T08:50:08.565250,,2.0
8357072532,2994930795,SOLD,270000,,2.0,2.0,1151.0,3049.0,2005.0,CONDOS,"1201 Grove Blvd Apt 2802, Austin, TX, 78741",Austin,TX,78741,30.234197,-97.70403,298.0,46.0,,sold,2026-08-10T08:50:08.565250,1.0,2.0
7517413497,2994011190,SOLD,406000,,4.0,2.0,1863.0,11117.0,1973.0,MULTI_FAMILY,"2527 Glen Springs Way, Austin, TX, 78741",Austin,TX,78741,30.22881,-97.737214,0.0,62.0,,sold,2026-08-10T08:50:08.565250,1.0,1.0
9359596003,2997301736,SOLD,440000,,2.0,2.0,1263.0,,2026.0,TOWNHOMES,"2000 Riverside Farms Rd Unit 8102, Austin, TX, 78741",Austin,TX,78741,30.241776,-97.727615,83.0,1.0,,sold,2026-08-10T08:50:08.565250,1.0,2.0
7704691274,2991724768,SOLD,189000,,2.0,2.0,1017.0,6578.0,1983.0,CONDOS,"1601 Faro Dr Apt 704, Austin, TX, 78741",Austin,TX,78741,30.233482,-97.711697,492.0,115.0,,sold,2026-08-10T08:50:08.565250,,1.0
9030658782,2992233115,SOLD,545000,,8.0,4.0,4560.0,8276.0,1968.0,MULTI_FAMILY,"2220 Mission Hill Dr, Austin, TX, 78741",Austin,TX,78741,30.21714,-97.737854,0.0,100.0,,sold,2026-08-10T08:50:08.565250,,2.0
9600128483,2994865816,SOLD,375000,,5.0,4.0,2530.0,10285.0,1972.0,MULTI_FAMILY,"1807 Briar Hill Dr Unit A, Austin, TX, 78741",Austin,TX,78741,30.235732,-97.729988,0.0,34.0,,sold,2026-08-10T08:50:08.565250,2.0,1.0
7358114004,2994243570,SOLD,249900,,2.0,1.0,672.0,3615.0,1946.0,SINGLE_FAMILY,"6409 Felix Ave, Austin, TX, 78741",Austin,TX,78741,30.234244,-97.695215,0.0,46.0,,sold,2026-08-10T08:50:08.565250,2.0,1.0
8773208044,2991600280,SOLD,125000,,1.0,1.0,750.0,2191.0,1985.0,CONDOS,"2450 Wickersham Ln Apt 904, Austin, TX, 78741",Austin,TX,78741,30.225389,-97.725811,396.0,104.0,,sold,2026-08-10T08:50:08.565250,,1.0
7225131755,2986802998,SOLD,350000,,4.0,3.0,1898.0,2422.0,2017.0,CONDOS,"6814 E Riverside Dr Unit 35, Austin, TX, 78741",Austin,TX,78741,30.223478,-97.699338,335.0,247.0,,sold,2026-08-10T08:50:08.565250,2.0,2.0
7363348386,2993344928,SOLD,295000,,4.0,2.0,1135.0,5576.0,1970.0,SINGLE_FAMILY,"1207 Lily Ter, Austin, TX, 78741",Austin,TX,78741,30.233101,-97.70259,0.0,52.0,,sold,2026-08-10T08:50:08.565250,,1.0
7555325372,2993391625,SOLD,225000,,3.0,1.0,890.0,5763.0,1969.0,SINGLE_FAMILY,"6115 Carnation Ter, Austin, TX, 78741",Austin,TX,78741,30.231172,-97.701276,0.0,51.0,,sold,2026-08-10T08:50:08.565250,,1.0
8562394607,2993607689,SOLD,181000,,3.0,2.0,1200.0,5685.0,1970.0,SINGLE_FAMILY,"6015 Carnation Ter, Austin, TX, 78741",Austin,TX,78741,30.231681,-97.702984,0.0,44.0,,sold,2026-08-10T08:50:08.565250,,1.0
8340848580,2994048257,SOLD,399000,,3.0,2.0,1142.0,5724.0,1971.0,SINGLE_FAMILY,"6105 Palm Cir, Austin, TX, 78741",Austin,TX,78741,30.233839,-97.700733,0.0,40.0,,sold,2026-08-10T08:50:08.565250,,1.0
7524188194,2990613136,SOLD,225000,,2.0,2.0,1007.0,,1983.0,CONDOS,"1601 Faro Dr Apt 1402, Austin, TX, 78741",Austin,TX,78741,30.233482,-97.711697,488.0,123.0,,sold,2026-08-10T08:50:08.565250,,1.0
7659135876,2988504680,SOLD,195000,,2.0,2.0,1060.0,3097.0,1985.0,CONDOS,"2450 Wickersham Ln Apt 604, Austin, TX, 78741",Austin,TX,78741,30.225389,-97.725811,506.0,194.0,,sold,2026-08-10T08:50:08.565250,,1.0
8173897859,2991460068,SOLD,535000,,6.0,4.0,2662.0,7349.0,2005.0,MULTI_FAMILY,"6109 Caddie St Unit A, Austin, TX, 78741",Austin,TX,78741,30.227999,-97.704185,0.0,103.0,,sold,2026-08-10T08:50:08.565250,,1.0
8327612353,2994361828,SOLD,249950,,2.0,2.0,1168.0,1555.0,1974.0,TOWNHOMES,"1716 Timberwood Dr, Austin, TX, 78741",Austin,TX,78741,30.227245,-97.742238,390.0,30.0,,sold,2026-08-10T08:50:08.565250,2.0,2.0
7902586575,2992744282,SOLD,517000,,4.0,2.0,1974.0,8995.0,1968.0,SINGLE_FAMILY,"3400 Santa Fe Dr, Austin, TX, 78741",Austin,TX,78741,30.219215,-97.737781,0.0,63.0,,sold,2026-08-10T08:50:08.565250,,2.0
7277304074,2988226617,SOLD,279000,,2.0,1.0,851.0,2875.0,2016.0,SINGLE_FAMILY,"6213 Felix Ave Unit B, Austin, TX, 78741",Austin,TX,78741,30.235368,-97.697305,,195.0,,sold,2026-08-10T08:50:08.565250,,1.0
8412747850,2994082464,SOLD,265000,,2.0,2.0,1007.0,3049.0,2005.0,CONDOS,"1201 Grove Blvd Apt 1404, Austin, TX, 78741",Austin,TX,78741,30.234197,-97.70403,270.0,33.0,,sold,2026-08-10T08:50:08.565250,1.0,2.0
7223724759,2991917980,SOLD,449000,,3.0,2.0,1723.0,6556.0,2017.0,SINGLE_FAMILY,"2000 Hermia St, Austin, TX, 78741",Austin,TX,78741,30.218295,-97.699737,190.0,80.0,,sold,2026-08-10T08:50:08.565250,2.0,2.0
8264059400,2986607539,SOLD,439000,,3.0,2.0,1385.0,6055.0,1984.0,CONDOS,"2001 Parker Ln S Unit 107, Austin, TX, 78741",Austin,TX,78741,30.23479,-97.734056,610.0,236.0,,sold,2026-08-10T08:50:08.565250,2.0,2.0
7404977193,2991250606,SOLD,349000,,2.0,2.0,1533.0,3777.0,2018.0,CONDOS,"1925 Teagle Dr Unit 234C, Austin, TX, 78741",Austin,TX,78741,30.225218,-97.739831,366.0,96.0,,sold,2026-08-10T08:50:08.565250,1.0,3.0
8924807610,2981218874,SOLD,245000,,2.0,2.0,1312.0,1917.0,2009.0,CONDOS,"6900 E Riverside Dr Unit 17, Austin, TX, 78741",Austin,TX,78741,30.222569,-97.697807,375.0,371.0,,sold,2026-08-10T08:50:08.565250,,2.0
7560306596,2991923845,SOLD,149900,,1.0,1.0,535.0,1041.0,1983.0,CONDOS,"2500 Burleson Rd Apt 710, Austin, TX, 78741",Austin,TX,78741,30.228745,-97.736259,262.0,63.0,,sold,2026-08-10T08:50:08.565250,,2.0
8308629467,2990740096,SOLD,165000,,1.0,1.0,872.0,6116.0,1942.0,SINGLE_FAMILY,"702 Short Kemp St, Austin, TX, 78741",Austin,TX,78741,30.237833,-97.696551,0.0,90.0,,sold,2026-08-10T08:50:08.565250,,1.0
8629563763,2992734691,SOLD,159900,,,,,5737.0,,LAND,"6706 Cruz St, Austin, TX, 78741",Austin,TX,78741,30.228152,-97.696275,0.0,40.0,,sold,2026-08-10T08:50:08.565250,,
8094824422,2988500129,SOLD,650000,,4.0,3.0,2099.0,8817.0,1968.0,SINGLE_FAMILY,"3500 Santa Monica Dr, Austin, TX, 78741",Austin,TX,78741,30.218304,-97.736541,0.0,159.0,,sold,2026-08-10T08:50:08.565250,,1.0
7635136609,2990745813,SOLD,199990,,2.0,2.0,809.0,923.0,1985.0,CONDOS,"1730 Timber Ridge Rd Apt 152, Austin, TX, 78741",Austin,TX,78741,30.225438,-97.7426,377.0,81.0,,sold,2026-08-10T08:50:08.565250,1.0,1.0
8838293607,2991442782,SOLD,350000,,4.0,3.0,1898.0,,2017.0,CONDOS,"6814 E Riverside Dr Unit 55, Austin, TX, 78741",Austin,TX,78741,30.223478,-97.699338,289.0,68.0,,sold,2026-08-10T08:50:08.565250,2.0,2.0
7578595796,2992155552,SOLD,435000,,3.0,2.0,1959.0,3777.0,2014.0,CONDOS,"1820 Carlson Dr Unit 43C, Austin, TX, 78741",Austin,TX,78741,30.227646,-97.739314,391.0,45.0,,sold,2026-08-10T08:50:08.565250,1.0,3.0
8088700395,2992217684,SOLD,360000,,4.0,1.0,1365.0,8364.0,1968.0,SINGLE_FAMILY,"2503 Audubon Pl, Austin, TX, 78741",Austin,TX,78741,30.230773,-97.740378,0.0,41.0,,sold,2026-08-10T08:50:08.565250,,1.0
9454724202,2991328332,SOLD,395000,,2.0,2.0,1450.0,3751.0,2023.0,CONDOS,"2009 Iroquois Ln Unit A, Austin, TX, 78741",Austin,TX,78741,30.227556,-97.736408,,68.0,,sold,2026-08-10T08:50:08.565250,,2.0
9545933972,2989727157,SOLD,339900,,3.0,3.0,1038.0,6151.0,2022.0,SINGLE_FAMILY,"6813 Suena Dr Unit 2, Austin, TX, 78741",Austin,TX,78741,30.230659,-97.692645,,110.0,,sold,2026-08-10T08:50:08.565250,,2.0
8331628299,2992158782,SOLD,350000,,2.0,2.0,1072.0,3084.0,2016.0,SINGLE_FAMILY,"802 Valdez St Unit B, Austin, TX, 78741",Austin,TX,78741,30.234229,-97.692502,,40.0,,sold,2026-08-10T08:50:08.565250,,2.0
8226502268,2992052845,SOLD,373500,,3.0,1.0,1056.0,7640.0,1963.0,SINGLE_FAMILY,"6010 Club Ter, Austin, TX, 78741",Austin,TX,78741,30.235346,-97.700688,0.0,42.0,,sold,2026-08-10T08:50:08.565250,1.0,1.0
7399069275,2985917367,SOLD,375000,,3.0,2.0,1148.0,8668.0,2010.0,SINGLE_FAMILY,"6109 Club Ter, Austin, TX, 78741",Austin,TX,78741,30.234443,-97.700114,0.0,,,sold,2026-08-10T08:50:08.565250,,1.0
9882258654,2989328579,SOLD,619900,,3.0,3.0,2124.0,5449.0,2020.0,SINGLE_FAMILY,"6217 Clovis St Unit A, Austin, TX, 78741",Austin,TX,78741,30.242871,-97.692645,,125.0,,sold,2026-08-10T08:50:08.565250,1.0,3.0
8417974681,2991326771,SOLD,239999,,2.0,1.0,1000.0,4251.0,2006.0,SINGLE_FAMILY,"6901 Frontera Trl, Austin, TX, 78741",Austin,TX,78741,30.228756,-97.6932,0.0,65.0,,sold,2026-08-10T08:50:08.565250,,1.0
9371863993,2989079690,SOLD,350000,,2.0,2.0,1589.0,4487.0,2018.0,SINGLE_FAMILY,"6301 Santos St Unit A, Austin, TX, 78741",Austin,TX,78741,30.228521,-97.700933,,130.0,,sold,2026-08-10T08:50:08.565250,,2.0
7260341315,2990301266,SOLD,359000,,3.0,3.0,1656.0,3777.0,2010.0,CONDOS,"1916 Tramson Dr Unit 98C, Austin, TX, 78741",Austin,TX,78741,30.22663,-97.739349,366.0,82.0,,sold,2026-08-10T08:50:08.565250,1.0,2.0
7288853767,2991769947,SOLD,349900,,3.0,2.0,1175.0,3759.0,2005.0,SINGLE_FAMILY,"314 Saxon Ln, Austin, TX, 78741",Austin,TX,78741,30.239363,-97.690578,0.0,43.0,,sold,2026-08-10T08:50:08.565250,,1.0
8138090181,2990155626,SOLD,444900,,2.0,2.0,1252.0,8024.0,1988.0,SINGLE_FAMILY,"3015 Sunridge Dr, Austin, TX, 78741",Austin,TX,78741,30.218584,-97.726472,0.0,83.0,,sold,2026-08-10T08:50:08.565250,2.0,1.0
8742581034,2996580724,FOR_SALE,349000,,3.0,2.0,1600.0,7187.0,1988.0,SINGLE_FAMILY,"5611 Meadow Crst, Austin, TX, 78744",Austin,TX,78744,30.192137,-97.734261,0.0,66.0,218.0,for_sale,2026-08-10T08:50:25.971119,2.0,1.0
9612291762,2985764971,FOR_SALE,689900,,4.0,3.0,2996.0,,2026.0,SINGLE_FAMILY,"8608 Turaco Trl, Austin, TX, 78744",Austin,TX,78744,30.144817,-97.70698,,5.0,230.0,for_sale,2026-08-10T08:50:25.971119,2.0,2.0
9633048204,2997562296,FOR_SALE,20000,,3.0,2.0,,,2000.0,MOBILE,"7705 Bellehaven Ct, Austin, TX, 78744",Austin,TX,78744,30.173573,-97.766632,0.0,48.0,,for_sale,2026-08-10T08:50:25.971119,,1.0
8857611736,2990454117,FOR_SALE,12000,,2.0,2.0,868.0,,1997.0,MOBILE,"23 Yucca Dr, Austin, TX, 78744",Austin,TX,78744,30.218484,-97.68569,0.0,201.0,14.0,for_sale,2026-08-10T08:50:25.971119,,
7320084551,2987288575,FOR_SALE,199900,,3.0,2.0,1220.0,4400.0,2015.0,SINGLE_FAMILY,"3505 Breckenridge Dr, Austin, TX, 78744",Austin,TX,78744,30.201506,-97.695465,47.0,301.0,164.0,for_sale,2026-08-10T08:50:25.971119,2.0,1.0
7300800694,2999061670,FOR_SALE,385000,,3.0,2.0,1790.0,5750.0,2018.0,SINGLE_FAMILY,"7629 Knockfin Dr, Austin, TX, 78744",Austin,TX,78744,30.159273,-97.732992,46.0,10.0,215.0,for_sale,2026-08-10T08:50:25.971119,2.0,1.0
8972969423,2997048432,FOR_SALE,250000,,4.0,2.0,1256.0,14601.0,1974.0,SINGLE_FAMILY,"5222 Pine Pl, Austin, TX, 78744",Austin,TX,78744,30.198932,-97.749908,0.0,59.0,199.0,for_sale,2026-08-10T08:50:25.971119,1.0,1.0
7195062817,2994602178,FOR_SALE,25000,,3.0,2.0,1536.0,,2011.0,MOBILE,"4538 Edge Creek Dr Unit 285, Austin, TX, 78744",Austin,TX,78744,30.172869,-97.763099,0.0,103.0,16.0,for_sale,2026-08-10T08:50:25.971119,,1.0
9721654909,2999132864,FOR_SALE,157080,,2.0,2.0,1024.0,4504.0,2025.0,CONDOS,"7051 Meadow Lake Blvd Unit 9302, Austin, TX, 78744",Austin,TX,78744,30.175594,-97.753769,235.0,9.0,153.0,for_sale,2026-08-10T08:50:25.971119,,1.0
7256821137,2996398786,PENDING,224999,,3.0,2.0,1232.0,3598.0,2003.0,SINGLE_FAMILY,"4509 Magin Meadow Dr, Austin, TX, 78744",Austin,TX,78744,30.178405,-97.758005,0.0,68.0,183.0,for_sale,2026-08-10T08:50:25.971119,1.0,1.0
7056512475,2998830011,PENDING,589990,,5.0,3.0,3549.0,14240.0,2016.0,SINGLE_FAMILY,"7000 Lickeen Ct, Austin, TX, 78744",Austin,TX,78744,30.161368,-97.729404,46.0,17.0,166.0,for_sale,2026-08-10T08:50:25.971119,3.0,2.0
9585136013,2995249716,FOR_SALE,49995,,4.0,2.0,,,2003.0,MOBILE,"4516 Edge Creek Dr, Austin, TX, 78744",Austin,TX,78744,30.172003,-97.761787,0.0,89.0,,for_sale,2026-08-10T08:50:25.971119,,
9135709384,2991350329,FOR_SALE,206000,,3.0,2.0,1221.0,,2016.0,TOWNHOMES,"7051 Meadow Lake Blvd Unit 10103, Austin, TX, 78744",Austin,TX,78744,30.175594,-97.753769,235.0,184.0,169.0,for_sale,2026-08-10T08:50:25.971119,,2.0
7054432799,2993531557,FOR_SALE,255000,,3.0,2.0,1022.0,9727.0,1978.0,SINGLE_FAMILY,"2412 E Stassney Ln, Austin, TX, 78744",Austin,TX,78744,30.193917,-97.750385,0.0,121.0,250.0,for_sale,2026-08-10T08:50:25.971119,2.0,1.0
7222181845,2999164676,PENDING,375000,,4.0,3.0,2351.0,6081.0,2015.0,SINGLE_FAMILY,"5325 Kara Dr, Austin, TX, 78744",Austin,TX,78744,30.176925,-97.695406,75.0,8.0,160.0,for_sale,2026-08-10T08:50:25.971119,3.0,2.0
9419342824,2992101261,FOR_SALE,597500,,4.0,3.0,2773.0,5959.0,2022.0,SINGLE_FAMILY,"7700 Ella Lee Ln, Austin, TX, 78744",Austin,TX,78744,30.151025,-97.713493,100.0,159.0,215.0,for_sale,2026-08-10T08:50:25.971119,3.0,2.0
8418991593,2998348862,FOR_SALE,275000,,3.0,2.0,1321.0,6464.0,1974.0,SINGLE_FAMILY,"6702 Rockridge Ct, Austin, TX, 78744",Austin,TX,78744,30.183288,-97.756639,0.0,31.0,208.0,for_sale,2026-08-10T08:50:25.971119,,1.0
9845284580,2997165759,FOR_SALE,299000,,2.0,2.0,1231.0,967.0,2022.0,CONDOS,"8009 Mellencamp Dr Unit 212, Austin, TX, 78744",Austin,TX,78744,30.15497,-97.714615,115.0,59.0,243.0,for_sale,2026-08-10T08:50:25.971119,2.0,2.0
9838112428,2988584474,FOR_SALE,838000,,5.0,4.0,4066.0,11199.0,2024.0,SINGLE_FAMILY,"8700 Olmsted Way, Austin, TX, 78744",Austin,TX,78744,30.14767,-97.71282,60.0,268.0,206.0,for_sale,2026-08-10T08:50:25.971119,2.0,2.0
7449323665,2998074166,FOR_SALE,525000,,3.0,3.0,2290.0,8350.0,2019.0,SINGLE_FAMILY,"7901 Gilwice Ln, Austin, TX, 78744",Austin,TX,78744,30.146281,-97.721567,50.0,37.0,229.0,for_sale,2026-08-10T08:50:25.971119,3.0,1.0
9093552748,2996591988,FOR_SALE,290000,,2.0,2.0,1231.0,967.0,2020.0,CONDOS,"7800 Moody Bnd, Austin, TX, 78744",Austin,TX,78744,30.154403,-97.718052,115.0,66.0,236.0,for_sale,2026-08-10T08:50:25.971119,2.0,2.0
8529884184,2990665509,FOR_SALE,285000,,3.0,2.0,1254.0,7065.0,1979.0,SINGLE_FAMILY,"4912 Cabob St, Austin, TX, 78744",Austin,TX,78744,30.192264,-97.741936,0.0,195.0,227.0,for_sale,2026-08-10T08:50:25.971119,2.0,1.0
7076657822,2988497264,FOR_SALE,195000,,2.0,1.0,901.0,919.0,1975.0,TOWNHOMES,"5922 Little Creek Trl, Austin, TX, 78744",Austin,TX,78744,30.187053,-97.744349,219.0,269.0,216.0,for_sale,2026-08-10T08:50:25.971119,1.0,1.0
8678359403,2989058205,FOR_SALE,245950,,4.0,2.0,1027.0,7113.0,1972.0,SINGLE_FAMILY,"5105 Palo Blanco Ln, Austin, TX, 78744",Austin,TX,78744,30.198043,-97.747461,0.0,254.0,239.0,for_sale,2026-08-10T08:50:25.971119,2.0,1.0
8832627259,2998074796,PENDING,339000,,4.0,2.0,2217.0,7667.0,2004.0,SINGLE_FAMILY,"1612 Melissa Oaks Ln, Austin, TX, 78744",Austin,TX,78744,30.159577,-97.783702,20.0,37.0,153.0,for_sale,2026-08-10T08:50:25.971119,2.0,2.0
8371338570,2998068881,FOR_SALE,600000,,4.0,2.0,1860.0,23261.0,2015.0,SINGLE_FAMILY,"5106 Spruce Cv, Austin, TX, 78744",Austin,TX,78744,30.199426,-97.749906,0.0,37.0,323.0,for_sale,2026-08-10T08:50:25.971119,5.0,1.0
9354822963,2991430890,FOR_SALE,485000,,4.0,3.0,2105.0,4591.0,2023.0,SINGLE_FAMILY,"8512 Mc Kamy Dr, Austin, TX, 78744",Austin,TX,78744,30.166525,-97.695733,64.0,180.0,230.0,for_sale,2026-08-10T08:50:25.971119,2.0,2.0
9403794287,2998381887,FOR_SALE,309900,,3.0,2.0,1541.0,967.0,2020.0,CONDOS,"7903 Sutcliffe Dr, Austin, TX, 78744",Austin,TX,78744,30.154121,-97.715837,115.0,30.0,201.0,for_sale,2026-08-10T08:50:25.971119,2.0,2.0
8841705076,2997519679,PENDING,379000,,3.0,2.0,1946.0,8181.0,2018.0,SINGLE_FAMILY,"7301 Van Ness St, Austin, TX, 78744",Austin,TX,78744,30.158974,-97.714383,75.0,49.0,195.0,for_sale,2026-08-10T08:50:25.971119,2.0,1.0
2342299169,2997395604,FOR_SALE,309000,,4.0,2.0,1850.0,9060.0,1982.0,MULTI_FAMILY,"2202 Donahue Ln Unit A, Austin, TX, 78744",Austin,TX,78744,30.202133,-97.750145,0.0,53.0,167.0,for_sale,2026-08-10T08:50:25.971119,2.0,1.0
7258004994,2997060144,FOR_SALE,310380,,4.0,2.0,2240.0,5532.0,2013.0,SINGLE_FAMILY,"6901 Crestone Rd, Austin, TX, 78744",Austin,TX,78744,30.198215,-97.70216,40.0,59.0,139.0,for_sale,2026-08-10T08:50:25.971119,2.0,2.0
7281747864,2994995931,FOR_SALE,249980,,3.0,2.0,974.0,6926.0,1975.0,SINGLE_FAMILY,"4407 Dovewood Dr, Austin, TX, 78744",Austin,TX,78744,30.188882,-97.752522,0.0,93.0,257.0,for_sale,2026-08-10T08:50:25.971119,2.0,1.0
9265422780,2993326837,PENDING,767391,,4.0,3.0,2996.0,7187.0,2026.0,SINGLE_FAMILY,"9204 The Ravine Way, Austin, TX, 78744",Austin,TX,78744,30.146012,-97.707854,90.0,125.0,256.0,for_sale,2026-08-10T08:50:25.971119,2.0,2.0
9386191677,2994939742,FOR_SALE,525000,,4.0,3.0,2140.0,4400.0,2022.0,SINGLE_FAMILY,"8604 Cottage Rose Dr, Austin, TX, 78744",Austin,TX,78744,30.166909,-97.694768,75.0,94.0,245.0,for_sale,2026-08-10T08:50:25.971119,2.0,2.0
8317740178,2997221086,PENDING,250000,,3.0,2.0,1230.0,4400.0,2016.0,SINGLE_FAMILY,"7216 Razors Edge Dr, Austin, TX, 78744",Austin,TX,78744,30.202154,-97.695524,48.0,58.0,203.0,for_sale,2026-08-10T08:50:25.971119,2.0,1.0
7407846671,2998181810,PENDING,549000,,3.0,2.0,2188.0,10990.0,2020.0,SINGLE_FAMILY,"7804 Chrysler Bnd, Austin, TX, 78744",Austin,TX,78744,30.151182,-97.718601,80.0,34.0,251.0,for_sale,2026-08-10T08:50:25.971119,2.0,1.0
8753028979,2994574978,FOR_SALE,259000,,3.0,2.0,1535.0,7231.0,1978.0,SINGLE_FAMILY,"4502 Turnstone Dr, Austin, TX, 78744",Austin,TX,78744,30.186846,-97.751139,0.0,104.0,169.0,for_sale,2026-08-10T08:50:25.971119,,1.0
7930108067,2998374913,FOR_SALE,389900,,4.0,2.0,2383.0,5750.0,2018.0,SINGLE_FAMILY,"6612 Paseo San Lucas Ln, Austin, TX, 78744",Austin,TX,78744,30.172433,-97.730627,59.0,30.0,164.0,for_sale,2026-08-10T08:50:25.971119,2.0,2.0
8704065199,2998064779,FOR_SALE,250000,,4.0,1.0,1308.0,6551.0,1973.0,SINGLE_FAMILY,"5005 Creek Bend Dr, Austin, TX, 78744",Austin,TX,78744,30.182745,-97.747163,0.0,37.0,191.0,for_sale,2026-08-10T08:50:25.971119,,1.0
7265223491,2998625500,FOR_SALE,357000,,4.0,2.0,1753.0,7954.0,1994.0,SINGLE_FAMILY,"6412 Colton Bluff Springs Rd, Austin, TX, 78744",Austin,TX,78744,30.165228,-97.740369,58.0,23.0,204.0,for_sale,2026-08-10T08:50:25.971119,2.0,1.0
9677958495,2990741755,FOR_SALE,420000,,3.0,2.0,1876.0,5558.0,2021.0,SINGLE_FAMILY,"9115 Looksee Ln, Austin, TX, 78744",Austin,TX,78744,30.142883,-97.715554,75.0,192.0,224.0,for_sale,2026-08-10T08:50:25.971119,2.0,1.0
9685086010,2994439188,FOR_SALE,675000,,4.0,3.0,3012.0,6007.0,2024.0,SINGLE_FAMILY,"8208 Thelma Jean Dr, Austin, TX, 78744",Austin,TX,78744,30.150406,-97.711855,75.0,108.0,224.0,for_sale,2026-08-10T08:50:25.971119,2.0,2.0
8264077070,2995262940,PENDING,369900,,4.0,2.0,1538.0,8529.0,1973.0,SINGLE_FAMILY,"4604 Brassiewood Dr, Austin, TX, 78744",Austin,TX,78744,30.185455,-97.750963,0.0,89.0,241.0,for_sale,2026-08-10T08:50:25.971119,,1.0
9387485575,2998706078,FOR_SALE,389000,,3.0,2.0,1908.0,8028.0,2021.0,SINGLE_FAMILY,"7801 Song Sparrow Dr, Austin, TX, 78744",Austin,TX,78744,30.157277,-97.728452,80.0,20.0,204.0,for_sale,2026-08-10T08:50:25.971119,2.0,2.0
8428203097,2998469694,FOR_SALE,330000,,3.0,2.0,1121.0,9670.0,1982.0,SINGLE_FAMILY,"4801 Saguaro Rd, Austin, TX, 78744",Austin,TX,78744,30.172349,-97.757353,0.0,26.0,294.0,for_sale,2026-08-10T08:50:25.971119,2.0,1.0
7801214437,2994058383,FOR_SALE,399000,,4.0,2.0,2683.0,6142.0,2004.0,SINGLE_FAMILY,"9212 Pioneer Forest Dr, Austin, TX, 78744",Austin,TX,78744,30.160007,-97.78145,17.0,114.0,149.0,for_sale,2026-08-10T08:50:25.971119,2.0,2.0
7599430056,2998046856,FOR_SALE,280000,,3.0,2.0,1534.0,5140.0,2015.0,SINGLE_FAMILY,"7212 Vail Ridge St, Austin, TX, 78744",Austin,TX,78744,30.199056,-97.698975,68.0,38.0,183.0,for_sale,2026-08-10T08:50:25.971119,2.0,1.0
9450027245,2999048929,FOR_SALE,369900,,3.0,2.0,1776.0,5319.0,2021.0,SINGLE_FAMILY,"7406 Travertine Spring Dr, Austin, TX, 78744",Austin,TX,78744,30.157545,-97.724373,115.0,10.0,208.0,for_sale,2026-08-10T08:50:25.971119,2.0,2.0
7004626943,2998221752,FOR_SALE,280000,,3.0,2.0,1078.0,,1982.0,SINGLE_FAMILY,"4815 Quicksilver Blvd, Austin, TX, 78744",Austin,TX,78744,30.173319,-97.755466,0.0,33.0,260.0,for_sale,2026-08-10T08:50:25.971119,1.0,1.0
9635504438,2998318263,FOR_SALE,395990,,3.0,3.0,1622.0,3820.0,2026.0,SINGLE_FAMILY,"8820 Marmoset Way, Austin, TX, 78744",Austin,TX,78744,30.144418,-97.714361,107.0,31.0,244.0,for_sale,2026-08-10T08:50:25.971119,2.0,2.0
9579807804,2990153441,FOR_SALE,849900,,4.0,3.0,3491.0,3489.0,2026.0,SINGLE_FAMILY,"9004 Fallkill Dr, Austin, TX, 78744",Austin,TX,78744,30.140766,-97.708576,75.0,212.0,243.0,for_sale,2026-08-10T08:50:25.971119,3.0,2.0
9411895747,2994831345,PENDING,323000,,3.0,2.0,1583.0,967.0,2023.0,CONDOS,"8509 Escovedo Dr Unit 410, Austin, TX, 78744",Austin,TX,78744,30.153187,-97.709553,107.0,97.0,204.0,for_sale,2026-08-10T08:50:25.971119,2.0,2.0
9139964396,2992766358,FOR_SALE,465000,,4.0,3.0,2506.0,5963.0,2021.0,SINGLE_FAMILY,"8806 Bestride Bnd, Austin, TX, 78744",Austin,TX,78744,30.144549,-97.721443,69.0,142.0,186.0,for_sale,2026-08-10T08:50:25.971119,2.0,2.0
8006571302,2999286262,FOR_SALE,350000,,3.0,2.0,1880.0,5759.0,2004.0,SINGLE_FAMILY,"9305 Pioneer Forest Dr, Austin, TX, 78744",Austin,TX,78744,30.159677,-97.780769,0.0,5.0,186.0,for_sale,2026-08-10T08:50:25.971119,2.0,1.0
9627341775,2998328830,PENDING,415990,,4.0,2.0,2280.0,4800.0,2026.0,SINGLE_FAMILY,"7304 Stitzel Weller Dr, Austin, TX, 78744",Austin,TX,78744,30.148436,-97.726836,107.0,31.0,182.0,for_sale,2026-08-10T08:50:25.971119,2.0,2.0
8750122236,2994413724,FOR_SALE,247777,,3.0,1.0,955.0,6390.0,1975.0,SINGLE_FAMILY,"4410 Dove Springs Dr, Austin, TX, 78744",Austin,TX,78744,30.187546,-97.752746,0.0,109.0,259.0,for_sale,2026-08-10T08:50:25.971119,,1.0
7389847221,2994916918,FOR_SALE,345000,,3.0,3.0,2064.0,6247.0,2017.0,CONDOS,"516 E Slaughter Ln Apt 1704, Austin, TX, 78744",Austin,TX,78744,30.164177,-97.777944,285.0,95.0,167.0,for_sale,2026-08-10T08:50:25.971119,2.0,2.0
9072842722,2996106831,FOR_SALE,395000,,3.0,3.0,1660.0,4892.0,2021.0,SINGLE_FAMILY,"8319 Laughlin Ln, Austin, TX, 78744",Austin,TX,78744,30.143031,-97.717117,57.0,73.0,238.0,for_sale,2026-08-10T08:50:25.971119,2.0,2.0
8803166193,2995823078,FOR_SALE,565000,,3.0,2.0,1603.0,9653.0,2026.0,SINGLE_FAMILY,"4603 Bucks Run, Austin, TX, 78744",Austin,TX,78744,30.179677,-97.75515,0.0,79.0,352.0,for_sale,2026-08-10T08:50:25.971119,2.0,1.0
7942070435,2998411383,FOR_SALE,395000,,4.0,3.0,2313.0,7405.0,2019.0,SINGLE_FAMILY,"7225 Ranchito Dr, Austin, TX, 78744",Austin,TX,78744,30.167747,-97.724934,59.0,29.0,171.0,for_sale,2026-08-10T08:50:25.971119,2.0,2.0
8713762048,2992677157,FOR_SALE,250000,,3.0,2.0,1385.0,8581.0,1977.0,SINGLE_FAMILY,"4801 Scarsdale Dr, Austin, TX, 78744",Austin,TX,78744,30.200895,-97.74311,,144.0,181.0,for_sale,2026-08-10T08:50:25.971119,2.0,1.0
7196654675,2997898809,FOR_SALE,615000,,4.0,3.0,3065.0,12894.0,2015.0,SINGLE_FAMILY,"7020 Ondantra Bnd, Austin, TX, 78744",Austin,TX,78744,30.16326,-97.728981,33.0,40.0,201.0,for_sale,2026-08-10T08:50:25.971119,2.0,2.0
8022720050,2998313199,PENDING,325000,,3.0,2.0,1328.0,6382.0,2004.0,SINGLE_FAMILY,"5407 Viewpoint Dr, Austin, TX, 78744",Austin,TX,78744,30.200366,-97.731479,19.0,31.0,245.0,for_sale,2026-08-10T08:50:25.971119,1.0,1.0
9656223850,2992479819,FOR_SALE,555000,,4.0,3.0,2599.0,6207.0,2021.0,SINGLE_FAMILY,"8317 Yokohama Ter, Austin, TX, 78744",Austin,TX,78744,30.147601,-97.717294,75.0,150.0,214.0,for_sale,2026-08-10T08:50:25.971119,2.0,2.0
8051248123,2998291998,FOR_SALE,299000,,4.0,2.0,1784.0,7867.0,1983.0,MULTI_FAMILY,"5006 Cape Verde Cv, Austin, TX, 78744",Austin,TX,78744,30.193622,-97.740421,0.0,32.0,168.0,for_sale,2026-08-10T08:50:25.971119,2.0,2.0
8045211040,2995192437,FOR_SALE,385000,,4.0,4.0,1764.0,10807.0,1983.0,MULTI_FAMILY,"5009 Mashie Cv, Austin, TX, 78744",Austin,TX,78744,30.195375,-97.739085,0.0,90.0,218.0,for_sale,2026-08-10T08:50:25.971119,2.0,1.0
7789537936,2998372950,FOR_SALE,338000,,3.0,2.0,1514.0,5750.0,2018.0,SINGLE_FAMILY,"6601 Ranchito Dr, Austin, TX, 78744",Austin,TX,78744,30.169286,-97.731762,59.0,30.0,223.0,for_sale,2026-08-10T08:50:25.971119,2.0,1.0
8356236785,2995845579,FOR_SALE,330000,,4.0,2.0,1784.0,7484.0,1983.0,MULTI_FAMILY,"2111 Oak Motte Ln, Austin, TX, 78744",Austin,TX,78744,30.1823,-97.764401,0.0,79.0,185.0,for_sale,2026-08-10T08:50:25.971119,,2.0
7505372042,2996689587,PENDING,349900,,4.0,2.0,2691.0,5968.0,2005.0,SINGLE_FAMILY,"4618 Lyra Cir, Austin, TX, 78744",Austin,TX,78744,30.197579,-97.730682,19.0,65.0,130.0,for_sale,2026-08-10T08:50:25.971119,2.0,2.0
9892639315,2992175279,PENDING,340000,,3.0,2.0,1669.0,5702.0,2022.0,SINGLE_FAMILY,"6909 Daniel Ranch Dr, Austin, TX, 78744",Austin,TX,78744,30.15506,-97.729063,41.0,157.0,204.0,for_sale,2026-08-10T08:50:25.971119,2.0,1.0
8856565140,2998610764,PENDING,285000,,2.0,2.0,1209.0,6443.0,2003.0,SINGLE_FAMILY,"4701 Cypress Bnd, Austin, TX, 78744",Austin,TX,78744,30.198601,-97.734208,17.0,23.0,236.0,for_sale,2026-08-10T08:50:25.971119,1.0,1.0
9799921668,2998537885,FOR_SALE,349000,,4.0,2.0,1744.0,4047.0,1976.0,SINGLE_FAMILY,"5702 Palo Blanco Ln Unit A, Austin, TX, 78744",Austin,TX,78744,30.19205,-97.748869,,25.0,200.0,for_sale,2026-08-10T08:50:25.971119,,1.0
9769972284,2997418089,PENDING,675000,,4.0,3.0,2837.0,7070.0,2024.0,SINGLE_FAMILY,"8504 Ambergill Ct, Austin, TX, 78744",Austin,TX,78744,30.145697,-97.706841,64.0,52.0,238.0,for_sale,2026-08-10T08:50:25.971119,2.0,1.0
9214967366,2999434125,FOR_SALE,871900,,4.0,3.0,2954.0,,,SINGLE_FAMILY,"9112 Dingo Dr, Austin, TX, 78744",Austin,TX,78744,30.141735,-97.711309,,2.0,295.0,for_sale,2026-08-10T08:50:25.971119,3.0,1.0
7695917084,2996420572,FOR_SALE,318000,,3.0,2.0,1491.0,5898.0,2007.0,SINGLE_FAMILY,"5705 Viewpoint Dr, Austin, TX, 78744",Austin,TX,78744,30.199428,-97.728572,19.0,68.0,213.0,for_sale,2026-08-10T08:50:25.971119,1.0,2.0
9819215979,2992488334,FOR_SALE,539900,,4.0,3.0,3020.0,5998.0,2024.0,SINGLE_FAMILY,"9508 Hamadryas Dr, Austin, TX, 78744",Austin,TX,78744,30.143252,-97.705984,75.0,149.0,179.0,for_sale,2026-08-10T08:50:25.971119,2.0,2.0
7402629439,2999365455,FOR_SALE,595000,,4.0,3.0,2433.0,6194.0,2019.0,SINGLE_FAMILY,"8116 Bestride Bnd, Austin, TX, 78744",Austin,TX,78744,30.150643,-97.721838,75.0,3.0,245.0,for_sale,2026-08-10T08:50:25.971119,2.0,1.0
8613296216,2994562754,FOR_SALE,285000,,3.0,2.0,1211.0,11156.0,1996.0,SINGLE_FAMILY,"4408 Lendall Ln, Austin, TX, 78744",Austin,TX,78744,30.177572,-97.759891,0.0,104.0,235.0,for_sale,2026-08-10T08:50:25.971119,2.0,1.0
8438690754,2993435180,PENDING,347500,,3.0,2.0,1436.0,6882.0,1975.0,SINGLE_FAMILY,"4400 Dovehill Dr, Austin, TX, 78744",Austin,TX,78744,30.18893,-97.753098,0.0,123.0,242.0,for_sale,2026-08-10T08:50:25.971119,,1.0
8699685488,2990809215,PENDING,305000,,4.0,2.0,1309.0,7523.0,1977.0,SINGLE_FAMILY,"2106 Ponciana Loop, Austin, TX, 78744",Austin,TX,78744,30.19939,-97.752932,0.0,190.0,233.0,for_sale,2026-08-10T08:50:25.971119,2.0,1.0
9087305334,2990781359,PENDING,963900,,5.0,5.0,3413.0,3415.0,2026.0,SINGLE_FAMILY,"9600 Wiggy Way, Austin, TX, 78744",Austin,TX,78744,30.140558,-97.707074,75.0,191.0,282.0,for_sale,2026-08-10T08:50:25.971119,3.0,2.0
9837956165,2991413404,PENDING,581763,,3.0,2.0,2187.0,5998.0,2026.0,SINGLE_FAMILY,"9504 Hamadryas Dr, Austin, TX, 78744",Austin,TX,78744,30.143388,-97.706259,90.0,181.0,266.0,for_sale,2026-08-10T08:50:25.971119,2.0,1.0
9634396824,2986477602,FOR_SALE,499990,,4.0,3.0,2231.0,5641.0,2025.0,SINGLE_FAMILY,"8515 Dongan Dr, Austin, TX, 78744",Austin,TX,78744,30.140715,-97.7141,81.0,326.0,224.0,for_sale,2026-08-10T08:50:25.971119,2.0,1.0
9128385261,2995407113,FOR_SALE,632000,,4.0,2.0,2555.0,6007.0,2022.0,SINGLE_FAMILY,"8509 Thompson Teal Trl, Austin, TX, 78744",Austin,TX,78744,30.148678,-97.708189,75.0,87.0,247.0,for_sale,2026-08-10T08:50:25.971119,2.0,2.0
8209829230,2992343378,FOR_SALE,373000,,4.0,2.0,1762.0,8438.0,1972.0,SINGLE_FAMILY,"2100 Deadwood Dr, Austin, TX, 78744",Austin,TX,78744,30.198792,-97.754902,0.0,152.0,212.0,for_sale,2026-08-10T08:50:25.971119,2.0,1.0
7998416540,2996196834,FOR_SALE,650000,,5.0,4.0,3799.0,8472.0,2016.0,SINGLE_FAMILY,"7201 Auburn Blaze Ln, Austin, TX, 78744",Austin,TX,78744,30.160803,-97.719737,75.0,72.0,171.0,for_sale,2026-08-10T08:50:25.971119,3.0,2.0
9526942005,2998358969,FOR_SALE,530000,,4.0,3.0,2599.0,6037.0,2020.0,SINGLE_FAMILY,"8204 Yokohama Ter, Austin, TX, 78744",Austin,TX,78744,30.1479,-97.718755,75.0,30.0,204.0,for_sale,2026-08-10T08:50:25.971119,2.0,2.0
9744554830,2998312830,PENDING,562990,,4.0,2.0,2216.0,5998.0,2026.0,SINGLE_FAMILY,"9116 Boathouse Dr, Austin, TX, 78744",Austin,TX,78744,30.145536,-97.708748,107.0,31.0,254.0,for_sale,2026-08-10T08:50:25.971119,2.0,1.0
7258963331,2991862636,FOR_SALE,67000,,3.0,2.0,,,2000.0,MOBILE,"7717 Arbor Ridge Ct # 83, Austin, TX, 78744",Austin,TX,78744,30.174044,-97.76742,0.0,166.0,,for_sale,2026-08-10T08:50:25.971119,,1.0
9219714306,2995224405,PENDING,534990,,4.0,3.0,2709.0,5641.0,2026.0,SINGLE_FAMILY,"8603 Dongan Dr, Austin, TX, 78744",Austin,TX,78744,30.140418,-97.714294,81.0,89.0,197.0,for_sale,2026-08-10T08:50:25.971119,2.0,2.0
9996360575,2997720133,FOR_SALE,54990,,2.0,1.0,784.0,,2026.0,MOBILE,"37 Palma Cir, Austin, TX, 78744",Austin,TX,78744,30.220205,-97.684189,0.0,44.0,70.0,for_sale,2026-08-10T08:50:25.971119,,
9888359807,2996101030,PENDING,804900,,4.0,3.0,3187.0,7200.0,2026.0,SINGLE_FAMILY,"9208 Calvert Way, Austin, TX, 78744",Austin,TX,78744,30.142095,-97.710181,71.0,73.0,253.0,for_sale,2026-08-10T08:50:25.971119,3.0,2.0
9411293273,2998278652,PENDING,397990,,2.0,2.0,1657.0,5192.0,2026.0,SINGLE_FAMILY,"8822 Marmoset Way, Austin, TX, 78744",Austin,TX,78744,30.144444,-97.714128,107.0,32.0,240.0,for_sale,2026-08-10T08:50:25.971119,2.0,2.0
9750610601,2995224483,FOR_SALE,529990,,4.0,3.0,2709.0,5641.0,2026.0,SINGLE_FAMILY,"8517 Dongan Dr, Austin, TX, 78744",Austin,TX,78744,30.140602,-97.714174,81.0,89.0,196.0,for_sale,2026-08-10T08:50:25.971119,2.0,2.0
9143814949,2995819519,FOR_SALE,569000,,4.0,3.0,2630.0,11387.0,2022.0,SINGLE_FAMILY,"9208 Apogee Blvd, Austin, TX, 78744",Austin,TX,78744,30.142286,-97.715214,75.0,79.0,216.0,for_sale,2026-08-10T08:50:25.971119,2.0,2.0
9913317685,2995059215,FOR_SALE,474000,,4.0,2.0,2127.0,6412.0,2019.0,SINGLE_FAMILY,"8204 Silhouette St, Austin, TX, 78744",Austin,TX,78744,30.14869,-97.718871,71.0,93.0,223.0,for_sale,2026-08-10T08:50:25.971119,2.0,1.0
7519715607,2997750201,FOR_SALE,35000,,2.0,2.0,1152.0,,2010.0,MOBILE,"6600 Elm Creek Dr Trlr 121, Austin, TX, 78744",Austin,TX,78744,30.186583,-97.764941,0.0,42.0,30.0,for_sale,2026-08-10T08:50:25.971119,,1.0
9500233614,2993475843,FOR_SALE,499000,,5.0,3.0,2578.0,8024.0,2023.0,SINGLE_FAMILY,"7805 House Finch Dr, Austin, TX, 78744",Austin,TX,78744,30.156855,-97.727814,80.0,122.0,194.0,for_sale,2026-08-10T08:50:25.971119,2.0,2.0
9077758181,2998908231,FOR_SALE,315000,,3.0,2.0,1479.0,4931.0,2013.0,SINGLE_FAMILY,"5917 Red Bud Ridge Ln Unit 20, Austin, TX, 78744",Austin,TX,78744,30.190006,-97.73909,218.0,14.0,213.0,for_sale,2026-08-10T08:50:25.971119,2.0,2.0
9862602723,2994499375,FOR_SALE,315000,,2.0,2.0,1437.0,967.0,2021.0,SINGLE_FAMILY,"7915 Mellencamp Dr, Austin, TX, 78744",Austin,TX,78744,30.154844,-97.715421,115.0,107.0,219.0,for_sale,2026-08-10T08:50:25.971119,2.0,2.0
9943285170,2993312735,SOLD,430990,,3.0,3.0,2055.0,3942.0,2026.0,SINGLE_FAMILY,"8818 Marmoset Way, Austin, TX, 78744",Austin,TX,78744,30.144625,-97.714381,107.0,122.0,,sold,2026-08-10T08:50:30.846974,2.0,2.0
9274832191,2988965231,SOLD,663891,,4.0,3.0,2910.0,7187.0,2026.0,SINGLE_FAMILY,"9208 The Ravine Way, Austin, TX, 78744",Austin,TX,78744,30.14593,-97.707689,90.0,255.0,,sold,2026-08-10T08:50:30.846974,3.0,2.0
8056961336,2994855278,SOLD,297500,,3.0,2.0,1799.0,4400.0,2016.0,SINGLE_FAMILY,"3701 Black Granite Dr, Austin, TX, 78744",Austin,TX,78744,30.201496,-97.697878,48.0,92.0,,sold,2026-08-10T08:50:30.846974,2.0,2.0
7939089159,2993528041,SOLD,360000,,3.0,2.0,1795.0,5750.0,2018.0,SINGLE_FAMILY,"6517 Ranchito Dr, Austin, TX, 78744",Austin,TX,78744,30.169399,-97.732219,59.0,117.0,,sold,2026-08-10T08:50:30.846974,2.0,2.0
7264307371,2997068910,SOLD,330000,,4.0,3.0,2246.0,6756.0,2018.0,SINGLE_FAMILY,"5817 Monmarte Cv, Austin, TX, 78744",Austin,TX,78744,30.172093,-97.696525,65.0,55.0,,sold,2026-08-10T08:50:30.846974,2.0,2.0
9959553240,2986537732,SOLD,689940,,4.0,3.0,2986.0,7187.0,2026.0,SINGLE_FAMILY,"9212 Flatbush Dr, Austin, TX, 78744",Austin,TX,78744,30.146532,-97.707058,90.0,319.0,,sold,2026-08-10T08:50:30.846974,2.0,2.0
9045822520,2995455476,SOLD,399000,,3.0,2.0,1878.0,5502.0,2021.0,SINGLE_FAMILY,"8206 Greyhawk Cv, Austin, TX, 78744",Austin,TX,78744,30.16979,-97.696483,75.0,81.0,,sold,2026-08-10T08:50:30.846974,2.0,1.0
7310400909,2997670601,SOLD,71640,,3.0,2.0,1152.0,,2026.0,MOBILE,"21 Madrona Dr, Austin, TX, 78744",Austin,TX,78744,30.218878,-97.685659,0.0,38.0,,sold,2026-08-10T08:50:30.846974,,
8792307955,2998270464,SOLD,68420,,3.0,2.0,1056.0,,2026.0,MOBILE,"40 Olmos Dr, Austin, TX, 78744",Austin,TX,78744,30.218878,-97.685659,0.0,25.0,,sold,2026-08-10T08:50:30.846974,,
8850378994,2997441071,SOLD,398000,,4.0,2.0,1623.0,6286.0,1984.0,SINGLE_FAMILY,"4805 Spring Meadow Cv, Austin, TX, 78744",Austin,TX,78744,30.195811,-97.732145,0.0,45.0,,sold,2026-08-10T08:50:30.846974,,1.0
9705623005,2997677505,SOLD,68420,,3.0,2.0,1056.0,,2026.0,MOBILE,"13 Espinosa Dr, Austin, TX, 78744",Austin,TX,78744,30.218752,-97.684708,0.0,38.0,,sold,2026-08-10T08:50:30.846974,,
9807637148,2992331734,SOLD,794900,,4.0,3.0,2993.0,2993.0,2026.0,SINGLE_FAMILY,"8909 Nilgai Dr, Austin, TX, 78744",Austin,TX,78744,30.141754,-97.709422,75.0,145.0,,sold,2026-08-10T08:50:30.846974,3.0,1.0
9975677629,2991621342,SOLD,500000,,5.0,4.0,3026.0,10058.0,2021.0,SINGLE_FAMILY,"8612 Apogee Blvd, Austin, TX, 78744",Austin,TX,78744,30.146974,-97.715458,80.0,167.0,,sold,2026-08-10T08:50:30.846974,2.0,2.0
7380121209,2996581518,SOLD,365000,,3.0,2.0,1608.0,6909.0,1975.0,SINGLE_FAMILY,"4605 Cedargrove Dr, Austin, TX, 78744",Austin,TX,78744,30.19877,-97.742366,0.0,56.0,,sold,2026-08-10T08:50:30.846974,,1.0
9976437604,2992970068,SOLD,909900,,4.0,3.0,3187.0,7078.0,2026.0,SINGLE_FAMILY,"9405 Dingo Dr, Austin, TX, 78744",Austin,TX,78744,30.140183,-97.709252,75.0,126.0,,sold,2026-08-10T08:50:30.846974,3.0,2.0
7539239967,2992302524,SOLD,385000,,4.0,2.0,2340.0,12249.0,1977.0,SINGLE_FAMILY,"2201 Tallow Ct, Austin, TX, 78744",Austin,TX,78744,30.194672,-97.75524,0.0,142.0,,sold,2026-08-10T08:50:30.846974,,1.0
7005727955,2997486629,SOLD,315000,,2.0,2.0,1030.0,8716.0,1983.0,SINGLE_FAMILY,"7300 Quicksilver Cir, Austin, TX, 78744",Austin,TX,78744,30.174073,-97.757964,0.0,40.0,,sold,2026-08-10T08:50:30.846974,1.0,1.0
7100195377,2996863075,SOLD,200000,,3.0,2.0,1086.0,9152.0,1978.0,SINGLE_FAMILY,"2512 E Stassney Ln, Austin, TX, 78744",Austin,TX,78744,30.19409,-97.748303,0.0,49.0,,sold,2026-08-10T08:50:30.846974,2.0,1.0
9210299036,2992935367,SOLD,958900,,5.0,5.0,3675.0,9348.0,2026.0,SINGLE_FAMILY,"8900 Binnewater Way, Austin, TX, 78744",Austin,TX,78744,30.143221,-97.711567,75.0,124.0,,sold,2026-08-10T08:50:30.846974,3.0,2.0
9870353084,2987904393,SOLD,474990,,4.0,3.0,2508.0,5998.0,2022.0,SINGLE_FAMILY,"7909 Edmondson Bnd, Austin, TX, 78744",Austin,TX,78744,30.150918,-97.710472,71.0,154.0,,sold,2026-08-10T08:50:30.846974,2.0,2.0
9535531394,2996099801,SOLD,564900,,4.0,3.0,2407.0,4722.0,2026.0,SINGLE_FAMILY,"7001 Stitzel Weller Dr, Austin, TX, 78744",Austin,TX,78744,30.146736,-97.729715,75.0,59.0,,sold,2026-08-10T08:50:30.846974,2.0,2.0
9034001704,2977582345,SOLD,175560,,2.0,1.0,1199.0,1220.0,2025.0,TOWNHOMES,"7051 Meadow Lake Blvd Unit 1101, Austin, TX, 78744",Austin,TX,78744,30.175594,-97.753769,235.0,545.0,,sold,2026-08-10T08:50:30.846974,,2.0
7458486899,2997488727,SOLD,375000,,4.0,2.0,2216.0,5763.0,2018.0,SINGLE_FAMILY,"6701 Loretta White Ln, Austin, TX, 78744",Austin,TX,78744,30.169871,-97.730774,79.0,34.0,,sold,2026-08-10T08:50:30.846974,2.0,2.0
7263711116,2996551125,SOLD,325000,,4.0,2.0,2413.0,6547.0,2018.0,SINGLE_FAMILY,"5613 Gerard Dr, Austin, TX, 78744",Austin,TX,78744,30.173107,-97.696568,25.0,50.0,,sold,2026-08-10T08:50:30.846974,3.0,2.0
7170012157,2994083641,SOLD,439000,,5.0,4.0,2022.0,7623.0,1984.0,MULTI_FAMILY,"6908 Hyland Cir, Austin, TX, 78744",Austin,TX,78744,30.180234,-97.75896,0.0,96.0,,sold,2026-08-10T08:50:30.846974,2.0,1.0
8691452160,2996836658,SOLD,239900,,4.0,2.0,1548.0,4661.0,1988.0,SINGLE_FAMILY,"5415 Walnut Grove Dr, Austin, TX, 78744",Austin,TX,78744,30.190571,-97.738385,0.0,42.0,,sold,2026-08-10T08:50:30.846974,,2.0
9983196065,2991758048,SOLD,175560,,2.0,1.0,1199.0,567587.0,2025.0,TOWNHOMES,"7051 Meadow Lake Blvd Unit 3103, Austin, TX, 78744",Austin,TX,78744,30.175594,-97.753769,235.0,,,sold,2026-08-10T08:50:30.846974,,2.0
9960750861,2992821134,SOLD,314990,,2.0,2.0,1382.0,2409.0,2026.0,CONDOS,"1010 Brickell Loop Unit A, Austin, TX, 78744",Austin,TX,78744,30.181909,-97.727096,216.0,121.0,,sold,2026-08-10T08:50:30.846974,2.0,2.0
8231585509,2992538000,SOLD,295000,,3.0,2.0,1346.0,4225.0,2004.0,SINGLE_FAMILY,"9204 Rowlands Sayle Rd, Austin, TX, 78744",Austin,TX,78744,30.161346,-97.779119,38.0,129.0,,sold,2026-08-10T08:50:30.846974,2.0,2.0
9251119736,2985869832,SOLD,309990,,2.0,2.0,1192.0,1904.0,2025.0,SINGLE_FAMILY,"8104 Springsteen Dr, Austin, TX, 78744",Austin,TX,78744,30.155548,-97.712929,107.0,325.0,,sold,2026-08-10T08:50:30.846974,2.0,2.0
9203797928,2987130037,SOLD,68600,,3.0,2.0,910.0,,,MOBILE,"24 Yucca Dr, Austin, TX, 78744",Austin,TX,78744,30.218281,-97.68586,0.0,286.0,,sold,2026-08-10T08:50:30.846974,,
9998584896,2993312902,SOLD,397990,,3.0,3.0,1580.0,5044.0,2026.0,SINGLE_FAMILY,"8816 Marmoset Way, Austin, TX, 78744",Austin,TX,78744,30.14461,-97.714149,107.0,105.0,,sold,2026-08-10T08:50:30.846974,2.0,2.0
9922313958,2993313129,SOLD,439990,,3.0,2.0,2075.0,4116.0,2026.0,SINGLE_FAMILY,"8812 Marmoset Way, Austin, TX, 78744",Austin,TX,78744,30.144758,-97.714396,107.0,105.0,,sold,2026-08-10T08:50:30.846974,2.0,2.0
7299642701,2994350524,SOLD,265000,,3.0,2.0,1178.0,8207.0,1997.0,SINGLE_FAMILY,"5708 Lark Creek Dr, Austin, TX, 78744",Austin,TX,78744,30.193533,-97.731095,0.0,90.0,,sold,2026-08-10T08:50:30.846974,,1.0
8675658554,2998229286,SOLD,299000,,3.0,2.0,1492.0,5750.0,2004.0,SINGLE_FAMILY,"2106 Narrow Glen Pkwy, Austin, TX, 78744",Austin,TX,78744,30.161176,-97.782076,20.0,11.0,,sold,2026-08-10T08:50:30.846974,2.0,1.0
9389951424,2991934432,SOLD,599990,,4.0,4.0,2620.0,6098.0,2026.0,SINGLE_FAMILY,"9301 Breeze Hill Dr, Austin, TX, 78744",Austin,TX,78744,30.142864,-97.709114,104.0,143.0,,sold,2026-08-10T08:50:30.846974,2.0,2.0
7533209701,2992677937,SOLD,390000,,4.0,2.0,2102.0,7366.0,1984.0,MULTI_FAMILY,"5000 Coffee Cup Cv, Austin, TX, 78744",Austin,TX,78744,30.196713,-97.741586,0.0,120.0,,sold,2026-08-10T08:50:30.846974,2.0,2.0
8721129485,2995753052,SOLD,339000,,3.0,2.0,1449.0,5140.0,2004.0,SINGLE_FAMILY,"9402 Brents Elm Dr, Austin, TX, 78744",Austin,TX,78744,30.158772,-97.780186,17.0,56.0,,sold,2026-08-10T08:50:30.846974,2.0,1.0
9203404584,2993308759,SOLD,513990,,3.0,3.0,2127.0,8573.0,2026.0,SINGLE_FAMILY,"8601 Aracari Cv, Austin, TX, 78744",Austin,TX,78744,30.147067,-97.711325,107.0,101.0,,sold,2026-08-10T08:50:30.846974,2.0,1.0
9872989699,2993242267,SOLD,525000,,3.0,3.0,2472.0,5955.0,2020.0,SINGLE_FAMILY,"8212 Gilwice Ln, Austin, TX, 78744",Austin,TX,78744,30.147154,-97.718252,75.0,104.0,,sold,2026-08-10T08:50:30.846974,2.0,1.0
9029709529,2992137234,SOLD,337990,,2.0,1.0,1437.0,967.0,2025.0,SINGLE_FAMILY,"8103 Springsteen Dr, Austin, TX, 78744",Austin,TX,78744,30.155319,-97.713051,107.0,133.0,,sold,2026-08-10T08:50:30.846974,2.0,2.0
9118489110,2993313184,SOLD,408990,,3.0,3.0,1607.0,4683.0,2026.0,SINGLE_FAMILY,"8810 Marmoset Way, Austin, TX, 78744",Austin,TX,78744,30.144964,-97.714426,107.0,101.0,,sold,2026-08-10T08:50:30.846974,2.0,2.0
9889161850,2993312996,SOLD,408990,,2.0,2.0,1664.0,4961.0,2026.0,SINGLE_FAMILY,"8814 Marmoset Way, Austin, TX, 78744",Austin,TX,78744,30.144779,-97.714166,107.0,101.0,,sold,2026-08-10T08:50:30.846974,2.0,2.0
9330508029,2987471435,SOLD,552956,,4.0,3.0,2256.0,5998.0,2026.0,SINGLE_FAMILY,"9417 Boathouse Dr, Austin, TX, 78744",Austin,TX,78744,30.143811,-97.706346,90.0,270.0,,sold,2026-08-10T08:50:30.846974,2.0,1.0
9104370636,2985628624,SOLD,151470,,2.0,1.0,897.0,,2025.0,CONDOS,"7051 Meadow Lake Blvd Unit 9101, Austin, TX, 78744",Austin,TX,78744,30.175594,-97.753769,235.0,,,sold,2026-08-10T08:50:30.846974,,1.0
9273321533,2989462897,SOLD,749900,,4.0,3.0,2835.0,7200.0,2025.0,SINGLE_FAMILY,"9516 Wiggy Way, Austin, TX, 78744",Austin,TX,78744,30.14064,-97.707239,71.0,209.0,,sold,2026-08-10T08:50:30.846974,3.0,1.0
9489084748,2992692230,SOLD,335990,,3.0,2.0,1487.0,2409.0,2026.0,CONDOS,"1012 Brickell Loop Unit B, Austin, TX, 78744",Austin,TX,78744,30.181909,-97.727096,216.0,116.0,,sold,2026-08-10T08:50:30.846974,2.0,2.0
7851265227,2995000097,SOLD,359990,,4.0,2.0,2425.0,4966.0,2007.0,SINGLE_FAMILY,"3825 Carbondale Ave, Austin, TX, 78744",Austin,TX,78744,30.196975,-97.695761,25.0,61.0,,sold,2026-08-10T08:50:30.846974,2.0,2.0
9490376057,2992823715,SOLD,650000,,4.0,3.0,2952.0,7166.0,2022.0,SINGLE_FAMILY,"8621 Thompson Teal Trl, Austin, TX, 78744",Austin,TX,78744,30.14827,-97.706883,71.0,108.0,,sold,2026-08-10T08:50:30.846974,3.0,2.0
9700073710,2991325622,SOLD,399000,,3.0,2.0,2072.0,5319.0,2021.0,SINGLE_FAMILY,"7416 Travertine Spring Dr, Austin, TX, 78744",Austin,TX,78744,30.157234,-97.723901,110.0,150.0,,sold,2026-08-10T08:50:30.846974,2.0,2.0
7831560837,2995771561,SOLD,399999,,4.0,2.0,1468.0,5833.0,1986.0,SINGLE_FAMILY,"5405 Meadow Crst, Austin, TX, 78744",Austin,TX,78744,30.193177,-97.736377,0.0,46.0,,sold,2026-08-10T08:50:30.846974,2.0,2.0
8249569886,2993291148,SOLD,540000,,8.0,4.0,3120.0,9932.0,1982.0,MULTI_FAMILY,"4903 Merritt Dr, Austin, TX, 78744",Austin,TX,78744,30.203098,-97.75247,0.0,93.0,,sold,2026-08-10T08:50:30.846974,,2.0
9038523017,2994673293,SOLD,559000,,4.0,3.0,2560.0,8037.0,2020.0,SINGLE_FAMILY,"9001 Spire Vw, Austin, TX, 78744",Austin,TX,78744,30.143876,-97.717369,75.0,67.0,,sold,2026-08-10T08:50:30.846974,2.0,2.0
8027042900,2995036653,SOLD,300000,,3.0,2.0,1343.0,5898.0,2006.0,SINGLE_FAMILY,"5509 Apple Orchard Ln, Austin, TX, 78744",Austin,TX,78744,30.199005,-97.728519,19.0,54.0,,sold,2026-08-10T08:50:30.846974,1.0,1.0
9563904255,2996411602,SOLD,662556,,4.0,4.0,2794.0,8407.0,2026.0,SINGLE_FAMILY,"8812 Fallkill Dr, Austin, TX, 78744",Austin,TX,78744,30.141887,-97.707951,75.0,28.0,,sold,2026-08-10T08:50:30.846974,3.0,2.0
9299139428,2992692145,SOLD,335990,,3.0,2.0,1487.0,2409.0,2026.0,CONDOS,"1012 Brickell Loop Unit A, Austin, TX, 78744",Austin,TX,78744,30.181909,-97.727096,216.0,104.0,,sold,2026-08-10T08:50:30.846974,2.0,2.0
9482251146,2992481918,SOLD,599000,,4.0,3.0,2607.0,5641.0,2022.0,SINGLE_FAMILY,"8100 Corrigan Pass, Austin, TX, 78744",Austin,TX,78744,30.144633,-97.719091,75.0,109.0,,sold,2026-08-10T08:50:30.846974,3.0,2.0
7025491683,2997420853,SOLD,295000,,3.0,2.0,1114.0,5837.0,1996.0,SINGLE_FAMILY,"5404 China Berry Rd, Austin, TX, 78744",Austin,TX,78744,30.192921,-97.73654,0.0,12.0,,sold,2026-08-10T08:50:30.846974,2.0,1.0
9521809807,2983230744,SOLD,699000,,4.0,3.0,3403.0,7074.0,2025.0,SINGLE_FAMILY,"8500 Picnic House Path, Austin, TX, 78744",Austin,TX,78744,30.145285,-97.70428,90.0,377.0,,sold,2026-08-10T08:50:30.846974,3.0,2.0
9804692348,2982663570,SOLD,449990,,3.0,2.0,1904.0,5663.0,2025.0,SINGLE_FAMILY,"8610 Dongan Dr, Austin, TX, 78744",Austin,TX,78744,30.14036,-97.714972,81.0,391.0,,sold,2026-08-10T08:50:30.846974,2.0,1.0
9182310050,2991472063,SOLD,618155,,5.0,5.0,2832.0,6098.0,2026.0,SINGLE_FAMILY,"9308 Hamadryas Dr, Austin, TX, 78744",Austin,TX,78744,30.144191,-97.707881,104.0,137.0,,sold,2026-08-10T08:50:30.846974,2.0,2.0
9530589265,2992717004,SOLD,379990,,3.0,2.0,2080.0,2409.0,2026.0,CONDOS,"1014 Brickell Loop Unit B, Austin, TX, 78744",Austin,TX,78744,30.181909,-97.727096,216.0,101.0,,sold,2026-08-10T08:50:30.846974,2.0,2.0
7197064600,2996133825,SOLD,379000,,3.0,2.0,1879.0,6508.0,2015.0,SINGLE_FAMILY,"6904 Ondantra Bnd, Austin, TX, 78744",Austin,TX,78744,30.164083,-97.730477,39.0,31.0,,sold,2026-08-10T08:50:30.846974,2.0,1.0
9156787036,2995561495,SOLD,849995,,3.0,2.0,3114.0,7767.0,2022.0,SINGLE_FAMILY,"7917 Edmondson Bnd, Austin, TX, 78744",Austin,TX,78744,30.150702,-97.710195,75.0,37.0,,sold,2026-08-10T08:50:30.846974,3.0,2.0
8640288832,2995221053,SOLD,429000,,5.0,3.0,2278.0,5759.0,2015.0,SINGLE_FAMILY,"6905 Vail Ridge St, Austin, TX, 78744",Austin,TX,78744,30.201153,-97.700656,78.0,42.0,,sold,2026-08-10T08:50:30.846974,2.0,2.0
9006942425,2986479512,SOLD,589990,,5.0,4.0,2709.0,9239.0,2025.0,SINGLE_FAMILY,"8511 Dongan Dr, Austin, TX, 78744",Austin,TX,78744,30.140736,-97.713698,81.0,278.0,,sold,2026-08-10T08:50:30.846974,2.0,2.0
9899105188,2995633536,SOLD,490000,,3.0,2.0,2362.0,6029.0,2020.0,SINGLE_FAMILY,"8304 Yokohama Ter, Austin, TX, 78744",Austin,TX,78744,30.148008,-97.717846,80.0,33.0,,sold,2026-08-10T08:50:30.846974,2.0,2.0
7036883075,2992591332,SOLD,260000,,2.0,2.0,1608.0,,2019.0,CONDOS,"516 E Slaughter Ln Apt 603, Austin, TX, 78744",Austin,TX,78744,30.164177,-97.777944,285.0,98.0,,sold,2026-08-10T08:50:30.846974,2.0,2.0
7879685352,2995468845,SOLD,415000,,4.0,2.0,2859.0,9365.0,2015.0,SINGLE_FAMILY,"8109 Annalise Dr, Austin, TX, 78744",Austin,TX,78744,30.175185,-97.695016,76.0,37.0,,sold,2026-08-10T08:50:30.846974,3.0,2.0
7221361995,2994800592,SOLD,345000,,3.0,2.0,1883.0,6294.0,2015.0,SINGLE_FAMILY,"5417 Kara Dr, Austin, TX, 78744",Austin,TX,78744,30.176072,-97.695264,75.0,48.0,,sold,2026-08-10T08:50:30.846974,2.0,2.0
9162063698,2994028663,SOLD,485000,,3.0,2.0,2158.0,6247.0,2020.0,SINGLE_FAMILY,"8908 Looksee Ln, Austin, TX, 78744",Austin,TX,78744,30.144403,-97.716007,75.0,62.0,,sold,2026-08-10T08:50:30.846974,2.0,1.0
8043122741,2993488998,SOLD,299999,,3.0,2.0,1344.0,7214.0,1971.0,SINGLE_FAMILY,"5613 Jacaranda Dr, Austin, TX, 78744",Austin,TX,78744,30.194939,-97.755421,0.0,69.0,,sold,2026-08-10T08:50:30.846974,,1.0
9445500175,2994065984,SOLD,285000,,2.0,2.0,1725.0,6247.0,2019.0,CONDOS,"516 E Slaughter Ln Apt 2001, Austin, TX, 78744",Austin,TX,78744,30.164177,-97.777944,285.0,59.0,,sold,2026-08-10T08:50:30.846974,2.0,2.0
8054948975,2994668607,SOLD,365000,,3.0,2.0,1799.0,4400.0,2016.0,SINGLE_FAMILY,"3521 Colorado High Ave, Austin, TX, 78744",Austin,TX,78744,30.202723,-97.697689,40.0,45.0,,sold,2026-08-10T08:50:30.846974,2.0,2.0
7997596689,2994382885,SOLD,450000,,4.0,2.0,2692.0,8233.0,2016.0,SINGLE_FAMILY,"7112 Garnet Mill Ln, Austin, TX, 78744",Austin,TX,78744,30.161929,-97.720651,60.0,53.0,,sold,2026-08-10T08:50:30.846974,2.0,1.0
9607635894,2989239018,SOLD,666503,,4.0,3.0,3204.0,5998.0,2025.0,SINGLE_FAMILY,"9624 Golden Lion Dr, Austin, TX, 78744",Austin,TX,78744,30.140808,-97.705724,64.0,191.0,,sold,2026-08-10T08:50:30.846974,2.0,2.0
7249950873,2993497168,SOLD,575000,,3.0,2.0,2672.0,8398.0,2020.0,SINGLE_FAMILY,"7908 Yokohama Ter, Austin, TX, 78744",Austin,TX,78744,30.147597,-97.721392,75.0,62.0,,sold,2026-08-10T08:50:30.846974,2.0,2.0
9933699728,2993098521,SOLD,300000,,3.0,2.0,1828.0,6247.0,2018.0,CONDOS,"516 E Slaughter Ln Apt 2402, Austin, TX, 78744",Austin,TX,78744,30.164177,-97.777944,285.0,72.0,,sold,2026-08-10T08:50:30.846974,2.0,2.0
9372261272,2999359834,FOR_SALE,184795,,2.0,2.0,1005.0,6717.0,2015.0,SINGLE_FAMILY,"2809 Acopio Bnd Unit 37, Austin, TX, 78745",Austin,TX,78745,30.192186,-97.829193,85.0,3.0,184.0,for_sale,2026-08-10T08:50:39.616277,1.0,1.0
8058033673,2994506299,FOR_SALE,199000,,3.0,2.0,1232.0,12846.0,2003.0,SINGLE_FAMILY,"7705 Wynne Ln, Austin, TX, 78745",Austin,TX,78745,30.18962,-97.802715,0.0,12.0,162.0,for_sale,2026-08-10T08:50:39.616277,,1.0
7340516223,2991345368,FOR_SALE,290000,,2.0,2.0,1305.0,871.0,2016.0,CONDOS,"4361 S Congress Ave Unit 301, Austin, TX, 78745",Austin,TX,78745,30.217958,-97.766581,760.0,184.0,222.0,for_sale,2026-08-10T08:50:39.616277,2.0,1.0
9243343375,2999329916,FOR_SALE,399900,,3.0,2.0,1736.0,5114.0,2019.0,CONDOS,"7205 Ray Charles Dr, Austin, TX, 78745",Austin,TX,78745,30.187422,-97.782417,347.0,4.0,230.0,for_sale,2026-08-10T08:50:39.616277,1.0,2.0
7915085337,2998321957,FOR_SALE,339000,,2.0,2.0,1581.0,1006.0,2018.0,CONDOS,"4361 S Congress Ave Unit 514, Austin, TX, 78745",Austin,TX,78745,30.217958,-97.766581,893.0,31.0,214.0,for_sale,2026-08-10T08:50:39.616277,,1.0
9935929149,2998461402,FOR_SALE,152310,,1.0,1.0,534.0,270.0,2023.0,CONDOS,"4315 S Congress Ave Unit 220, Austin, TX, 78745",Austin,TX,78745,30.219075,-97.76548,80.0,27.0,285.0,for_sale,2026-08-10T08:50:39.616277,,1.0
7638675467,2999051913,PENDING,330000,,3.0,2.0,1178.0,7078.0,1974.0,SINGLE_FAMILY,"1001 Speer Ln, Austin, TX, 78745",Austin,TX,78745,30.20237,-97.790686,0.0,10.0,280.0,for_sale,2026-08-10T08:50:39.616277,2.0,1.0
8163830276,2994007158,FOR_SALE,24000,,,,,10790.0,,LAND,"8446 Corral Ln, Austin, TX, 78745",Austin,TX,78745,30.49046,-97.979873,20.0,115.0,,for_sale,2026-08-10T08:50:39.616277,,
7305831996,2997514494,FOR_SALE,475000,,4.0,2.0,1644.0,8176.0,1966.0,SINGLE_FAMILY,"1704 Parkside Ln, Austin, TX, 78745",Austin,TX,78745,30.209237,-97.798015,0.0,50.0,289.0,for_sale,2026-08-10T08:50:39.616277,,1.0
7834556634,2996544230,FOR_SALE,364900,,4.0,2.0,1264.0,6068.0,1972.0,SINGLE_FAMILY,"2609 Carlow Dr, Austin, TX, 78745",Austin,TX,78745,30.21277,-97.811833,0.0,67.0,289.0,for_sale,2026-08-10T08:50:39.616277,2.0,1.0
8503272633,2999304583,FOR_SALE,397000,,3.0,2.0,,7841.0,1978.0,SINGLE_FAMILY,"6906 Moonmont Dr, Austin, TX, 78745",Austin,TX,78745,30.191267,-97.782875,0.0,4.0,,for_sale,2026-08-10T08:50:39.616277,2.0,1.0
8507307320,2994441642,FOR_SALE,370000,,4.0,4.0,2212.0,9047.0,1983.0,MULTI_FAMILY,"7825 Beauregard Cir Unit 4, Austin, TX, 78745",Austin,TX,78745,30.193907,-97.812134,225.0,108.0,167.0,for_sale,2026-08-10T08:50:39.616277,2.0,2.0
7389277259,2998480398,FOR_SALE,515000,,3.0,2.0,1453.0,8098.0,1978.0,SINGLE_FAMILY,"2110 Malvern Hill Dr, Austin, TX, 78745",Austin,TX,78745,30.195695,-97.813318,0.0,26.0,354.0,for_sale,2026-08-10T08:50:39.616277,2.0,1.0
8127019291,2998811002,PENDING,215000,,2.0,1.0,1045.0,3690.0,1985.0,CONDOS,"512 Eberhart Ln Apt 1402, Austin, TX, 78745",Austin,TX,78745,30.200684,-97.783845,303.0,17.0,206.0,for_sale,2026-08-10T08:50:39.616277,1.0,2.0
7888262451,2993540316,PENDING,305000,,3.0,1.0,1116.0,8756.0,1977.0,SINGLE_FAMILY,"6204 Shadow Bnd, Austin, TX, 78745",Austin,TX,78745,30.200801,-97.782187,0.0,121.0,273.0,for_sale,2026-08-10T08:50:39.616277,1.0,1.0
7343086719,2992986603,FOR_SALE,578900,,4.0,2.0,1876.0,9017.0,1979.0,SINGLE_FAMILY,"7909 Manassas Dr, Austin, TX, 78745",Austin,TX,78745,30.194132,-97.813502,0.0,136.0,309.0,for_sale,2026-08-10T08:50:39.616277,2.0,2.0
9498290305,2995563346,FOR_SALE,233888,,,,,122360.0,,LAND,"5000 S 1st St, Austin, TX, 78745",Austin,TX,78745,30.214517,-97.779205,,83.0,,for_sale,2026-08-10T08:50:39.616277,,
7114156440,2990651986,FOR_SALE,410750,,4.0,2.0,1563.0,6329.0,1977.0,SINGLE_FAMILY,"6705 Lancret Hill Dr, Austin, TX, 78745",Austin,TX,78745,30.211902,-97.817512,0.0,195.0,263.0,for_sale,2026-08-10T08:50:39.616277,2.0,1.0
7776358604,2998560896,FOR_SALE,435000,,3.0,2.0,1268.0,7832.0,1976.0,SINGLE_FAMILY,"6509 Starstreak Dr, Austin, TX, 78745",Austin,TX,78745,30.19486,-97.779144,0.0,24.0,343.0,for_sale,2026-08-10T08:50:39.616277,2.0,1.0
7519980292,2998712548,FOR_SALE,275000,,2.0,2.0,962.0,6813.0,1974.0,SINGLE_FAMILY,"5701 Glen Meadow Dr, Austin, TX, 78745",Austin,TX,78745,30.204754,-97.777367,0.0,20.0,286.0,for_sale,2026-08-10T08:50:39.616277,,1.0
9400172598,2994490852,FOR_SALE,599000,,,,,43473.0,,LAND,"7 Pillow Rd, Sunset Valley, TX, 78745",Sunset Valley,TX,78745,30.22492686,-97.80925834,0.0,107.0,,for_sale,2026-08-10T08:50:39.616277,,
8879595492,2997898552,PENDING,255000,,3.0,1.0,1008.0,6961.0,1974.0,SINGLE_FAMILY,"1109 Dunstan Dr, Austin, TX, 78745",Austin,TX,78745,30.205013,-97.792429,0.0,40.0,253.0,for_sale,2026-08-10T08:50:39.616277,1.0,1.0
7980494619,2989755085,FOR_SALE,425000,,3.0,2.0,1481.0,7697.0,1975.0,SINGLE_FAMILY,"6300 Merriwood Dr, Austin, TX, 78745",Austin,TX,78745,30.199668,-97.781183,0.0,224.0,287.0,for_sale,2026-08-10T08:50:39.616277,,1.0
8669809575,2986794097,PENDING,259900,,4.0,2.0,1643.0,14070.0,1981.0,MULTI_FAMILY,"404 W Dittmar Rd, Austin, TX, 78745",Austin,TX,78745,30.183325,-97.78784,0.0,317.0,158.0,for_sale,2026-08-10T08:50:39.616277,,1.0
7897056174,2997671192,FOR_SALE,520000,,8.0,4.0,2976.0,8930.0,1981.0,MULTI_FAMILY,"Austin, TX, 78745",Austin,TX,78745,30.206037,-97.762221,0.0,45.0,175.0,for_sale,2026-08-10T08:50:39.616277,,2.0
9131923801,2997372726,FOR_SALE,975000,,3.0,2.0,1604.0,19262.0,1946.0,SINGLE_FAMILY,"306 W Stassney Ln Units 1 & 2, Austin, TX, 78745",Austin,TX,78745,30.206745,-97.777626,0.0,53.0,608.0,for_sale,2026-08-10T08:50:39.616277,,1.0
8748093947,2997252269,FOR_SALE,339000,,3.0,2.0,1228.0,8046.0,1975.0,SINGLE_FAMILY,"5107 Suburban Dr, Austin, TX, 78745",Austin,TX,78745,30.207596,-97.768339,0.0,57.0,276.0,for_sale,2026-08-10T08:50:39.616277,2.0,1.0
9384541879,2995488617,FOR_SALE,499000,,2.0,2.0,1224.0,,2025.0,CONDOS,"4315 S Congress Ave Unit 235, Austin, TX, 78745",Austin,TX,78745,30.219075,-97.76548,595.0,86.0,408.0,for_sale,2026-08-10T08:50:39.616277,2.0,1.0
7527482974,2998521603,FOR_SALE,425000,,4.0,2.0,1575.0,19572.0,1972.0,SINGLE_FAMILY,"6107 Blarwood Dr, Austin, TX, 78745",Austin,TX,78745,30.21578,-97.810829,0.0,25.0,270.0,for_sale,2026-08-10T08:50:39.616277,2.0,1.0
7364545941,2999353474,FOR_SALE,299000,,1.0,1.0,288.0,9104.0,2018.0,SINGLE_FAMILY,"8200 Wavertree Ct, Austin, TX, 78745",Austin,TX,78745,30.200098,-97.836487,0.0,3.0,1038.0,for_sale,2026-08-10T08:50:39.616277,,2.0
7394095051,2996518826,FOR_SALE,499000,,3.0,2.0,1354.0,6490.0,1980.0,SINGLE_FAMILY,"6805 Rearden Rd, Austin, TX, 78745",Austin,TX,78745,30.212805,-97.824145,0.0,67.0,369.0,for_sale,2026-08-10T08:50:39.616277,2.0,1.0
7890516414,2998840489,FOR_SALE,545000,,4.0,2.0,1454.0,8751.0,1969.0,SINGLE_FAMILY,"5403 Village Way Ct, Austin, TX, 78745",Austin,TX,78745,30.218691,-97.798466,0.0,17.0,375.0,for_sale,2026-08-10T08:50:39.616277,2.0,1.0
7334147264,2995670717,FOR_SALE,1399500,,5.0,5.0,3102.0,7340.0,2023.0,SINGLE_FAMILY,"4804 Gladeview Dr, Austin, TX, 78745",Austin,TX,78745,30.220855,-97.787707,0.0,82.0,451.0,for_sale,2026-08-10T08:50:39.616277,2.0,3.0
8720670675,2999146206,FOR_SALE,319900,,3.0,1.0,1338.0,14754.0,1972.0,SINGLE_FAMILY,"5400 Salem Walk Dr, Austin, TX, 78745",Austin,TX,78745,30.213037,-97.786058,0.0,9.0,239.0,for_sale,2026-08-10T08:50:39.616277,2.0,2.0
8340874473,2999123668,FOR_SALE,535000,,3.0,2.0,1816.0,8799.0,1971.0,SINGLE_FAMILY,"900 Austin Highlands Blvd, Austin, TX, 78745",Austin,TX,78745,30.200698,-97.789949,0.0,9.0,295.0,for_sale,2026-08-10T08:50:39.616277,,1.0
8641461565,2998345192,FOR_SALE,339900,,3.0,1.0,943.0,6412.0,1974.0,SINGLE_FAMILY,"6101 Idlewood Cv, Austin, TX, 78745",Austin,TX,78745,30.200832,-97.777544,0.0,31.0,360.0,for_sale,2026-08-10T08:50:39.616277,1.0,1.0
8036636325,2992466158,FOR_SALE,249000,,2.0,2.0,1220.0,3703.0,2016.0,CONDOS,"7805 Cooper Ln Unit 401, Austin, TX, 78745",Austin,TX,78745,30.185464,-97.793705,400.0,150.0,204.0,for_sale,2026-08-10T08:50:39.616277,,2.0
8871336974,2999166998,FOR_SALE,599999,,3.0,2.0,1257.0,12079.0,1982.0,SINGLE_FAMILY,"8102 Fort Sumter Rd, Austin, TX, 78745",Austin,TX,78745,30.195488,-97.824559,0.0,8.0,477.0,for_sale,2026-08-10T08:50:39.616277,2.0,1.0
9181970932,2994750241,FOR_SALE,199800,,1.0,1.0,825.0,523.0,2016.0,CONDOS,"4361 S Congress Ave Unit 402, Austin, TX, 78745",Austin,TX,78745,30.217958,-97.766581,458.0,100.0,242.0,for_sale,2026-08-10T08:50:39.616277,1.0,1.0
8022004628,2999416830,FOR_SALE,280350,,2.0,2.0,1081.0,688.0,2016.0,CONDOS,"Austin, TX, 78745",Austin,TX,78745,30.217958,-97.766581,700.0,2.0,259.0,for_sale,2026-08-10T08:50:39.616277,2.0,1.0
8934690116,2998204120,FOR_SALE,510000,,3.0,2.0,1480.0,8233.0,1980.0,SINGLE_FAMILY,"2102 Lear Ln, Austin, TX, 78745",Austin,TX,78745,30.196992,-97.811976,0.0,33.0,345.0,for_sale,2026-08-10T08:50:39.616277,2.0,1.0
8517570160,2998641224,FOR_SALE,239999,,2.0,2.0,1064.0,1917.0,2008.0,CONDOS,"6810 Deatonhill Dr Apt 4202, Austin, TX, 78745",Austin,TX,78745,30.209029,-97.817872,366.0,23.0,226.0,for_sale,2026-08-10T08:50:39.616277,,1.0
8378395499,2991693235,FOR_SALE,164900,,2.0,1.0,792.0,1629.0,1984.0,CONDOS,"5608 Cougar Dr Apt 226, Austin, TX, 78745",Austin,TX,78745,30.208957,-97.785419,328.0,172.0,208.0,for_sale,2026-08-10T08:50:39.616277,,2.0
7455853308,2999410309,FOR_SALE,450000,,3.0,2.0,1380.0,11069.0,1979.0,SINGLE_FAMILY,"6716 Skynook Dr, Austin, TX, 78745",Austin,TX,78745,30.193611,-97.782408,0.0,2.0,326.0,for_sale,2026-08-10T08:50:39.616277,2.0,1.0
8213614428,2999320713,FOR_SALE,450000,,3.0,2.0,1216.0,7187.0,1981.0,SINGLE_FAMILY,"3203 Harpers Ferry Ln, Austin, TX, 78745",Austin,TX,78745,30.20339,-97.828416,0.0,4.0,370.0,for_sale,2026-08-10T08:50:39.616277,2.0,1.0
8206625734,2994835678,FOR_SALE,550000,,3.0,2.0,1679.0,10367.0,1984.0,SINGLE_FAMILY,"2408 Shiloh Dr, Austin, TX, 78745",Austin,TX,78745,30.194658,-97.818943,0.0,97.0,328.0,for_sale,2026-08-10T08:50:39.616277,2.0,1.0
8907225116,2998402131,PENDING,378000,,3.0,2.0,1199.0,5619.0,1974.0,SINGLE_FAMILY,"7001 Windrift Way, Austin, TX, 78745",Austin,TX,78745,30.19837,-97.798803,0.0,29.0,315.0,for_sale,2026-08-10T08:50:39.616277,2.0,1.0
8503272633,2998064356,FOR_SALE,397000,,3.0,2.0,1460.0,8276.0,1978.0,SINGLE_FAMILY,"6906 Moonmont Dr, Austin, TX, 78745",Austin,TX,78745,30.191267,-97.782875,0.0,37.0,272.0,for_sale,2026-08-10T08:50:39.616277,2.0,1.0
9249325629,2990249202,PENDING,159000,,0.0,1.0,534.0,244.0,2025.0,CONDOS,"4315 S Congress Ave Unit 520, Austin, TX, 78745",Austin,TX,78745,30.219075,-97.76548,88.0,208.0,298.0,for_sale,2026-08-10T08:50:39.616277,,1.0
7489803589,2991158579,FOR_SALE,615000,,4.0,2.0,2282.0,9021.0,2008.0,SINGLE_FAMILY,"2200 Amur Dr, Austin, TX, 78745",Austin,TX,78745,30.213984,-97.806289,125.0,187.0,270.0,for_sale,2026-08-10T08:50:39.616277,2.0,2.0
8673317128,2998247946,FOR_SALE,399990,,6.0,2.0,1656.0,11818.0,1982.0,SINGLE_FAMILY,"5205 Calais Ct, Austin, TX, 78745",Austin,TX,78745,30.216322,-97.790591,0.0,32.0,242.0,for_sale,2026-08-10T08:50:39.616277,,2.0
8741169819,2998570258,FOR_SALE,775000,,4.0,2.0,2044.0,12463.0,1968.0,SINGLE_FAMILY,"5005 Buffalo Pass, Austin, TX, 78745",Austin,TX,78745,30.223143,-97.798317,0.0,24.0,379.0,for_sale,2026-08-10T08:50:39.616277,2.0,1.0
8335975485,2994603712,FOR_SALE,309990,,3.0,1.0,934.0,7675.0,1971.0,SINGLE_FAMILY,"1704 Cherry Orchard Dr, Austin, TX, 78745",Austin,TX,78745,30.201456,-97.803077,,103.0,332.0,for_sale,2026-08-10T08:50:39.616277,1.0,1.0
8180612731,2999133291,FOR_SALE,299990,,3.0,1.0,896.0,6891.0,1979.0,SINGLE_FAMILY,"3401 Thomas Kincheon St, Austin, TX, 78745",Austin,TX,78745,30.201301,-97.835431,0.0,9.0,335.0,for_sale,2026-08-10T08:50:39.616277,1.0,1.0
7038437486,2998649563,FOR_SALE,599998,,3.0,2.0,1622.0,14566.0,1969.0,SINGLE_FAMILY,"6507 Pevensey Dr, Austin, TX, 78745",Austin,TX,78745,30.200053,-97.786903,0.0,23.0,370.0,for_sale,2026-08-10T08:50:39.616277,1.0,1.0
7707990120,2998816739,PENDING,249000,,3.0,2.0,995.0,8403.0,1973.0,SINGLE_FAMILY,"1100 S Trace Dr, Austin, TX, 78745",Austin,TX,78745,30.204387,-97.791935,0.0,17.0,250.0,for_sale,2026-08-10T08:50:39.616277,1.0,1.0
8828630204,2999078886,FOR_SALE,599000,,3.0,2.0,1836.0,10062.0,1981.0,SINGLE_FAMILY,"7336 Gaines Mill Ln, Austin, TX, 78745",Austin,TX,78745,30.199562,-97.812286,0.0,10.0,326.0,for_sale,2026-08-10T08:50:39.616277,2.0,2.0
8020280125,2997190048,PENDING,376000,,3.0,1.0,1182.0,8851.0,1969.0,SINGLE_FAMILY,"5001 Creekline Dr, Austin, TX, 78745",Austin,TX,78745,30.213724,-97.775769,0.0,59.0,318.0,for_sale,2026-08-10T08:50:39.616277,2.0,1.0
8653504760,2999397798,FOR_SALE,549900,,4.0,3.0,2072.0,4134.0,2015.0,SINGLE_FAMILY,"301 W Stassney Ln Unit 34, Austin, TX, 78745",Austin,TX,78745,30.205989,-97.777674,133.0,2.0,265.0,for_sale,2026-08-10T08:50:39.616277,2.0,2.0
7342342254,2992812508,FOR_SALE,210000,,1.0,1.0,825.0,527.0,2016.0,CONDOS,"4361 S Congress Ave Unit 322, Austin, TX, 78745",Austin,TX,78745,30.217958,-97.766581,458.0,141.0,255.0,for_sale,2026-08-10T08:50:39.616277,1.0,1.0
7378974708,2998561021,PENDING,475000,,3.0,2.0,1716.0,7841.0,1978.0,SINGLE_FAMILY,"7107 Teaberry Dr, Austin, TX, 78745",Austin,TX,78745,30.191657,-97.789538,0.0,24.0,277.0,for_sale,2026-08-10T08:50:39.616277,2.0,2.0
8896298828,2993434218,PENDING,482900,,3.0,2.0,2166.0,4587.0,2004.0,SINGLE_FAMILY,"2308 Keepsake Dr, Austin, TX, 78745",Austin,TX,78745,30.189301,-97.818981,45.0,123.0,223.0,for_sale,2026-08-10T08:50:39.616277,2.0,2.0
7738844028,2992998385,PENDING,900000,,3.0,3.0,2862.0,7096.0,2023.0,SINGLE_FAMILY,"4600 Gillis St, Austin, TX, 78745",Austin,TX,78745,30.222892,-97.784931,0.0,135.0,314.0,for_sale,2026-08-10T08:50:39.616277,1.0,2.0
7615958252,2994915334,FOR_SALE,450000,,3.0,2.0,2205.0,6081.0,2008.0,SINGLE_FAMILY,"813 Kevin Taylor Dr, Austin, TX, 78745",Austin,TX,78745,30.187634,-97.799966,29.0,95.0,204.0,for_sale,2026-08-10T08:50:39.616277,2.0,2.0
7668737710,2999183560,FOR_SALE,550000,,3.0,2.0,1314.0,7410.0,1977.0,SINGLE_FAMILY,"7310 Broken Arrow Ln, Austin, TX, 78745",Austin,TX,78745,30.186865,-97.78528,0.0,7.0,419.0,for_sale,2026-08-10T08:50:39.616277,2.0,1.0
9704271248,2994777401,FOR_SALE,225000,,2.0,1.0,925.0,1982.0,1968.0,CONDOS,"4800 Westgate Blvd Unit 103, Austin, TX, 78745",Austin,TX,78745,30.228109,-97.802261,160.0,99.0,243.0,for_sale,2026-08-10T08:50:39.616277,,2.0
7857871448,2998824404,FOR_SALE,800000,,4.0,3.0,2084.0,10271.0,1960.0,SINGLE_FAMILY,"2204 Fair Oaks Dr, Austin, TX, 78745",Austin,TX,78745,30.221304,-97.798137,0.0,17.0,384.0,for_sale,2026-08-10T08:50:39.616277,,1.0
7066985980,2993241493,FOR_SALE,699000,,3.0,2.0,2171.0,44000.0,1954.0,SINGLE_FAMILY,"700 Corral Ln, Austin, TX, 78745",Austin,TX,78745,30.185425,-97.775133,0.0,128.0,322.0,for_sale,2026-08-10T08:50:39.616277,,1.0
8435045509,2999378922,FOR_SALE,485000,,3.0,2.0,1245.0,7449.0,1970.0,SINGLE_FAMILY,"7004 Twisted Oaks Dr, Austin, TX, 78745",Austin,TX,78745,30.203654,-97.811886,0.0,3.0,390.0,for_sale,2026-08-10T08:50:39.616277,2.0,1.0
8856276092,2994745804,FOR_SALE,665000,,4.0,3.0,1805.0,12358.0,1959.0,SINGLE_FAMILY,"4501 Pack Saddle Pass, Austin, TX, 78745",Austin,TX,78745,30.229585,-97.792646,0.0,100.0,368.0,for_sale,2026-08-10T08:50:39.616277,2.0,1.0
8940728941,2989988695,FOR_SALE,115000,,1.0,1.0,476.0,1141.0,1982.0,CONDOS,"6903 Deatonhill Dr Apt 16, Austin, TX, 78745",Austin,TX,78745,30.209024,-97.816939,370.0,216.0,242.0,for_sale,2026-08-10T08:50:39.616277,,1.0
9754182029,2999260717,FOR_SALE,565000,,2.0,2.0,1210.0,7405.0,2023.0,SINGLE_FAMILY,"4617 Englewood Dr Unit 2, Austin, TX, 78745",Austin,TX,78745,30.217672,-97.778012,,5.0,467.0,for_sale,2026-08-10T08:50:39.616277,,2.0
7136292410,2999174955,FOR_SALE,140000,,2.0,1.0,749.0,1786.0,1982.0,CONDOS,"6903 Deatonhill Dr Apt 28, Austin, TX, 78745",Austin,TX,78745,30.209024,-97.816939,430.0,8.0,187.0,for_sale,2026-08-10T08:50:39.616277,,1.0
7846891660,2999419130,FOR_SALE,700000,,4.0,2.0,1823.0,12497.0,1970.0,SINGLE_FAMILY,"2107 Lewood Cir, Austin, TX, 78745",Austin,TX,78745,30.216683,-97.8014,0.0,2.0,384.0,for_sale,2026-08-10T08:50:39.616277,3.0,1.0
7232651651,2999332583,FOR_SALE,650000,,4.0,2.0,1803.0,18295.0,1991.0,SINGLE_FAMILY,"7702 Wynne Ln, Austin, TX, 78745",Austin,TX,78745,30.189806,-97.803397,0.0,4.0,361.0,for_sale,2026-08-10T08:50:39.616277,,1.0
8780254456,2992602925,FOR_SALE,524900,,4.0,2.0,1627.0,7858.0,1972.0,SINGLE_FAMILY,"505 Chihuahua Trl, Austin, TX, 78745",Austin,TX,78745,30.205503,-97.767749,0.0,146.0,323.0,for_sale,2026-08-10T08:50:39.616277,2.0,1.0
8977285088,2997746932,FOR_SALE,639000,,4.0,2.0,1816.0,8268.0,1978.0,SINGLE_FAMILY,"7906 Keneshaw Dr, Austin, TX, 78745",Austin,TX,78745,30.195498,-97.816085,0.0,44.0,352.0,for_sale,2026-08-10T08:50:39.616277,2.0,2.0
9985473534,2991392416,FOR_SALE,205000,,2.0,2.0,866.0,3223.0,2021.0,CONDOS,"8601 West Gate Blvd Apt 4104, Austin, TX, 78745",Austin,TX,78745,30.209236,-97.814253,260.0,181.0,237.0,for_sale,2026-08-10T08:50:39.616277,,1.0
8049232063,2993194503,FOR_SALE,529000,,4.0,2.0,1888.0,7126.0,1977.0,SINGLE_FAMILY,"6701 Lancret Hill Dr, Austin, TX, 78745",Austin,TX,78745,30.212193,-97.817718,0.0,129.0,280.0,for_sale,2026-08-10T08:50:39.616277,,1.0
8114626119,2997070738,FOR_SALE,575000,,3.0,2.0,1515.0,8085.0,1986.0,SINGLE_FAMILY,"7900 Finch Trl, Austin, TX, 78745",Austin,TX,78745,30.198902,-97.824186,0.0,59.0,380.0,for_sale,2026-08-10T08:50:39.616277,2.0,1.0
7123807768,2997211726,FOR_SALE,348000,,1.0,1.0,900.0,1481.0,2008.0,CONDOS,"4801 S Congress Ave Apt H1, Austin, TX, 78745",Austin,TX,78745,30.213362,-97.76945,190.0,58.0,387.0,for_sale,2026-08-10T08:50:39.616277,1.0,2.0
8808245734,2997561975,FOR_SALE,499999,,3.0,2.0,1610.0,7558.0,1981.0,SINGLE_FAMILY,"2411 Roehampton Dr, Austin, TX, 78745",Austin,TX,78745,30.195925,-97.817157,0.0,48.0,311.0,for_sale,2026-08-10T08:50:39.616277,2.0,1.0
8855054539,2998165171,FOR_SALE,499000,,4.0,2.0,1994.0,13586.0,1971.0,SINGLE_FAMILY,"1108 Gobi Dr, Austin, TX, 78745",Austin,TX,78745,30.209706,-97.789008,0.0,34.0,250.0,for_sale,2026-08-10T08:50:39.616277,,1.0
7146462863,2998326947,FOR_SALE,515000,,3.0,2.0,1176.0,7510.0,1964.0,SINGLE_FAMILY,"4802 Brighton Rd, Austin, TX, 78745",Austin,TX,78745,30.22011,-97.786112,0.0,31.0,438.0,for_sale,2026-08-10T08:50:39.616277,,1.0
8688335303,2996364935,FOR_SALE,629900,,3.0,2.0,1614.0,12807.0,1969.0,SINGLE_FAMILY,"2306 Standish Dr, Austin, TX, 78745",Austin,TX,78745,30.216677,-97.804197,0.0,69.0,390.0,for_sale,2026-08-10T08:50:39.616277,2.0,1.0
8124576126,2998807367,PENDING,649000,,3.0,2.0,1809.0,9392.0,1981.0,SINGLE_FAMILY,"7703 Keswick Dr, Austin, TX, 78745",Austin,TX,78745,30.197869,-97.817926,0.0,17.0,359.0,for_sale,2026-08-10T08:50:39.616277,2.0,1.0
8771277919,2998367974,FOR_SALE,384888,,3.0,2.0,1064.0,7832.0,1971.0,SINGLE_FAMILY,"902 Austin Highlands Blvd, Austin, TX, 78745",Austin,TX,78745,30.200756,-97.79014,0.0,30.0,362.0,for_sale,2026-08-10T08:50:39.616277,1.0,1.0
8215798598,2996622547,FOR_SALE,420000,,3.0,2.0,1313.0,8425.0,1979.0,SINGLE_FAMILY,"617 Blackberry Dr, Austin, TX, 78745",Austin,TX,78745,30.189143,-97.790199,0.0,66.0,320.0,for_sale,2026-08-10T08:50:39.616277,2.0,1.0
7337301755,2998628692,FOR_SALE,595000,,3.0,2.0,1434.0,11326.0,1976.0,SINGLE_FAMILY,"2802 Leeds Cv, Austin, TX, 78745",Austin,TX,78745,30.216392,-97.813648,0.0,23.0,415.0,for_sale,2026-08-10T08:50:39.616277,2.0,1.0
7894850636,2998317253,PENDING,350000,,3.0,2.0,1336.0,5750.0,2000.0,SINGLE_FAMILY,"8528 Steamline Cir, Austin, TX, 78745",Austin,TX,78745,30.186586,-97.814524,71.0,31.0,262.0,for_sale,2026-08-10T08:50:39.616277,2.0,1.0
7456412298,2995816053,FOR_SALE,435000,,3.0,2.0,1277.0,6621.0,1971.0,SINGLE_FAMILY,"800 Huntingdon Pl, Austin, TX, 78745",Austin,TX,78745,30.196009,-97.790979,0.0,79.0,341.0,for_sale,2026-08-10T08:50:39.616277,2.0,1.0
8418614378,2993113736,FOR_SALE,350000,,3.0,2.0,1552.0,6665.0,1973.0,SINGLE_FAMILY,"704 Buckingham Pl, Austin, TX, 78745",Austin,TX,78745,30.196003,-97.789237,0.0,131.0,226.0,for_sale,2026-08-10T08:50:39.616277,,1.0
8202052020,2999398942,FOR_SALE,475000,,3.0,2.0,1056.0,7065.0,1975.0,SINGLE_FAMILY,"3410 Plantation Rd, Austin, TX, 78745",Austin,TX,78745,30.200866,-97.836991,0.0,2.0,450.0,for_sale,2026-08-10T08:50:39.616277,1.0,1.0
8903609281,2994535446,PENDING,487000,,3.0,2.0,1625.0,8795.0,1976.0,SINGLE_FAMILY,"2506 Redleaf Ln, Austin, TX, 78745",Austin,TX,78745,30.200224,-97.815643,0.0,105.0,300.0,for_sale,2026-08-10T08:50:39.616277,1.0,1.0
9520664984,2995920444,FOR_SALE,1125000,,4.0,3.0,2260.0,5040.0,2022.0,SINGLE_FAMILY,"4509 S 2nd St Unit 1, Austin, TX, 78745",Austin,TX,78745,30.219825,-97.774984,0.0,77.0,498.0,for_sale,2026-08-10T08:50:39.616277,1.0,2.0
8891808389,2994032307,FOR_SALE,465000,,3.0,2.0,1275.0,11478.0,1973.0,SINGLE_FAMILY,"602 Old Stone Rd, Austin, TX, 78745",Austin,TX,78745,30.207461,-97.766323,0.0,115.0,365.0,for_sale,2026-08-10T08:50:39.616277,2.0,1.0
8206922486,2988699672,FOR_SALE,299000,,3.0,1.0,962.0,6765.0,1969.0,SINGLE_FAMILY,"5704 Cedardale Dr, Austin, TX, 78745",Austin,TX,78745,30.205818,-97.780151,0.0,264.0,311.0,for_sale,2026-08-10T08:50:39.616277,,1.0
8970198965,2997869321,FOR_SALE,435000,,3.0,2.0,1478.0,7087.0,1978.0,SINGLE_FAMILY,"6300 Capriola Dr, Austin, TX, 78745",Austin,TX,78745,30.205717,-97.796662,0.0,41.0,294.0,for_sale,2026-08-10T08:50:39.616277,2.0,1.0
9157054757,2997558454,PENDING,799000,,3.0,2.0,1664.0,10812.0,2026.0,CONDOS,"4415 Gillis St Unit 1, Austin, TX, 78745",Austin,TX,78745,30.225092,-97.782631,,48.0,480.0,for_sale,2026-08-10T08:50:39.616277,,2.0
7936558073,2997230801,FOR_SALE,320000,,3.0,1.0,996.0,6543.0,1971.0,SINGLE_FAMILY,"6010 Waycross Dr, Austin, TX, 78745",Austin,TX,78745,30.201549,-97.779636,0.0,58.0,321.0,for_sale,2026-08-10T08:50:39.616277,,1.0
9480349675,2991161899,SOLD,417990,,3.0,2.0,1698.0,928.0,2026.0,TOWNHOMES,"1320 Sweet Bark St, Austin, TX, 78745",Austin,TX,78745,30.186837,-97.808301,182.0,184.0,,sold,2026-08-10T08:50:43.419992,2.0,2.0
7041941524,2998580365,SOLD,338000,,3.0,2.0,1093.0,8899.0,1989.0,SINGLE_FAMILY,"8007 Willet Trl, Austin, TX, 78745",Austin,TX,78745,30.197284,-97.82542,0.0,21.0,,sold,2026-08-10T08:50:43.419992,2.0,1.0
9151252930,2992108159,SOLD,399990,,3.0,2.0,1583.0,928.0,2026.0,TOWNHOMES,"1306 Sweet Bark St, Austin, TX, 78745",Austin,TX,78745,30.186854,-97.807743,182.0,155.0,,sold,2026-08-10T08:50:43.419992,2.0,2.0
8664332549,2992836499,SOLD,699000,,6.0,4.0,3481.0,24245.0,2002.0,MULTI_FAMILY,"5708 West Gate Blvd, Austin, TX, 78745",Austin,TX,78745,30.21887,-97.807936,0.0,136.0,,sold,2026-08-10T08:50:43.419992,4.0,2.0
9707458865,2992107188,SOLD,416990,,3.0,2.0,1698.0,871.0,2026.0,TOWNHOMES,"1304 Sweet Bark St, Austin, TX, 78745",Austin,TX,78745,30.186844,-97.807661,182.0,155.0,,sold,2026-08-10T08:50:43.419992,2.0,2.0
7210664898,2993616095,SOLD,384900,,3.0,2.0,2067.0,5593.0,2003.0,CONDOS,"6715 Windrift Way Apt 31, Austin, TX, 78745",Austin,TX,78745,30.200515,-97.797277,300.0,113.0,,sold,2026-08-10T08:50:43.419992,2.0,2.0
7651308622,2995816054,SOLD,509950,,4.0,4.0,1932.0,7601.0,1981.0,MULTI_FAMILY,"1008 Milford Way, Austin, TX, 78745",Austin,TX,78745,30.202319,-97.791272,0.0,74.0,,sold,2026-08-10T08:50:43.419992,,1.0
7529718931,2996758157,SOLD,570000,,3.0,2.0,1275.0,10642.0,1971.0,SINGLE_FAMILY,"2615 Coatbridge Dr, Austin, TX, 78745",Austin,TX,78745,30.216811,-97.808951,0.0,58.0,,sold,2026-08-10T08:50:43.419992,2.0,1.0
8463321677,2997291947,SOLD,255000,,2.0,1.0,1061.0,7144.0,1981.0,CONDOS,"1308 Matthews Ln Unit A, Austin, TX, 78745",Austin,TX,78745,30.19736,-97.801264,95.0,49.0,,sold,2026-08-10T08:50:43.419992,,2.0
8026947029,2997710018,SOLD,509000,,3.0,2.0,1420.0,10955.0,1976.0,SINGLE_FAMILY,"2800 Cornish Cir, Austin, TX, 78745",Austin,TX,78745,30.213482,-97.814213,0.0,38.0,,sold,2026-08-10T08:50:43.419992,2.0,1.0
7858152425,2998352093,SOLD,349000,,2.0,2.0,1317.0,5593.0,2010.0,SINGLE_FAMILY,"6715 Windrift Way Apt 28, Austin, TX, 78745",Austin,TX,78745,30.200515,-97.797277,300.0,24.0,,sold,2026-08-10T08:50:43.419992,2.0,1.0
8017097265,2996657396,SOLD,545000,,3.0,2.0,2074.0,10803.0,2006.0,SINGLE_FAMILY,"704 Fort Clark Cv, Austin, TX, 78745",Austin,TX,78745,30.208651,-97.763164,23.0,59.0,,sold,2026-08-10T08:50:43.419992,2.0,2.0
7073120707,2998398377,SOLD,475000,,3.0,2.0,1431.0,9021.0,2008.0,SINGLE_FAMILY,"2013 Amur Dr, Austin, TX, 78745",Austin,TX,78745,30.212652,-97.804073,125.0,22.0,,sold,2026-08-10T08:50:43.419992,1.0,1.0
8751057186,2997739569,SOLD,650000,,4.0,2.0,2419.0,5924.0,2004.0,SINGLE_FAMILY,"8804 Dulcet Dr, Austin, TX, 78745",Austin,TX,78745,30.187966,-97.817907,45.0,37.0,,sold,2026-08-10T08:50:43.419992,2.0,2.0
9039813723,2998527725,SOLD,199900,,,,,22651.0,,LAND,"301 E Stassney Ln, Austin, TX, 78745",Austin,TX,78745,30.203469,-97.772728,,18.0,,sold,2026-08-10T08:50:43.419992,,
9396270342,2992731414,SOLD,375000,,2.0,2.0,1298.0,3354.0,2024.0,SINGLE_FAMILY,"814 N Bluff Dr Unit 74, Austin, TX, 78745",Austin,TX,78745,30.193211,-97.771065,195.0,136.0,,sold,2026-08-10T08:50:43.419992,,2.0
8133534473,2998158611,SOLD,382500,,3.0,2.0,1214.0,7732.0,1976.0,SINGLE_FAMILY,"7306 Loganberry Dr, Austin, TX, 78745",Austin,TX,78745,30.187586,-97.786191,0.0,24.0,,sold,2026-08-10T08:50:43.419992,2.0,1.0
7116426513,2997764137,SOLD,324900,,3.0,2.0,1376.0,10603.0,1957.0,SINGLE_FAMILY,"4708 Frontier Trl, Austin, TX, 78745",Austin,TX,78745,30.225438,-97.793369,0.0,33.0,,sold,2026-08-10T08:50:43.419992,2.0,1.0
7985536527,2997891383,SOLD,467500,,6.0,4.0,2268.0,7479.0,2002.0,MULTI_FAMILY,"1717 Constantino Cir, Austin, TX, 78745",Austin,TX,78745,30.19696,-97.805481,0.0,30.0,,sold,2026-08-10T08:50:43.419992,1.0,1.0
8548695261,2996267737,SOLD,409000,,3.0,1.0,1612.0,7200.0,1959.0,SINGLE_FAMILY,"4711 Philco Dr, Austin, TX, 78745",Austin,TX,78745,30.222433,-97.789589,0.0,60.0,,sold,2026-08-10T08:50:43.419992,1.0,1.0
7477642358,2997717197,SOLD,285000,,2.0,1.0,988.0,6325.0,1982.0,SINGLE_FAMILY,"5805 West Gate Blvd Unit A, Austin, TX, 78745",Austin,TX,78745,30.218007,-97.807395,320.0,34.0,,sold,2026-08-10T08:50:43.419992,,1.0
7417845715,2995411715,SOLD,800000,,,,,21741.0,,LAND,"4306 Banister Ln, Austin, TX, 78745",Austin,TX,78745,30.226492,-97.780762,0.0,77.0,,sold,2026-08-10T08:50:43.419992,,
7239312289,2998022676,SOLD,650000,,3.0,2.0,1560.0,8320.0,1968.0,SINGLE_FAMILY,"5115 Creekline Dr, Austin, TX, 78745",Austin,TX,78745,30.211527,-97.776811,0.0,28.0,,sold,2026-08-10T08:50:43.419992,1.0,1.0
8622449117,2992514615,SOLD,454000,,3.0,2.0,1459.0,8054.0,1979.0,SINGLE_FAMILY,"509 Blackberry Dr, Austin, TX, 78745",Austin,TX,78745,30.186203,-97.78901,0.0,137.0,,sold,2026-08-10T08:50:43.419992,2.0,2.0
7169289583,2997450247,SOLD,450000,,3.0,2.0,1129.0,7092.0,1972.0,SINGLE_FAMILY,"5204 Emerald Forest Dr, Austin, TX, 78745",Austin,TX,78745,30.215868,-97.785732,0.0,40.0,,sold,2026-08-10T08:50:43.419992,2.0,1.0
7313445621,2997732234,SOLD,310000,,3.0,2.0,1103.0,7231.0,1979.0,SINGLE_FAMILY,"6205 Shadow Bnd, Austin, TX, 78745",Austin,TX,78745,30.200475,-97.781864,0.0,32.0,,sold,2026-08-10T08:50:43.419992,1.0,1.0
7785302430,2996661043,SOLD,485000,,3.0,2.0,1384.0,12358.0,1982.0,SINGLE_FAMILY,"2702 Calabash Cv, Austin, TX, 78745",Austin,TX,78745,30.194137,-97.825526,0.0,52.0,,sold,2026-08-10T08:50:43.419992,2.0,1.0
8221952033,2993337321,SOLD,360000,,3.0,2.0,2022.0,9862.0,1975.0,SINGLE_FAMILY,"100 Skyloop Dr, Austin, TX, 78745",Austin,TX,78745,30.197071,-97.778752,0.0,111.0,,sold,2026-08-10T08:50:43.419992,,1.0
7232399013,2998034998,SOLD,474000,,3.0,2.0,1250.0,7527.0,1980.0,SINGLE_FAMILY,"3107 Paisano Trl, Austin, TX, 78745",Austin,TX,78745,30.204816,-97.82711,0.0,24.0,,sold,2026-08-10T08:50:43.419992,2.0,1.0
8142256874,2997077778,SOLD,649900,,2.0,2.0,1716.0,4443.0,2009.0,CONDOS,"4418 Hank Ave Apt 3, Austin, TX, 78745",Austin,TX,78745,30.223752,-97.780692,,42.0,,sold,2026-08-10T08:50:43.419992,,2.0
7396898587,2996117125,SOLD,349000,,3.0,2.0,1620.0,6003.0,1978.0,SINGLE_FAMILY,"7214 Teaberry Dr, Austin, TX, 78745",Austin,TX,78745,30.190372,-97.789477,0.0,56.0,,sold,2026-08-10T08:50:43.419992,2.0,2.0
7275983016,2996786721,SOLD,349900,,3.0,1.0,1358.0,10341.0,1970.0,SINGLE_FAMILY,"6005 Leisure Run Rd, Austin, TX, 78745",Austin,TX,78745,30.204433,-97.784814,0.0,45.0,,sold,2026-08-10T08:50:43.419992,1.0,1.0
8513542105,2994974788,SOLD,459000,,3.0,2.0,1353.0,8451.0,1966.0,SINGLE_FAMILY,"1912 Parkside Ln, Austin, TX, 78745",Austin,TX,78745,30.210866,-97.801375,0.0,75.0,,sold,2026-08-10T08:50:43.419992,2.0,1.0
9710854335,2991432949,SOLD,474990,,3.0,2.0,2150.0,7588.0,2026.0,SINGLE_FAMILY,"1301 Sweet Bark St, Austin, TX, 78745",Austin,TX,78745,30.186512,-97.807538,182.0,161.0,,sold,2026-08-10T08:50:43.419992,2.0,2.0
9270650730,2992108562,SOLD,405990,,3.0,2.0,1583.0,915.0,2026.0,TOWNHOMES,"1322 Sweet Bark St, Austin, TX, 78745",Austin,TX,78745,30.186838,-97.808385,182.0,139.0,,sold,2026-08-10T08:50:43.419992,2.0,2.0
7592507520,2997038225,SOLD,725000,,4.0,2.0,1909.0,6521.0,1982.0,SINGLE_FAMILY,"7902 Doncaster Dr, Austin, TX, 78745",Austin,TX,78745,30.197115,-97.81989,0.0,40.0,,sold,2026-08-10T08:50:43.419992,2.0,1.0
9631298985,2991162183,SOLD,455990,,3.0,2.0,1698.0,928.0,2026.0,TOWNHOMES,"1312 Sweet Bark St, Austin, TX, 78745",Austin,TX,78745,30.186848,-97.807985,182.0,168.0,,sold,2026-08-10T08:50:43.419992,2.0,2.0
7619248172,2997065550,SOLD,529900,,3.0,2.0,2166.0,4800.0,2004.0,SINGLE_FAMILY,"8606 Dulcet Dr, Austin, TX, 78745",Austin,TX,78745,30.187702,-97.81675,45.0,39.0,,sold,2026-08-10T08:50:43.419992,2.0,2.0
8997984560,2994677470,SOLD,432500,,2.0,2.0,1671.0,6220.0,2004.0,TOWNHOMES,"1802 Jentsch Ct Unit A, Austin, TX, 78745",Austin,TX,78745,30.219136,-97.793169,275.0,81.0,,sold,2026-08-10T08:50:43.419992,1.0,2.0
7005749813,2997678934,SOLD,900000,,4.0,3.0,2400.0,9657.0,1967.0,SINGLE_FAMILY,"2205 Laramie Trl, Austin, TX, 78745",Austin,TX,78745,30.223331,-97.796713,0.0,24.0,,sold,2026-08-10T08:50:43.419992,2.0,2.0
9610927471,2995808444,SOLD,1200000,,3.0,3.0,2500.0,38333.0,2005.0,SINGLE_FAMILY,"20 Reese Dr, Sunset Valley, TX, 78745",Sunset Valley,TX,78745,30.222895,-97.809349,0.0,58.0,,sold,2026-08-10T08:50:43.419992,2.0,2.0
7247511835,2996591111,SOLD,595000,,4.0,3.0,1676.0,7105.0,1975.0,SINGLE_FAMILY,"5300 Suburban Dr, Austin, TX, 78745",Austin,TX,78745,30.206752,-97.769645,0.0,45.0,,sold,2026-08-10T08:50:43.419992,,1.0
8617700415,2997656627,SOLD,670000,,3.0,2.0,1550.0,7484.0,1976.0,SINGLE_FAMILY,"2605 Edenwood Dr, Austin, TX, 78745",Austin,TX,78745,30.203372,-97.818428,0.0,21.0,,sold,2026-08-10T08:50:43.419992,2.0,1.0
7663591862,2992011846,SOLD,535000,,4.0,2.0,2176.0,8207.0,1983.0,SINGLE_FAMILY,"8007 Swindon Ln, Austin, TX, 78745",Austin,TX,78745,30.196497,-97.8228,0.0,137.0,,sold,2026-08-10T08:50:43.419992,2.0,2.0
9682131908,2993348909,SOLD,299000,,3.0,2.0,1422.0,3550.0,1978.0,TOWNHOMES,"6807 Woodhue Dr Unit A, Austin, TX, 78745",Austin,TX,78745,30.199557,-97.799001,0.0,99.0,,sold,2026-08-10T08:50:43.419992,,2.0
8023536783,2995773596,SOLD,409900,,3.0,2.0,1224.0,6512.0,1973.0,SINGLE_FAMILY,"6602 Boleynwood Dr, Austin, TX, 78745",Austin,TX,78745,30.207909,-97.810226,0.0,55.0,,sold,2026-08-10T08:50:43.419992,1.0,1.0
8535752607,2994870323,SOLD,359000,,3.0,2.0,1091.0,9291.0,1979.0,SINGLE_FAMILY,"1604 Sahara Ave, Austin, TX, 78745",Austin,TX,78745,30.209735,-97.795572,0.0,70.0,,sold,2026-08-10T08:50:43.419992,2.0,1.0
7552943133,2994683575,SOLD,680000,,3.0,2.0,1575.0,6839.0,1981.0,SINGLE_FAMILY,"3218 Western Dr, Austin, TX, 78745",Austin,TX,78745,30.212211,-97.824938,0.0,74.0,,sold,2026-08-10T08:50:43.419992,2.0,1.0
9319803121,2996591247,SOLD,529999,,4.0,2.0,1599.0,10890.0,2026.0,SINGLE_FAMILY,"6407 Bradsher Dr Unit B, Austin, TX, 78745",Austin,TX,78745,30.198271,-97.782974,,39.0,,sold,2026-08-10T08:50:43.419992,1.0,2.0
8717801197,2994597256,SOLD,360000,,3.0,1.0,1002.0,7423.0,1965.0,SINGLE_FAMILY,"207 Rowland Dr, Austin, TX, 78745",Austin,TX,78745,30.213146,-97.766753,0.0,72.0,,sold,2026-08-10T08:50:43.419992,,1.0
7154039222,2996606544,SOLD,499000,,3.0,2.0,2379.0,6926.0,2001.0,SINGLE_FAMILY,"8416 Kansas River Dr, Austin, TX, 78745",Austin,TX,78745,30.187499,-97.813871,33.0,35.0,,sold,2026-08-10T08:50:43.419992,2.0,2.0
8681441104,2994675373,SOLD,272000,,3.0,2.0,1103.0,8233.0,1972.0,SINGLE_FAMILY,"5210 Emerald Meadow Dr, Austin, TX, 78745",Austin,TX,78745,30.216373,-97.786387,0.0,70.0,,sold,2026-08-10T08:50:43.419992,1.0,1.0
9662166583,2992435383,SOLD,775000,,4.0,2.0,2426.0,9988.0,2020.0,SINGLE_FAMILY,"4425 Jinx Ave Unit 1, Austin, TX, 78745",Austin,TX,78745,30.222712,-97.779371,0.0,119.0,,sold,2026-08-10T08:50:43.419992,1.0,2.0
8793973917,2995833389,SOLD,495000,,4.0,2.0,1895.0,17515.0,1976.0,SINGLE_FAMILY,"304 Clearsky Cir, Austin, TX, 78745",Austin,TX,78745,30.196238,-97.783983,0.0,48.0,,sold,2026-08-10T08:50:43.419992,2.0,2.0
7845157128,2993496648,SOLD,480000,,3.0,2.0,1382.0,7789.0,1962.0,SINGLE_FAMILY,"4619 Banister Ln, Austin, TX, 78745",Austin,TX,78745,30.220267,-97.782716,0.0,89.0,,sold,2026-08-10T08:50:43.419992,1.0,1.0
7513950913,2996056912,SOLD,425000,,3.0,2.0,1303.0,7710.0,1975.0,SINGLE_FAMILY,"7110 Windrift Way, Austin, TX, 78745",Austin,TX,78745,30.196807,-97.800024,0.0,42.0,,sold,2026-08-10T08:50:43.419992,2.0,1.0
8551233901,2993034601,SOLD,375000,,2.0,1.0,1043.0,8438.0,1964.0,SINGLE_FAMILY,"301 Sheraton Ave, Austin, TX, 78745",Austin,TX,78745,30.213585,-97.765594,0.0,101.0,,sold,2026-08-10T08:50:43.419992,,1.0
8974708144,2992492318,SOLD,479000,,4.0,2.0,1921.0,7296.0,1979.0,SINGLE_FAMILY,"3411 Harpers Ferry Ln, Austin, TX, 78745",Austin,TX,78745,30.206115,-97.833651,0.0,116.0,,sold,2026-08-10T08:50:43.419992,2.0,2.0
8916514669,2994947592,SOLD,575000,,3.0,2.0,1666.0,12284.0,1968.0,SINGLE_FAMILY,"2101 Falcon Hill Dr, Austin, TX, 78745",Austin,TX,78745,30.213716,-97.801345,0.0,61.0,,sold,2026-08-10T08:50:43.419992,2.0,1.0
8081243508,2992979706,SOLD,499900,,3.0,2.0,1343.0,6072.0,1972.0,SINGLE_FAMILY,"2609 McGregor Dr, Austin, TX, 78745",Austin,TX,78745,30.21235,-97.81239,0.0,102.0,,sold,2026-08-10T08:50:43.419992,1.0,1.0
7576206008,2996043246,SOLD,400000,,3.0,2.0,1224.0,7479.0,1981.0,SINGLE_FAMILY,"8412 Alabama Dr, Austin, TX, 78745",Austin,TX,78745,30.191839,-97.821953,0.0,40.0,,sold,2026-08-10T08:50:43.419992,2.0,1.0
8142822067,2994627147,SOLD,390000,,4.0,2.0,2080.0,6608.0,2016.0,SINGLE_FAMILY,"7410 Buchholz St Unit 43, Austin, TX, 78745",Austin,TX,78745,30.189492,-97.793891,225.0,68.0,,sold,2026-08-10T08:50:43.419992,2.0,2.0
8030943503,2994726848,SOLD,575000,,4.0,3.0,2875.0,5985.0,2010.0,SINGLE_FAMILY,"7715 Huddleston Ln, Austin, TX, 78745",Austin,TX,78745,30.18769,-97.798442,29.0,66.0,,sold,2026-08-10T08:50:43.419992,2.0,2.0
7004872244,2994453977,SOLD,525000,,4.0,2.0,1664.0,11064.0,1980.0,MULTI_FAMILY,"802 Ramble Ln, Austin, TX, 78745",Austin,TX,78745,30.211757,-97.782171,0.0,73.0,,sold,2026-08-10T08:50:43.419992,,1.0
9036912817,2990003567,SOLD,274000,,2.0,1.0,1044.0,4042.0,1982.0,CONDOS,"7001 Woodhue Dr Unit A, Austin, TX, 78745",Austin,TX,78745,30.198424,-97.800531,4.0,182.0,,sold,2026-08-10T08:50:43.419992,,2.0
8693152576,2994522027,SOLD,475000,,3.0,2.0,1691.0,8329.0,1978.0,SINGLE_FAMILY,"8306 Seminary Ridge Dr, Austin, TX, 78745",Austin,TX,78745,30.193953,-97.822898,0.0,72.0,,sold,2026-08-10T08:50:43.419992,2.0,1.0
9941616066,2996116069,SOLD,699900,,4.0,2.0,2107.0,9021.0,2007.0,SINGLE_FAMILY,"2229 Independence Dr Unit A63, Austin, TX, 78745",Austin,TX,78745,30.214066,-97.805313,125.0,39.0,,sold,2026-08-10T08:50:43.419992,2.0,2.0
7109589543,2994399849,SOLD,1150000,,4.0,3.0,3172.0,15028.0,2009.0,SINGLE_FAMILY,"4508 Lareina Dr, Austin, TX, 78745",Austin,TX,78745,30.217395,-97.771705,0.0,74.0,,sold,2026-08-10T08:50:43.419992,2.0,2.0
9391939182,2994312222,SOLD,315900,,2.0,2.0,1226.0,6325.0,1982.0,CONDOS,"2605 W Stassney Blvd Unit A, Austin, TX, 78745",Austin,TX,78745,30.218517,-97.80658,322.0,76.0,,sold,2026-08-10T08:50:43.419992,,1.0
8213045473,2991533115,SOLD,1695000,,5.0,4.0,3453.0,11151.0,2026.0,SINGLE_FAMILY,"4700 Philco Dr, Austin, TX, 78745",Austin,TX,78745,30.223092,-97.788868,0.0,138.0,,sold,2026-08-10T08:50:43.419992,2.0,1.0
8015673669,2992900967,SOLD,599900,,3.0,2.0,1916.0,6316.0,1974.0,SINGLE_FAMILY,"6609 Krollton Dr, Austin, TX, 78745",Austin,TX,78745,30.20774,-97.811017,0.0,98.0,,sold,2026-08-10T08:50:43.419992,2.0,1.0
7636502670,2986617407,SOLD,224900,,3.0,2.0,1512.0,12428.0,1995.0,MOBILE,"635 W Dittmar Rd, Austin, TX, 78745",Austin,TX,78745,30.184598,-97.793983,0.0,283.0,,sold,2026-08-10T08:50:43.419992,,1.0
7907970540,2992989782,SOLD,375000,,3.0,1.0,920.0,8215.0,1969.0,SINGLE_FAMILY,"4910 Manchester Cir, Austin, TX, 78745",Austin,TX,78745,30.210672,-97.769,0.0,96.0,,sold,2026-08-10T08:50:43.419992,1.0,1.0
9375462614,2991925285,SOLD,449900,,3.0,3.0,1886.0,4474.0,2018.0,CONDOS,"6800 Menchaca Rd Unit 5, Austin, TX, 78745",Austin,TX,78745,30.204087,-97.807256,230.0,125.0,,sold,2026-08-10T08:50:43.419992,2.0,2.0
7482025372,2995766568,SOLD,349990,,3.0,2.0,1162.0,13809.0,1972.0,SINGLE_FAMILY,"5227 Meadow Creek Dr, Austin, TX, 78745",Austin,TX,78745,30.215228,-97.786374,0.0,40.0,,sold,2026-08-10T08:50:43.419992,2.0,1.0
8604347835,2993686869,SOLD,575000,,3.0,2.0,1623.0,8973.0,1981.0,SINGLE_FAMILY,"7803 Manassas Dr, Austin, TX, 78745",Austin,TX,78745,30.197164,-97.816324,0.0,76.0,,sold,2026-08-10T08:50:43.419992,2.0,1.0
9495816887,2995004708,SOLD,1050000,,4.0,3.0,2043.0,4029.0,2021.0,SINGLE_FAMILY,"4430 Hank Ave Unit 1, Austin, TX, 78745",Austin,TX,78745,30.223149,-97.781064,,52.0,,sold,2026-08-10T08:50:43.419992,,2.0
9302139510,2994007561,SOLD,405000,,3.0,2.0,1736.0,5114.0,2019.0,CONDOS,"7200 Redding Dr, Austin, TX, 78745",Austin,TX,78745,30.187191,-97.782011,0.0,74.0,,sold,2026-08-10T08:50:43.419992,1.0,2.0
8472910855,2990332224,SOLD,389000,,3.0,2.0,1427.0,6368.0,1973.0,SINGLE_FAMILY,"711 Buckingham Pl, Austin, TX, 78745",Austin,TX,78745,30.195884,-97.789989,0.0,165.0,,sold,2026-08-10T08:50:43.419992,2.0,1.0
7143762412,2995385464,SOLD,457500,,3.0,2.0,1250.0,8612.0,1972.0,SINGLE_FAMILY,"5114 Emerald Forest Dr, Austin, TX, 78745",Austin,TX,78745,30.216368,-97.784944,0.0,46.0,,sold,2026-08-10T08:50:43.419992,1.0,1.0
8204294794,2994008322,SOLD,425000,,3.0,2.0,1101.0,6865.0,1969.0,SINGLE_FAMILY,"5811 Glenhollow Path, Austin, TX, 78745",Austin,TX,78745,30.20407,-97.781386,0.0,74.0,,sold,2026-08-10T08:50:43.419992,1.0,1.0
7434634466,2996577486,SOLD,425000,,3.0,2.0,1417.0,7980.0,1975.0,SINGLE_FAMILY,"7204 Towering Oaks Dr, Austin, TX, 78745",Austin,TX,78745,30.203799,-97.816469,0.0,25.0,,sold,2026-08-10T08:50:43.419992,2.0,1.0
8609285649,2996221884,SOLD,899900,,3.0,2.0,1810.0,11029.0,1957.0,SINGLE_FAMILY,"4801 Roundup Trl, Austin, TX, 78745",Austin,TX,78745,30.225286,-97.793788,0.0,31.0,,sold,2026-08-10T08:50:43.419992,1.0,1.0
7823700872,2995907208,SOLD,390000,,3.0,2.0,1316.0,8873.0,1975.0,SINGLE_FAMILY,"7001 Watchwood Dr, Austin, TX, 78745",Austin,TX,78745,30.204854,-97.812352,0.0,36.0,,sold,2026-08-10T08:50:43.419992,2.0,1.0
9162140773,2980621397,SOLD,374000,,2.0,1.0,1100.0,16117.0,2025.0,CONDOS,"2611 Davis Ln Unit 2, Austin, TX, 78745",Austin,TX,78745,30.189793,-97.824913,,438.0,,sold,2026-08-10T08:50:43.419992,,2.0
8969534659,2999373891,FOR_SALE,1599000,,5.0,4.0,4042.0,19232.0,1972.0,SINGLE_FAMILY,"9442 Spring Hollow Dr, Austin, TX, 78750",Austin,TX,78750,30.436963,-97.795252,0.0,3.0,396.0,for_sale,2026-08-10T08:50:48.552192,2.0,2.0
8655529807,2999220238,PENDING,749000,,4.0,2.0,2627.0,13547.0,1996.0,SINGLE_FAMILY,"11513 Medallion Ln, Austin, TX, 78750",Austin,TX,78750,30.44335,-97.802275,0.0,6.0,285.0,for_sale,2026-08-10T08:50:48.552192,2.0,1.0
9248444835,2997481407,FOR_SALE,350000,,3.0,2.0,1607.0,1446.0,2007.0,SINGLE_FAMILY,"12701 Venice Ln Unit 230, Austin, TX, 78750",Austin,TX,78750,30.463041,-97.800308,152.0,51.0,218.0,for_sale,2026-08-10T08:50:48.552192,2.0,2.0
7254790953,2999362415,FOR_SALE,765000,,4.0,2.0,2444.0,12345.0,1982.0,SINGLE_FAMILY,"10107 Grand Oak Dr, Austin, TX, 78750",Austin,TX,78750,30.425406,-97.803849,0.0,3.0,313.0,for_sale,2026-08-10T08:50:48.552192,2.0,2.0
8447803760,2997672954,FOR_SALE,949000,,4.0,3.0,3394.0,9444.0,1996.0,SINGLE_FAMILY,"8004 Bottlebrush Dr, Austin, TX, 78750",Austin,TX,78750,30.393103,-97.801581,11.0,45.0,280.0,for_sale,2026-08-10T08:50:48.552192,2.0,2.0
8655203251,2999080180,FOR_SALE,775000,,4.0,2.0,2333.0,10729.0,1985.0,SINGLE_FAMILY,"10803 Leafwood Ln, Austin, TX, 78750",Austin,TX,78750,30.430059,-97.796166,3.0,10.0,332.0,for_sale,2026-08-10T08:50:48.552192,2.0,1.0
7640537542,2998363990,PENDING,1350000,,4.0,3.0,4030.0,18317.0,2002.0,SINGLE_FAMILY,"9803 Patrice Dr, Austin, TX, 78750",Austin,TX,78750,30.425289,-97.812813,0.0,30.0,335.0,for_sale,2026-08-10T08:50:48.552192,3.0,2.0
7088772219,2994705909,PENDING,799900,,4.0,2.0,3003.0,14231.0,1974.0,SINGLE_FAMILY,"9411 Cedar Crest Dr, Austin, TX, 78750",Austin,TX,78750,30.442227,-97.798648,4.0,101.0,266.0,for_sale,2026-08-10T08:50:48.552192,2.0,2.0
7342759916,2999058626,FOR_SALE,1300000,,4.0,2.0,2989.0,12319.0,1981.0,SINGLE_FAMILY,"10403 Weller Dr, Austin, TX, 78750",Austin,TX,78750,30.443692,-97.808092,,10.0,435.0,for_sale,2026-08-10T08:50:48.552192,2.0,1.0
8514866130,2998746032,PENDING,769900,,5.0,3.0,2416.0,16509.0,1977.0,SINGLE_FAMILY,"9404 Springwood Dr, Austin, TX, 78750",Austin,TX,78750,30.438316,-97.795858,0.0,19.0,319.0,for_sale,2026-08-10T08:50:48.552192,2.0,2.0
8348233320,2997486353,FOR_SALE,165000,,2.0,2.0,952.0,1368.0,1990.0,CONDOS,"10616 Mellow Mdws Apt 27A, Austin, TX, 78750",Austin,TX,78750,30.461422,-97.802417,290.0,51.0,173.0,for_sale,2026-08-10T08:50:48.552192,,1.0
7584333499,2999227415,FOR_SALE,495000,,4.0,3.0,1641.0,7187.0,1975.0,SINGLE_FAMILY,"12223 Old Stage Trl, Austin, TX, 78750",Austin,TX,78750,30.454079,-97.798826,0.0,6.0,302.0,for_sale,2026-08-10T08:50:48.552192,,1.0
9849478671,2996571822,FOR_SALE,385000,,2.0,2.0,1526.0,6116.0,1983.0,CONDOS,"11310 Spicewood Club Dr Apt 19, Austin, TX, 78750",Austin,TX,78750,30.441994,-97.806236,366.0,66.0,252.0,for_sale,2026-08-10T08:50:48.552192,2.0,2.0
9025016562,2999271291,FOR_SALE,189900,,2.0,2.0,952.0,,1990.0,CONDOS,"10616 Mellow Meadow Dr Unit 28C, Austin, TX, 78750",Austin,TX,78750,30.461468,-97.802444,315.0,5.0,199.0,for_sale,2026-08-10T08:50:48.552192,,1.0
7231387941,2998630535,PENDING,875000,,4.0,2.0,2376.0,17089.0,1983.0,SINGLE_FAMILY,"10401 Tweedsmuir Dr, Austin, TX, 78750",Austin,TX,78750,30.42358,-97.79509,4.0,23.0,368.0,for_sale,2026-08-10T08:50:48.552192,2.0,1.0
7991352307,2997644723,PENDING,899000,,4.0,2.0,2510.0,14819.0,1978.0,SINGLE_FAMILY,"10706 Spicewood Club Dr, Austin, TX, 78750",Austin,TX,78750,30.434692,-97.806612,4.0,46.0,358.0,for_sale,2026-08-10T08:50:48.552192,2.0,1.0
8554038445,2998928680,FOR_SALE,475000,,3.0,2.0,1854.0,,2004.0,CONDOS,"8917 Old Lampasas Trl Unit 8, Austin, TX, 78750",Austin,TX,78750,30.420987,-97.796294,245.0,13.0,256.0,for_sale,2026-08-10T08:50:48.552192,2.0,2.0
7367199374,2998195176,PENDING,525000,,5.0,3.0,2100.0,9583.0,1976.0,SINGLE_FAMILY,"12213 Waterside Trl, Austin, TX, 78750",Austin,TX,78750,30.458857,-97.808786,0.0,33.0,250.0,for_sale,2026-08-10T08:50:48.552192,2.0,1.0
8601704887,2992131654,FOR_SALE,149000,,2.0,2.0,952.0,1350.0,1990.0,CONDOS,"10616 Mellow Meadows Dr Unit 3A, Austin, TX, 78750",Austin,TX,78750,30.459928,-97.800319,290.0,158.0,157.0,for_sale,2026-08-10T08:50:48.552192,,1.0
8121827189,2997537959,FOR_SALE,945000,,3.0,2.0,2382.0,19132.0,1972.0,SINGLE_FAMILY,"8608 Crest Ridge Cir, Austin, TX, 78750",Austin,TX,78750,30.436424,-97.783578,4.0,48.0,397.0,for_sale,2026-08-10T08:50:48.552192,2.0,1.0
7924646270,2998855624,PENDING,1000000,,4.0,2.0,2203.0,16392.0,1976.0,SINGLE_FAMILY,"9909 Brandywine Cir, Austin, TX, 78750",Austin,TX,78750,30.436651,-97.804651,2.0,16.0,454.0,for_sale,2026-08-10T08:50:48.552192,2.0,1.0
7922603460,2998464540,FOR_SALE,899999,,3.0,2.0,2442.0,13643.0,1978.0,SINGLE_FAMILY,"10507 Plumewood Dr, Austin, TX, 78750",Austin,TX,78750,30.431408,-97.807442,0.0,27.0,369.0,for_sale,2026-08-10T08:50:48.552192,2.0,2.0
7457223925,2998678373,PENDING,399999,,4.0,2.0,1681.0,7958.0,1975.0,SINGLE_FAMILY,"12409 Split Rail Pkwy, Austin, TX, 78750",Austin,TX,78750,30.461792,-97.80499,0.0,21.0,238.0,for_sale,2026-08-10T08:50:48.552192,1.0,1.0
7935365380,2999069210,PENDING,874000,,3.0,2.0,2710.0,38847.0,1989.0,SINGLE_FAMILY,"7414 Anaqua Dr, Austin, TX, 78750",Austin,TX,78750,30.380382,-97.796638,10.0,10.0,323.0,for_sale,2026-08-10T08:50:48.552192,2.0,2.0
7167343163,2998483755,PENDING,675000,,3.0,2.0,2004.0,6081.0,1983.0,SINGLE_FAMILY,"6303 Big Cat Cv, Austin, TX, 78750",Austin,TX,78750,30.37622,-97.787454,53.0,26.0,337.0,for_sale,2026-08-10T08:50:48.552192,2.0,2.0
8007726394,2997370909,PENDING,364900,,4.0,2.0,1290.0,7836.0,1975.0,SINGLE_FAMILY,"10417 Firethorn Ln, Austin, TX, 78750",Austin,TX,78750,30.455122,-97.800844,0.0,53.0,283.0,for_sale,2026-08-10T08:50:48.552192,2.0,1.0
7511408605,2997467207,FOR_SALE,250000,,2.0,1.0,1140.0,1307.0,1981.0,CONDOS,"1026 Verbena Dr, Austin, TX, 78750",Austin,TX,78750,30.455795,-97.807776,370.0,51.0,219.0,for_sale,2026-08-10T08:50:48.552192,2.0,2.0
7211173873,2999189989,FOR_SALE,188000,,2.0,2.0,853.0,2091.0,1982.0,CONDOS,"8600 Fathom Cir Apt 2105, Austin, TX, 78750",Austin,TX,78750,30.438069,-97.779615,296.0,7.0,220.0,for_sale,2026-08-10T08:50:48.552192,,1.0
7056364331,2995132034,FOR_SALE,699900,,3.0,2.0,2031.0,9270.0,1983.0,SINGLE_FAMILY,"10511 Tweedsmuir Dr, Austin, TX, 78750",Austin,TX,78750,30.426014,-97.795223,0.0,91.0,345.0,for_sale,2026-08-10T08:50:48.552192,2.0,2.0
7600253058,2989415482,FOR_SALE,1800000,,4.0,4.0,4836.0,16988.0,2001.0,SINGLE_FAMILY,"9808 Tree Bend Cv, Austin, TX, 78750",Austin,TX,78750,30.423398,-97.807178,14.0,240.0,372.0,for_sale,2026-08-10T08:50:48.552192,3.0,2.0
9313481998,2998300324,FOR_SALE,270000,,3.0,2.0,1356.0,,1981.0,CONDOS,"1000 Verbena Dr Unit 1357R, Austin, TX, 78750",Austin,TX,78750,30.454842,-97.807785,370.0,31.0,199.0,for_sale,2026-08-10T08:50:48.552192,2.0,2.0
7053037481,2998369110,PENDING,1149900,,4.0,3.0,3145.0,12942.0,1996.0,SINGLE_FAMILY,"8301 Willheather Gln, Austin, TX, 78750",Austin,TX,78750,30.391023,-97.804337,0.0,30.0,366.0,for_sale,2026-08-10T08:50:48.552192,2.0,2.0
8439100465,2997025158,FOR_SALE,140000,,2.0,1.0,796.0,,1984.0,CONDOS,"10616 Mellow Meadows Dr Unit 43C, Austin, TX, 78750",Austin,TX,78750,30.460962,-97.802496,200.0,60.0,176.0,for_sale,2026-08-10T08:50:48.552192,,1.0
8254789258,2998597231,FOR_SALE,798000,,3.0,2.0,2575.0,14418.0,1970.0,SINGLE_FAMILY,"8806 Balcones Club Dr, Austin, TX, 78750",Austin,TX,78750,30.43841,-97.786557,0.0,24.0,310.0,for_sale,2026-08-10T08:50:48.552192,2.0,2.0
8739396981,2996154031,FOR_SALE,269000,,2.0,2.0,1432.0,,1978.0,CONDOS,"8330 Fathom Cir Apt 505, Austin, TX, 78750",Austin,TX,78750,30.436317,-97.777469,328.0,73.0,188.0,for_sale,2026-08-10T08:50:48.552192,,2.0
7208628569,2993434798,FOR_SALE,799990,,4.0,3.0,3735.0,11979.0,2002.0,SINGLE_FAMILY,"11509 Brandon Parke Trl, Austin, TX, 78750",Austin,TX,78750,30.450252,-97.816134,44.0,123.0,214.0,for_sale,2026-08-10T08:50:48.552192,2.0,2.0
7423368595,2997203032,FOR_SALE,1189000,,4.0,3.0,3248.0,20399.0,1983.0,SINGLE_FAMILY,"6806 Winterberry Dr, Austin, TX, 78750",Austin,TX,78750,30.373739,-97.795857,21.0,58.0,366.0,for_sale,2026-08-10T08:50:48.552192,2.0,2.0
8813784510,2998707600,FOR_SALE,620000,,2.0,2.0,1500.0,4765.0,1983.0,SINGLE_FAMILY,"7320 Cave Holw, Austin, TX, 78750",Austin,TX,78750,30.37537,-97.789838,62.0,20.0,413.0,for_sale,2026-08-10T08:50:48.552192,2.0,2.0
8885814869,2999321301,FOR_SALE,305000,,3.0,2.0,1063.0,6403.0,1975.0,SINGLE_FAMILY,"10419 Firethorn Ln, Austin, TX, 78750",Austin,TX,78750,30.454947,-97.800855,0.0,4.0,287.0,for_sale,2026-08-10T08:50:48.552192,2.0,1.0
7205141925,2998826761,PENDING,489000,,4.0,3.0,2518.0,6368.0,2013.0,CONDOS,"7301 Bandera Ranch Trl Unit A, Austin, TX, 78750",Austin,TX,78750,30.392481,-97.827673,325.0,17.0,194.0,for_sale,2026-08-10T08:50:48.552192,2.0,2.0
8719655569,2995018788,CONTINGENT,1249000,,5.0,4.0,3986.0,15224.0,2011.0,SINGLE_FAMILY,"9402 Springwood Dr, Austin, TX, 78750",Austin,TX,78750,30.438047,-97.795894,0.0,93.0,313.0,for_sale,2026-08-10T08:50:48.552192,3.0,2.0
7006472051,2997681325,FOR_SALE,1475000,,5.0,5.0,4621.0,13765.0,2000.0,SINGLE_FAMILY,"10623 Winchelsea Dr, Austin, TX, 78750",Austin,TX,78750,30.436682,-97.812552,0.0,45.0,319.0,for_sale,2026-08-10T08:50:48.552192,3.0,2.0
8515040447,2994078088,FOR_SALE,390000,,2.0,2.0,1240.0,7584.0,1980.0,SINGLE_FAMILY,"12103 Mill Holw, Austin, TX, 78750",Austin,TX,78750,30.458037,-97.813531,0.0,114.0,315.0,for_sale,2026-08-10T08:50:48.552192,2.0,1.0
7454112998,2998743321,PENDING,939000,,4.0,2.0,2358.0,10119.0,1983.0,SINGLE_FAMILY,"7005 Juneberry Cv, Austin, TX, 78750",Austin,TX,78750,30.375025,-97.796924,0.0,19.0,398.0,for_sale,2026-08-10T08:50:48.552192,2.0,2.0
8305628412,2998840605,FOR_SALE,975000,,4.0,2.0,2586.0,12014.0,1985.0,SINGLE_FAMILY,"10806 Wintergreen Hl, Austin, TX, 78750",Austin,TX,78750,30.430289,-97.797341,3.0,17.0,377.0,for_sale,2026-08-10T08:50:48.552192,4.0,2.0
9103137878,2998300981,PENDING,189000,,2.0,2.0,952.0,1316.0,1990.0,CONDOS,"10616 Mellow Meadow Dr Unit 7C, Austin, TX, 78750",Austin,TX,78750,30.460609,-97.800072,290.0,31.0,199.0,for_sale,2026-08-10T08:50:48.552192,,1.0
7943987294,2998378074,FOR_SALE,1075000,,4.0,2.0,3111.0,14183.0,1975.0,SINGLE_FAMILY,"10805 Spicewood Pkwy, Austin, TX, 78750",Austin,TX,78750,30.433171,-97.800278,0.0,30.0,346.0,for_sale,2026-08-10T08:50:48.552192,2.0,2.0
8891671400,2997366106,FOR_SALE,420000,,4.0,2.0,1871.0,10319.0,1976.0,SINGLE_FAMILY,"10504 Hard Rock Rd, Austin, TX, 78750",Austin,TX,78750,30.451671,-97.806511,0.0,54.0,224.0,for_sale,2026-08-10T08:50:48.552192,2.0,1.0
7593366562,2998297959,PENDING,895000,,3.0,2.0,2332.0,13678.0,1983.0,SINGLE_FAMILY,"10509 Loring Dr, Austin, TX, 78750",Austin,TX,78750,30.445538,-97.809564,4.0,31.0,384.0,for_sale,2026-08-10T08:50:48.552192,2.0,1.0
7272689978,2995417793,PENDING,799000,,3.0,2.0,2095.0,5728.0,1981.0,SINGLE_FAMILY,"7413 Lakewood Dr, Austin, TX, 78750",Austin,TX,78750,30.377037,-97.788625,62.0,87.0,381.0,for_sale,2026-08-10T08:50:48.552192,2.0,1.0
9205288919,2996611024,FOR_SALE,859000,,4.0,2.0,2650.0,10864.0,1983.0,SINGLE_FAMILY,"10901 Country Knoll Knls, Austin, TX, 78750",Austin,TX,78750,30.431103,-97.796104,3.0,66.0,324.0,for_sale,2026-08-10T08:50:48.552192,2.0,2.0
9589673099,2997073102,PENDING,285000,,2.0,2.0,1374.0,,1981.0,CONDOS,"1003 Solano Dr Unit 1336AR, Austin, TX, 78750",Austin,TX,78750,30.454723,-97.808472,375.0,59.0,207.0,for_sale,2026-08-10T08:50:48.552192,2.0,1.0
7737724674,2998640203,FOR_SALE,325000,,3.0,2.0,1332.0,7013.0,1976.0,SINGLE_FAMILY,"10218 Missel Thrush Dr, Austin, TX, 78750",Austin,TX,78750,30.451661,-97.801025,0.0,23.0,244.0,for_sale,2026-08-10T08:50:48.552192,2.0,1.0
7828233466,2997431602,FOR_SALE,369000,,3.0,2.0,1274.0,,2007.0,CONDOS,"13604 Caldwell Dr Apt 15, Austin, TX, 78750",Austin,TX,78750,30.451139,-97.795512,225.0,52.0,290.0,for_sale,2026-08-10T08:50:48.552192,1.0,1.0
9025016562,2999277180,FOR_SALE,189900,,2.0,2.0,952.0,,1990.0,CONDOS,"10616 Mellow Meadow Dr Unit 28C, Austin, TX, 78750",Austin,TX,78750,30.461468,-97.802444,290.0,5.0,199.0,for_sale,2026-08-10T08:50:48.552192,,1.0
8576402779,2996342719,FOR_SALE,499000,,4.0,2.0,2429.0,6098.0,2011.0,CONDOS,"7328 Colina Vista Loop Unit A, Austin, TX, 78750",Austin,TX,78750,30.394011,-97.828399,328.0,69.0,205.0,for_sale,2026-08-10T08:50:48.552192,2.0,2.0
9046532126,2996701064,FOR_SALE,2500000,,8.0,6.0,5086.0,131116.0,1977.0,MULTI_FAMILY,"9909 Anderson Mill Rd, Austin, TX, 78750",Austin,TX,78750,30.446264,-97.798119,0.0,65.0,492.0,for_sale,2026-08-10T08:50:48.552192,2.0,2.0
7232438205,2993520637,PENDING,819900,,4.0,2.0,2682.0,16318.0,1983.0,SINGLE_FAMILY,"9801 Talleyran Dr, Austin, TX, 78750",Austin,TX,78750,30.419913,-97.801249,0.0,121.0,306.0,for_sale,2026-08-10T08:50:48.552192,3.0,2.0
7109895007,2997400664,FOR_SALE,369000,,4.0,2.0,1385.0,6604.0,1971.0,SINGLE_FAMILY,"12107 Scissortail Dr, Austin, TX, 78750",Austin,TX,78750,30.450648,-97.798334,0.0,53.0,266.0,for_sale,2026-08-10T08:50:48.552192,2.0,1.0
8989573586,2996550643,FOR_SALE,615000,,4.0,2.0,2309.0,9932.0,1978.0,SINGLE_FAMILY,"12404 Burlywood Trl, Austin, TX, 78750",Austin,TX,78750,30.462201,-97.806419,0.0,67.0,266.0,for_sale,2026-08-10T08:50:48.552192,2.0,1.0
8838103763,2998410735,PENDING,299000,,3.0,2.0,1382.0,,2001.0,CONDOS,"11000 Anderson Mill Rd Unit 11, Austin, TX, 78750",Austin,TX,78750,30.450886,-97.814795,467.0,29.0,216.0,for_sale,2026-08-10T08:50:48.552192,1.0,2.0
7730731425,2998812755,PENDING,550000,,3.0,2.0,1466.0,5441.0,1981.0,SINGLE_FAMILY,"7207 Winecup Holw, Austin, TX, 78750",Austin,TX,78750,30.373265,-97.788116,62.0,17.0,375.0,for_sale,2026-08-10T08:50:48.552192,2.0,1.0
7771114958,2997391711,FOR_SALE,499000,,5.0,2.0,2588.0,8699.0,1977.0,SINGLE_FAMILY,"11817 Millwright Pkwy, Austin, TX, 78750",Austin,TX,78750,30.448644,-97.803282,0.0,53.0,193.0,for_sale,2026-08-10T08:50:48.552192,2.0,1.0
8562070066,2998473253,FOR_SALE,379900,,3.0,2.0,1362.0,7754.0,1981.0,SINGLE_FAMILY,"11311 Prairie Dog Trl, Austin, TX, 78750",Austin,TX,78750,30.455717,-97.817304,0.0,26.0,279.0,for_sale,2026-08-10T08:50:48.552192,2.0,1.0
7632015013,2999167093,PENDING,489900,,2.0,2.0,2087.0,6408.0,1982.0,SINGLE_FAMILY,"6506 Cascada Dr, Austin, TX, 78750",Austin,TX,78750,30.376838,-97.789436,56.0,8.0,235.0,for_sale,2026-08-10T08:50:48.552192,2.0,2.0
8557188228,2999417878,FOR_SALE,359900,,3.0,2.0,1363.0,5841.0,1979.0,SINGLE_FAMILY,"10510 School House Ln, Austin, TX, 78750",Austin,TX,78750,30.455949,-97.802105,0.0,2.0,264.0,for_sale,2026-08-10T08:50:48.552192,2.0,1.0
7902832212,2994502384,FOR_SALE,770000,,3.0,2.0,1991.0,10585.0,1993.0,SINGLE_FAMILY,"6411 Johanne Ct, Austin, TX, 78750",Austin,TX,78750,30.378528,-97.788022,59.0,107.0,387.0,for_sale,2026-08-10T08:50:48.552192,2.0,1.0
8149307963,2999179854,PENDING,150000,,2.0,1.0,796.0,,1990.0,CONDOS,"10616 Mellow Meadows Dr Unit 5B, Austin, TX, 78750",Austin,TX,78750,30.460381,-97.799896,290.0,8.0,188.0,for_sale,2026-08-10T08:50:48.552192,,2.0
8559222935,2994046165,FOR_SALE,368000,,3.0,2.0,1500.0,,2012.0,SINGLE_FAMILY,"12508 Piper Ct, Austin, TX, 78750",Austin,TX,78750,30.461927,-97.802477,140.0,115.0,245.0,for_sale,2026-08-10T08:50:48.552192,2.0,2.0
7105219981,2998655029,PENDING,1325000,,5.0,3.0,4479.0,28837.0,2000.0,SINGLE_FAMILY,"9902 Brightling Ln, Austin, TX, 78750",Austin,TX,78750,30.424565,-97.810891,0.0,22.0,296.0,for_sale,2026-08-10T08:50:48.552192,3.0,2.0
8032606898,2994371458,FOR_SALE,449900,,2.0,2.0,1584.0,,2003.0,CONDOS,"8917 Old Lampasas Trl Unit 12, Austin, TX, 78750",Austin,TX,78750,30.420987,-97.796294,245.0,110.0,284.0,for_sale,2026-08-10T08:50:48.552192,2.0,1.0
8940036816,2998630958,FOR_SALE,350000,,3.0,2.0,1636.0,6713.0,1980.0,SINGLE_FAMILY,"11304 Slippery Elm Trl, Austin, TX, 78750",Austin,TX,78750,30.458401,-97.814378,0.0,23.0,214.0,for_sale,2026-08-10T08:50:48.552192,2.0,1.0
7119143962,2993598456,FOR_SALE,419000,,3.0,2.0,2054.0,8146.0,1979.0,CONDOS,"11512 Tin Cup Dr Apt 201, Austin, TX, 78750",Austin,TX,78750,30.443201,-97.804452,472.0,118.0,204.0,for_sale,2026-08-10T08:50:48.552192,2.0,2.0
7205141925,2996352786,FOR_SALE,549000,,4.0,3.0,2518.0,6368.0,2013.0,CONDOS,"7301 Bandera Ranch Trl Unit A, Austin, TX, 78750",Austin,TX,78750,30.392481,-97.827673,325.0,69.0,218.0,for_sale,2026-08-10T08:50:48.552192,2.0,2.0
8009460528,2998822961,FOR_SALE,450000,,3.0,2.0,1512.0,5968.0,2007.0,CONDOS,"9707 Anderson Mill Rd Apt 31, Austin, TX, 78750",Austin,TX,78750,30.447311,-97.792867,300.0,17.0,298.0,for_sale,2026-08-10T08:50:48.552192,2.0,1.0
7111907368,2998029600,FOR_SALE,450000,,3.0,2.0,2064.0,9148.0,1977.0,SINGLE_FAMILY,"10070 Woodland Village Dr, Austin, TX, 78750",Austin,TX,78750,30.450011,-97.7986,0.0,38.0,218.0,for_sale,2026-08-10T08:50:48.552192,,2.0
7510710702,2997971902,PENDING,1290000,,5.0,4.0,4046.0,16135.0,1999.0,SINGLE_FAMILY,"10200 Spicewood Pkwy, Austin, TX, 78750",Austin,TX,78750,30.428585,-97.809439,0.0,39.0,319.0,for_sale,2026-08-10T08:50:48.552192,3.0,2.0
7760568697,2998575536,FOR_SALE,425000,,3.0,2.0,1490.0,7858.0,1977.0,SINGLE_FAMILY,"12101 Missel Thrush Ct, Austin, TX, 78750",Austin,TX,78750,30.450687,-97.800316,0.0,24.0,285.0,for_sale,2026-08-10T08:50:48.552192,2.0,1.0
9531973137,2997235221,FOR_SALE,850000,,4.0,3.0,2377.0,8834.0,2026.0,CONDOS,"9803 Ribelin Ranch Ct Unit 6, Austin, TX, 78750",Austin,TX,78750,30.391205,-97.828986,320.0,58.0,358.0,for_sale,2026-08-10T08:50:48.552192,2.0,2.0
7729501649,2995034916,FOR_SALE,399900,,3.0,2.0,1410.0,6334.0,1983.0,CONDOS,"7211 Lakewood Dr Unit G124, Austin, TX, 78750",Austin,TX,78750,30.372057,-97.787203,375.0,93.0,284.0,for_sale,2026-08-10T08:50:48.552192,2.0,1.0
7259597006,2998873722,FOR_SALE,315000,,2.0,2.0,1308.0,,2001.0,CONDOS,"11000 Anderson Mill Rd Unit 3, Austin, TX, 78750",Austin,TX,78750,30.451107,-97.81525,465.0,16.0,241.0,for_sale,2026-08-10T08:50:48.552192,1.0,2.0
8808512526,2996880383,FOR_SALE,599000,,4.0,2.0,2083.0,5532.0,1979.0,SINGLE_FAMILY,"6109 Grass Holw, Austin, TX, 78750",Austin,TX,78750,30.372905,-97.787906,46.0,60.0,288.0,for_sale,2026-08-10T08:50:48.552192,2.0,2.0
8215490657,2994758838,PENDING,325000,,3.0,2.0,1382.0,8712.0,2002.0,CONDOS,"11000 Anderson Mill Rd Unit 22, Austin, TX, 78750",Austin,TX,78750,30.451025,-97.813837,465.0,100.0,235.0,for_sale,2026-08-10T08:50:48.552192,1.0,2.0
7136465624,2997706338,FOR_SALE,420000,,4.0,2.0,1633.0,5793.0,1977.0,SINGLE_FAMILY,"12006 Swallow Dr, Austin, TX, 78750",Austin,TX,78750,30.449013,-97.79897,0.0,44.0,257.0,for_sale,2026-08-10T08:50:48.552192,2.0,1.0
7424328247,2995892560,FOR_SALE,1100000,,4.0,2.0,3094.0,9104.0,1983.0,SINGLE_FAMILY,"10701 Scotland Well Dr, Austin, TX, 78750",Austin,TX,78750,30.428318,-97.79613,0.0,78.0,356.0,for_sale,2026-08-10T08:50:48.552192,2.0,2.0
7709612058,2997680818,FOR_SALE,900000,,3.0,2.0,2104.0,14375.0,1988.0,SINGLE_FAMILY,"7705 Jester Blvd, Austin, TX, 78750",Austin,TX,78750,30.385695,-97.798837,0.0,45.0,428.0,for_sale,2026-08-10T08:50:48.552192,2.0,1.0
8098671646,2995469958,FOR_SALE,279500,,2.0,2.0,1432.0,,1978.0,CONDOS,"8330 Fathom Cir Apt 701, Austin, TX, 78750",Austin,TX,78750,30.43559,-97.777138,360.0,86.0,195.0,for_sale,2026-08-10T08:50:48.552192,,2.0
8736698273,2997411594,FOR_SALE,425000,,3.0,2.0,1770.0,8189.0,1979.0,SINGLE_FAMILY,"10243 Missel Thrush Dr, Austin, TX, 78750",Austin,TX,78750,30.448861,-97.802049,0.0,53.0,240.0,for_sale,2026-08-10T08:50:48.552192,2.0,1.0
7306307007,2992003018,FOR_SALE,1025000,,5.0,3.0,2667.0,10890.0,1977.0,SINGLE_FAMILY,"9421 Spring Hollow Dr, Austin, TX, 78750",Austin,TX,78750,30.438847,-97.797325,4.0,162.0,384.0,for_sale,2026-08-10T08:50:48.552192,2.0,1.0
7562733957,2999477821,FOR_SALE,1150000,,4.0,3.0,2464.0,14074.0,1970.0,SINGLE_FAMILY,"9305 Clearock Dr, Austin, TX, 78750",Austin,TX,78750,30.444175,-97.795634,4.0,0.0,467.0,for_sale,2026-08-10T08:50:48.552192,2.0,1.0
7916620611,2995262162,FOR_SALE,1117000,,4.0,3.0,3111.0,8834.0,2000.0,SINGLE_FAMILY,"6816 Jester Wild Dr, Austin, TX, 78750",Austin,TX,78750,30.382176,-97.79076,11.0,89.0,359.0,for_sale,2026-08-10T08:50:48.552192,2.0,2.0
7102367287,2997714764,FOR_SALE,475000,,4.0,2.0,1561.0,7510.0,1976.0,SINGLE_FAMILY,"12210 Waxwing Cir, Austin, TX, 78750",Austin,TX,78750,30.45188,-97.797458,0.0,44.0,304.0,for_sale,2026-08-10T08:50:48.552192,2.0,1.0
8305645561,2994937262,FOR_SALE,234000,,2.0,1.0,1316.0,,1978.0,CONDOS,"8340 Fathom Cir Apt 103, Austin, TX, 78750",Austin,TX,78750,30.435299,-97.777838,434.0,94.0,178.0,for_sale,2026-08-10T08:50:48.552192,,2.0
8408023666,2998082884,PENDING,725000,,4.0,2.0,2099.0,5754.0,1983.0,SINGLE_FAMILY,"6401 Cascada Dr, Austin, TX, 78750",Austin,TX,78750,30.375843,-97.788562,59.0,37.0,345.0,for_sale,2026-08-10T08:50:48.552192,2.0,2.0
7562202085,2994378528,FOR_SALE,424900,,3.0,2.0,1625.0,4835.0,1979.0,SINGLE_FAMILY,"12108 Jill Sue Ct, Austin, TX, 78750",Austin,TX,78750,30.454301,-97.80338,0.0,109.0,261.0,for_sale,2026-08-10T08:50:48.552192,2.0,1.0
7342822707,2999478558,FOR_SALE,179000,,2.0,2.0,952.0,,1984.0,CONDOS,"10616 Mellow Meadows Dr Unit 30D, Austin, TX, 78750",Austin,TX,78750,30.461674,-97.80151,290.0,0.0,188.0,for_sale,2026-08-10T08:50:48.552192,,1.0
7235434002,2997204015,FOR_SALE,189000,,2.0,2.0,924.0,2265.0,1982.0,CONDOS,"8600 Fathom Cir Apt 2301, Austin, TX, 78750",Austin,TX,78750,30.438069,-97.779615,435.0,58.0,205.0,for_sale,2026-08-10T08:50:48.552192,,1.0
8654449095,2988669419,FOR_SALE,317000,,3.0,2.0,1781.0,3162.0,1978.0,CONDOS,"8518 Fathom Cir Apt 107, Austin, TX, 78750",Austin,TX,78750,30.437428,-97.77961,350.0,265.0,178.0,for_sale,2026-08-10T08:50:48.552192,2.0,2.0
8284602380,2997643178,FOR_SALE,400000,,3.0,2.0,1676.0,,1975.0,SINGLE_FAMILY,"10602 Double Tree Cv, Austin, TX, 78750",Austin,TX,78750,30.45955,-97.801514,0.0,46.0,239.0,for_sale,2026-08-10T08:50:48.552192,2.0,1.0
7728309138,2987691984,FOR_SALE,385000,,2.0,2.0,1127.0,5279.0,1983.0,CONDOS,"7211 Lakewood Dr Unit E118, Austin, TX, 78750",Austin,TX,78750,30.372057,-97.787203,375.0,289.0,342.0,for_sale,2026-08-10T08:50:48.552192,2.0,1.0
7063221264,2997760562,SOLD,725000,,3.0,3.0,2246.0,12240.0,1984.0,SINGLE_FAMILY,"9302 Rolling Oaks Trl, Austin, TX, 78750",Austin,TX,78750,30.422639,-97.802324,0.0,40.0,,sold,2026-08-10T08:50:53.051174,2.0,2.0
8484194396,2996186500,SOLD,1149000,,4.0,3.0,3605.0,13303.0,1983.0,SINGLE_FAMILY,"11503 Dosshills Dr, Austin, TX, 78750",Austin,TX,78750,30.445025,-97.809314,0.0,68.0,,sold,2026-08-10T08:50:53.051174,2.0,2.0
7239607328,2995190130,SOLD,329900,,3.0,2.0,1566.0,,2005.0,CONDOS,"11000 Anderson Mill Rd Unit 45, Austin, TX, 78750",Austin,TX,78750,30.449789,-97.814265,465.0,85.0,,sold,2026-08-10T08:50:53.051174,2.0,2.0
7930497023,2997182160,SOLD,600000,,3.0,2.0,1732.0,14671.0,1976.0,SINGLE_FAMILY,"9900 Richelieu Rd, Austin, TX, 78750",Austin,TX,78750,30.436211,-97.803999,4.0,48.0,,sold,2026-08-10T08:50:53.051174,2.0,1.0
7043842974,2996810786,SOLD,1650000,,4.0,4.0,3812.0,14684.0,1976.0,SINGLE_FAMILY,"10721 Fountainbleu Cir, Austin, TX, 78750",Austin,TX,78750,30.434438,-97.805961,0.0,51.0,,sold,2026-08-10T08:50:53.051174,2.0,2.0
7652623079,2997213714,SOLD,515000,,2.0,2.0,1361.0,7488.0,1983.0,SINGLE_FAMILY,"7501 Lakewood Dr, Austin, TX, 78750",Austin,TX,78750,30.377499,-97.788909,62.0,48.0,,sold,2026-08-10T08:50:53.051174,2.0,1.0
8626376378,2996855339,SOLD,758000,,4.0,2.0,2686.0,12619.0,1992.0,SINGLE_FAMILY,"11507 Kempwood Dr, Austin, TX, 78750",Austin,TX,78750,30.433016,-97.782078,0.0,50.0,,sold,2026-08-10T08:50:53.051174,2.0,2.0
7122230034,2993222465,SOLD,450000,,4.0,2.0,2056.0,9130.0,1976.0,SINGLE_FAMILY,"11913 Millwright Pkwy, Austin, TX, 78750",Austin,TX,78750,30.449906,-97.802286,0.0,116.0,,sold,2026-08-10T08:50:53.051174,,2.0
7027905531,2997381929,SOLD,355135,,3.0,2.0,1655.0,,2006.0,CONDOS,"11000 Anderson Mill Rd Unit 85, Austin, TX, 78750",Austin,TX,78750,30.449122,-97.814651,465.0,33.0,,sold,2026-08-10T08:50:53.051174,2.0,2.0
8725629065,2997076124,SOLD,829900,,4.0,2.0,2413.0,12720.0,1978.0,SINGLE_FAMILY,"10505 Ronwood Dr, Austin, TX, 78750",Austin,TX,78750,30.431706,-97.806743,0.0,35.0,,sold,2026-08-10T08:50:53.051174,2.0,1.0
8191097759,2997240532,SOLD,1149000,,4.0,2.0,2867.0,12602.0,1976.0,SINGLE_FAMILY,"9403 Spring Hollow Dr, Austin, TX, 78750",Austin,TX,78750,30.441267,-97.797023,4.0,32.0,,sold,2026-08-10T08:50:53.051174,2.0,1.0
8180817770,2996112709,SOLD,450000,,4.0,2.0,1939.0,10929.0,1976.0,SINGLE_FAMILY,"10804 Cobblestone Ln, Austin, TX, 78750",Austin,TX,78750,30.459656,-97.806098,0.0,48.0,,sold,2026-08-10T08:50:53.051174,2.0,2.0
7165627860,2996142127,SOLD,339000,,3.0,2.0,1550.0,,2006.0,CONDOS,"11000 Anderson Mill Rd Unit 84, Austin, TX, 78750",Austin,TX,78750,30.44896,-97.814597,465.0,46.0,,sold,2026-08-10T08:50:53.051174,2.0,2.0
7904895137,2997445853,SOLD,575000,,4.0,2.0,2322.0,9252.0,1981.0,SINGLE_FAMILY,"11700 Star View Trl, Austin, TX, 78750",Austin,TX,78750,30.453361,-97.817659,0.0,25.0,,sold,2026-08-10T08:50:53.051174,2.0,1.0
8450680941,2997068013,SOLD,1250000,,4.0,4.0,3876.0,13103.0,2001.0,SINGLE_FAMILY,"10103 Eastman Cv, Austin, TX, 78750",Austin,TX,78750,30.427226,-97.809921,0.0,31.0,,sold,2026-08-10T08:50:53.051174,3.0,2.0
8594869690,2995681438,SOLD,880000,,4.0,3.0,3032.0,16492.0,1993.0,SINGLE_FAMILY,"11005 Callanish Park Dr, Austin, TX, 78750",Austin,TX,78750,30.429682,-97.789275,0.0,50.0,,sold,2026-08-10T08:50:53.051174,2.0,2.0
8751901371,2995404571,SOLD,575000,,4.0,2.0,1997.0,9657.0,1977.0,SINGLE_FAMILY,"11002 Hillside Oak Ln, Austin, TX, 78750",Austin,TX,78750,30.461515,-97.807839,0.0,56.0,,sold,2026-08-10T08:50:53.051174,2.0,2.0
9397178973,2984366481,SOLD,1434000,,4.0,4.0,2924.0,4966.0,2025.0,CONDOS,"9803 Ribelin Ranch Ct Unit 15, Austin, TX, 78750",Austin,TX,78750,30.391205,-97.828986,320.0,356.0,,sold,2026-08-10T08:50:53.051174,2.0,2.0
7176361521,2995780818,SOLD,475000,,2.0,2.0,1373.0,4609.0,1980.0,SINGLE_FAMILY,"6409 Paintbrush Holw, Austin, TX, 78750",Austin,TX,78750,30.373396,-97.789776,59.0,41.0,,sold,2026-08-10T08:50:53.051174,2.0,1.0
8045910807,2990052071,SOLD,399900,,3.0,2.0,1787.0,,2007.0,SINGLE_FAMILY,"12804 Venice Ln, Austin, TX, 78750",Austin,TX,78750,30.463479,-97.80084,137.0,175.0,,sold,2026-08-10T08:50:53.051174,2.0,2.0
7924634898,2995481563,SOLD,1179900,,5.0,3.0,4088.0,9879.0,1991.0,SINGLE_FAMILY,"8108 Asmara Dr, Austin, TX, 78750",Austin,TX,78750,30.388772,-97.802826,0.0,46.0,,sold,2026-08-10T08:50:53.051174,2.0,2.0
7890778346,2995804899,SOLD,997000,,4.0,2.0,2407.0,13055.0,1978.0,SINGLE_FAMILY,"10507 Ronwood Dr, Austin, TX, 78750",Austin,TX,78750,30.431842,-97.806981,4.0,40.0,,sold,2026-08-10T08:50:53.051174,2.0,1.0
8434302116,2995868318,SOLD,895000,,4.0,2.0,2497.0,13930.0,1972.0,SINGLE_FAMILY,"11924 Brookwood Cir, Austin, TX, 78750",Austin,TX,78750,30.442079,-97.789899,0.0,37.0,,sold,2026-08-10T08:50:53.051174,2.0,1.0
7782714816,2992650941,SOLD,349000,,3.0,2.0,1651.0,7336.0,1982.0,CONDOS,"9518 Topridge Dr Apt 28, Austin, TX, 78750",Austin,TX,78750,30.434896,-97.799412,353.0,104.0,,sold,2026-08-10T08:50:53.051174,2.0,2.0
8854512884,2995804033,SOLD,635000,,3.0,2.0,1733.0,7963.0,1984.0,SINGLE_FAMILY,"6602 Robbie Creek Cv, Austin, TX, 78750",Austin,TX,78750,30.378145,-97.789743,59.0,37.0,,sold,2026-08-10T08:50:53.051174,2.0,1.0
7601406896,2996398974,SOLD,329500,,4.0,2.0,1936.0,8978.0,1978.0,SINGLE_FAMILY,"12332 Deerbrook Trl, Austin, TX, 78750",Austin,TX,78750,30.463115,-97.810595,0.0,26.0,,sold,2026-08-10T08:50:53.051174,2.0,1.0
7786661857,2996060653,SOLD,1175000,,3.0,2.0,2771.0,26397.0,1984.0,SINGLE_FAMILY,"7004 Beauford Dr, Austin, TX, 78750",Austin,TX,78750,30.378246,-97.796046,11.0,29.0,,sold,2026-08-10T08:50:53.051174,2.0,2.0
8169383087,2995753302,SOLD,870000,,3.0,2.0,2795.0,9836.0,1994.0,SINGLE_FAMILY,"8141 Jester Blvd, Austin, TX, 78750",Austin,TX,78750,30.396051,-97.801373,26.0,35.0,,sold,2026-08-10T08:50:53.051174,2.0,1.0
7855704093,2995521457,SOLD,520000,,4.0,2.0,2084.0,9322.0,1981.0,SINGLE_FAMILY,"11804 Buggy Whip Trl, Austin, TX, 78750",Austin,TX,78750,30.453362,-97.814787,0.0,39.0,,sold,2026-08-10T08:50:53.051174,2.0,2.0
7299450074,2991250081,SOLD,725000,,3.0,2.0,2606.0,13944.0,1976.0,SINGLE_FAMILY,"9016 Balcones Club Dr, Austin, TX, 78750",Austin,TX,78750,30.440873,-97.792238,4.0,140.0,,sold,2026-08-10T08:50:53.051174,2.0,1.0
8703499913,2994936174,SOLD,985000,,4.0,2.0,2390.0,13782.0,1978.0,SINGLE_FAMILY,"10503 Spicewood Pkwy, Austin, TX, 78750",Austin,TX,78750,30.430531,-97.806829,4.0,47.0,,sold,2026-08-10T08:50:53.051174,2.0,1.0
8454388459,2995745638,SOLD,790000,,3.0,2.0,2091.0,8276.0,1981.0,SINGLE_FAMILY,"6501 Robbie Creek Cv, Austin, TX, 78750",Austin,TX,78750,30.377434,-97.789323,46.0,32.0,,sold,2026-08-10T08:50:53.051174,2.0,1.0
9583639543,2994333252,SOLD,270000,,3.0,2.0,1348.0,2513.0,1982.0,CONDOS,"2007 Verbena Dr Unit 1336A, Austin, TX, 78750",Austin,TX,78750,30.455086,-97.809647,390.0,61.0,,sold,2026-08-10T08:50:53.051174,2.0,1.0
7815881505,2993489305,SOLD,1200000,,4.0,2.0,3416.0,9235.0,1999.0,SINGLE_FAMILY,"9113 Evening Primrose Path, Austin, TX, 78750",Austin,TX,78750,30.433893,-97.792599,21.0,73.0,,sold,2026-08-10T08:50:53.051174,2.0,2.0
8194756639,2993375465,SOLD,1125000,,4.0,3.0,3852.0,13939.0,2000.0,SINGLE_FAMILY,"10804 Winchelsea Dr, Austin, TX, 78750",Austin,TX,78750,30.438596,-97.812021,0.0,72.0,,sold,2026-08-10T08:50:53.051174,3.0,2.0
7194755520,2992489789,SOLD,1968500,,4.0,4.0,5294.0,31276.0,1995.0,SINGLE_FAMILY,"10724 Bay Laurel Trl, Austin, TX, 78750",Austin,TX,78750,30.425161,-97.786119,82.0,96.0,,sold,2026-08-10T08:50:53.051174,3.0,2.0
7389582907,2995778591,SOLD,749000,,3.0,2.0,2329.0,13547.0,1998.0,SINGLE_FAMILY,"10004 Liriope Cv, Austin, TX, 78750",Austin,TX,78750,30.445216,-97.800275,35.0,27.0,,sold,2026-08-10T08:50:53.051174,2.0,1.0
7668149648,2993152665,SOLD,324950,,2.0,2.0,1106.0,3193.0,2007.0,CONDOS,"13604 Caldwell Dr Apt 58, Austin, TX, 78750",Austin,TX,78750,30.451269,-97.795171,256.0,77.0,,sold,2026-08-10T08:50:53.051174,1.0,1.0
7901915970,2992184232,SOLD,1150000,,4.0,2.0,2600.0,18086.0,1978.0,SINGLE_FAMILY,"9602 Petite II Cv, Austin, TX, 78750",Austin,TX,78750,30.429896,-97.803424,4.0,103.0,,sold,2026-08-10T08:50:53.051174,3.0,2.0
7158005339,2995848338,SOLD,599000,,4.0,2.0,2144.0,9962.0,1979.0,SINGLE_FAMILY,"10601 Mourning Dove Dr, Austin, TX, 78750",Austin,TX,78750,30.449153,-97.808087,0.0,25.0,,sold,2026-08-10T08:50:53.051174,2.0,1.0
8182526592,2994913965,SOLD,699000,,3.0,2.0,1739.0,14044.0,1971.0,SINGLE_FAMILY,"9105 Balcones Club Dr, Austin, TX, 78750",Austin,TX,78750,30.443558,-97.793479,0.0,40.0,,sold,2026-08-10T08:50:53.051174,2.0,1.0
7607214972,2994480806,SOLD,1119000,,4.0,3.0,3310.0,11021.0,1984.0,SINGLE_FAMILY,"10810 Wintergreen Hl, Austin, TX, 78750",Austin,TX,78750,30.430593,-97.797766,3.0,52.0,,sold,2026-08-10T08:50:53.051174,2.0,2.0
8714087995,2992308391,SOLD,935000,,3.0,2.0,2463.0,31058.0,1990.0,SINGLE_FAMILY,"6711 Lakewood Point Cv, Austin, TX, 78750",Austin,TX,78750,30.380046,-97.790282,7.0,96.0,,sold,2026-08-10T08:50:53.051174,2.0,2.0
9327024701,2993214044,SOLD,295725,,3.0,2.0,1374.0,,1983.0,CONDOS,"2002 Verbena Dr Unit 1336B, Austin, TX, 78750",Austin,TX,78750,30.454802,-97.80999,370.0,70.0,,sold,2026-08-10T08:50:53.051174,2.0,1.0
8855909363,2996135059,SOLD,120000,,2.0,1.0,796.0,,1990.0,CONDOS,"10616 Mellow Mdws Apt 5A, Austin, TX, 78750",Austin,TX,78750,30.460381,-97.799896,290.0,14.0,,sold,2026-08-10T08:50:53.051174,,1.0
8754436862,2994936180,SOLD,650000,,5.0,3.0,2946.0,9148.0,1979.0,SINGLE_FAMILY,"10704 Doering Ln, Austin, TX, 78750",Austin,TX,78750,30.451352,-97.809272,0.0,35.0,,sold,2026-08-10T08:50:53.051174,2.0,2.0
8649939916,2994913854,SOLD,695000,,4.0,2.0,2304.0,8995.0,1983.0,SINGLE_FAMILY,"9006 Lockleven Loop, Austin, TX, 78750",Austin,TX,78750,30.423132,-97.79634,0.0,33.0,,sold,2026-08-10T08:50:53.051174,2.0,2.0
7113852198,2994070465,SOLD,299000,,2.0,2.0,1285.0,8146.0,1984.0,CONDOS,"11512 Tin Cup Dr Apt 304, Austin, TX, 78750",Austin,TX,78750,30.442937,-97.804884,403.0,48.0,,sold,2026-08-10T08:50:53.051174,2.0,1.0
8643931970,2993524140,SOLD,470000,,4.0,2.0,1810.0,14392.0,1975.0,SINGLE_FAMILY,"10017 Hidden Meadow Dr, Austin, TX, 78750",Austin,TX,78750,30.454357,-97.795043,0.0,55.0,,sold,2026-08-10T08:50:53.051174,2.0,1.0
7512649387,2993629378,SOLD,484900,,3.0,2.0,1616.0,8520.0,2000.0,CONDOS,"11558 Spicewood Pkwy Apt 18, Austin, TX, 78750",Austin,TX,78750,30.444538,-97.806932,310.0,49.0,,sold,2026-08-10T08:50:53.051174,2.0,2.0
8240950785,2993440941,SOLD,235000,,2.0,2.0,952.0,1346.0,1990.0,CONDOS,"10616 Mellow Meadows Dr Unit 30A, Austin, TX, 78750",Austin,TX,78750,30.461651,-97.80159,290.0,52.0,,sold,2026-08-10T08:50:53.051174,,1.0
8501214782,2994927992,SOLD,397000,,3.0,2.0,1262.0,9775.0,1980.0,SINGLE_FAMILY,"11533 Sandy Loam Trl, Austin, TX, 78750",Austin,TX,78750,30.449304,-97.813628,,21.0,,sold,2026-08-10T08:50:53.051174,2.0,1.0
8477103717,2993473541,SOLD,399000,,4.0,2.0,1409.0,6434.0,1979.0,SINGLE_FAMILY,"12306 Double Tree Ln, Austin, TX, 78750",Austin,TX,78750,30.456614,-97.801855,0.0,49.0,,sold,2026-08-10T08:50:53.051174,2.0,1.0
8615583960,2994347319,SOLD,485000,,5.0,3.0,2276.0,9365.0,1982.0,SINGLE_FAMILY,"12102 Tanglebriar Cv, Austin, TX, 78750",Austin,TX,78750,30.459566,-97.816521,0.0,37.0,,sold,2026-08-10T08:50:53.051174,2.0,1.0
7033520308,2994752994,SOLD,1595000,,4.0,2.0,3706.0,29551.0,1984.0,SINGLE_FAMILY,"10202 Lockerbie Ct, Austin, TX, 78750",Austin,TX,78750,30.434164,-97.812449,2.0,26.0,,sold,2026-08-10T08:50:53.051174,2.0,2.0
7554527746,2995244252,SOLD,585000,,3.0,2.0,1771.0,17193.0,1985.0,SINGLE_FAMILY,"10100 Talleyran Dr, Austin, TX, 78750",Austin,TX,78750,30.4232,-97.801907,0.0,14.0,,sold,2026-08-10T08:50:53.051174,2.0,2.0
8223435792,2992483504,SOLD,210000,,2.0,2.0,952.0,,1990.0,CONDOS,"10616 Mellow Meadows Dr Unit 1C, Austin, TX, 78750",Austin,TX,78750,30.459676,-97.800539,290.0,74.0,,sold,2026-08-10T08:50:53.051174,,1.0
8486021588,2993001668,SOLD,400000,,3.0,2.0,1986.0,3886.0,2012.0,SINGLE_FAMILY,"12501 Piper Ct, Austin, TX, 78750",Austin,TX,78750,30.461758,-97.802096,140.0,60.0,,sold,2026-08-10T08:50:53.051174,2.0,2.0
8974646910,2991167211,SOLD,470000,,3.0,2.0,1785.0,7336.0,1979.0,CONDOS,"9518 Topridge Dr Apt 7, Austin, TX, 78750",Austin,TX,78750,30.434896,-97.799412,568.0,107.0,,sold,2026-08-10T08:50:53.051174,2.0,1.0
9648075011,2994974779,SOLD,285000,,3.0,2.0,1348.0,2326.0,1982.0,CONDOS,"2015 Verbena Dr Unit 1336AR, Austin, TX, 78750",Austin,TX,78750,30.454891,-97.809341,370.0,13.0,,sold,2026-08-10T08:50:53.051174,2.0,1.0
8763741975,2988935763,SOLD,585000,,5.0,3.0,2162.0,10498.0,1976.0,SINGLE_FAMILY,"11004 Rustic Manor Ln, Austin, TX, 78750",Austin,TX,78750,30.460604,-97.808144,0.0,180.0,,sold,2026-08-10T08:50:53.051174,2.0,1.0
8382723607,2994436900,SOLD,399500,,3.0,2.0,1417.0,7100.0,1980.0,SINGLE_FAMILY,"11906 Stout Oak Trl, Austin, TX, 78750",Austin,TX,78750,30.456272,-97.815366,2.0,26.0,,sold,2026-08-10T08:50:53.051174,2.0,1.0
7296140222,2992979750,SOLD,1200000,,5.0,3.0,3316.0,14327.0,1976.0,SINGLE_FAMILY,"9305 Springwood Dr, Austin, TX, 78750",Austin,TX,78750,30.439499,-97.795168,4.0,53.0,,sold,2026-08-10T08:50:53.051174,2.0,2.0
8755479085,2993616092,SOLD,1129999,,4.0,2.0,2550.0,14401.0,1977.0,SINGLE_FAMILY,"9610 Vista View Dr, Austin, TX, 78750",Austin,TX,78750,30.429205,-97.803387,3.0,30.0,,sold,2026-08-10T08:50:53.051174,2.0,1.0
7903330151,2994433542,SOLD,1100000,,4.0,2.0,3011.0,36416.0,1992.0,SINGLE_FAMILY,"6608 Winterberry Dr, Austin, TX, 78750",Austin,TX,78750,30.371478,-97.79468,21.0,21.0,,sold,2026-08-10T08:50:53.051174,2.0,2.0
8851382545,2992772170,SOLD,850000,,4.0,3.0,2185.0,26964.0,1988.0,SINGLE_FAMILY,"6703 Lakewood Point Cv, Austin, TX, 78750",Austin,TX,78750,30.380207,-97.789206,,55.0,,sold,2026-08-10T08:50:53.051174,2.0,2.0
7562442647,2994688964,SOLD,790000,,4.0,2.0,2322.0,13591.0,1980.0,SINGLE_FAMILY,"11409 Taterwood Dr, Austin, TX, 78750",Austin,TX,78750,30.445741,-97.811052,2.0,14.0,,sold,2026-08-10T08:50:53.051174,2.0,1.0
7449135319,2993092492,SOLD,497000,,3.0,2.0,2429.0,,2010.0,CONDOS,"9701 Solana Vista Loop Unit B, Austin, TX, 78750",Austin,TX,78750,30.392132,-97.827309,350.0,44.0,,sold,2026-08-10T08:50:53.051174,2.0,2.0
7275972530,2994069988,SOLD,1049000,,4.0,2.0,2544.0,15664.0,1976.0,SINGLE_FAMILY,"9107 Cedar Crest Dr, Austin, TX, 78750",Austin,TX,78750,30.442726,-97.794345,4.0,25.0,,sold,2026-08-10T08:50:53.051174,2.0,1.0
7627414181,2992132697,SOLD,495000,,3.0,3.0,2299.0,6368.0,2013.0,CONDOS,"9413 Solana Vista Loop Unit A, Austin, TX, 78750",Austin,TX,78750,30.393054,-97.826373,325.0,69.0,,sold,2026-08-10T08:50:53.051174,2.0,2.0
7849649860,2993527914,SOLD,415000,,3.0,2.0,1503.0,16248.0,1971.0,SINGLE_FAMILY,"13504 Lois Ln, Austin, TX, 78750",Austin,TX,78750,30.45084,-97.794729,0.0,32.0,,sold,2026-08-10T08:50:53.051174,2.0,1.0
8210364372,2988967398,SOLD,359000,,2.0,2.0,1106.0,,2007.0,CONDOS,"13604 Caldwell Dr Apt 19, Austin, TX, 78750",Austin,TX,78750,30.450738,-97.795911,225.0,169.0,,sold,2026-08-10T08:50:53.051174,1.0,1.0
8013910889,2993670689,SOLD,650000,,4.0,3.0,2406.0,9540.0,1977.0,SINGLE_FAMILY,"10405 Mourning Dove Dr, Austin, TX, 78750",Austin,TX,78750,30.449886,-97.804145,0.0,25.0,,sold,2026-08-10T08:50:53.051174,2.0,1.0
7665727362,2989919517,SOLD,375000,,3.0,2.0,1290.0,4221.0,2007.0,CONDOS,"13604 Caldwell Dr Apt 25, Austin, TX, 78750",Austin,TX,78750,30.450172,-97.796638,225.0,129.0,,sold,2026-08-10T08:50:53.051174,1.0,1.0
7372183044,2992237862,SOLD,375000,,3.0,2.0,1410.0,6743.0,1978.0,SINGLE_FAMILY,"12015 Grey Fawn Path, Austin, TX, 78750",Austin,TX,78750,30.456026,-97.811833,0.0,65.0,,sold,2026-08-10T08:50:53.051174,2.0,1.0
7874865788,2994019098,SOLD,735000,,4.0,2.0,2430.0,9148.0,1990.0,SINGLE_FAMILY,"8813 Marybank Dr, Austin, TX, 78750",Austin,TX,78750,30.427483,-97.791366,0.0,21.0,,sold,2026-08-10T08:50:53.051174,2.0,1.0
7836005114,2992999285,SOLD,845000,,4.0,2.0,2270.0,18121.0,1975.0,SINGLE_FAMILY,"11107 Spicewood Pkwy, Austin, TX, 78750",Austin,TX,78750,30.436689,-97.798908,4.0,41.0,,sold,2026-08-10T08:50:53.051174,2.0,2.0
7622105421,2993228884,SOLD,550000,,4.0,3.0,2115.0,12942.0,1981.0,SINGLE_FAMILY,"11305 Sweetwater Cv, Austin, TX, 78750",Austin,TX,78750,30.45133,-97.819381,0.0,34.0,,sold,2026-08-10T08:50:53.051174,2.0,1.0
7280779836,2993304713,SOLD,1150000,,4.0,2.0,2698.0,13913.0,1976.0,SINGLE_FAMILY,"9304 Spring Hollow Dr, Austin, TX, 78750",Austin,TX,78750,30.441903,-97.796061,0.0,32.0,,sold,2026-08-10T08:50:53.051174,3.0,1.0
7313350270,2993224659,SOLD,1100000,,4.0,2.0,2802.0,14096.0,1976.0,SINGLE_FAMILY,"9305 Spring Hollow Dr, Austin, TX, 78750",Austin,TX,78750,30.441381,-97.796164,0.0,32.0,,sold,2026-08-10T08:50:53.051174,2.0,1.0
7010683102,2993521707,SOLD,725000,,4.0,3.0,2627.0,13961.0,1974.0,SINGLE_FAMILY,"10712 Fountainbleu Cir, Austin, TX, 78750",Austin,TX,78750,30.433981,-97.80517,,25.0,,sold,2026-08-10T08:50:53.051174,2.0,1.0
8230722645,2992492313,SOLD,440000,,3.0,2.0,1854.0,9583.0,1978.0,SINGLE_FAMILY,"12329 Deerbrook Trl, Austin, TX, 78750",Austin,TX,78750,30.463141,-97.809966,0.0,52.0,,sold,2026-08-10T08:50:53.051174,2.0,2.0
8027244821,2992263376,SOLD,345000,,3.0,2.0,1352.0,5445.0,1978.0,SINGLE_FAMILY,"12106 Grey Fawn Path, Austin, TX, 78750",Austin,TX,78750,30.457231,-97.811653,0.0,56.0,,sold,2026-08-10T08:50:53.051174,2.0,1.0
8081289364,2992119027,SOLD,299750,,2.0,2.0,1348.0,,1983.0,CONDOS,"2012 Verbena Dr, Austin, TX, 78750",Austin,TX,78750,30.454499,-97.809506,370.0,57.0,,sold,2026-08-10T08:50:53.051174,2.0,1.0
7099539783,2992980539,SOLD,399000,,3.0,2.0,1559.0,8520.0,2000.0,CONDOS,"11558 Spicewood Pkwy Apt 17, Austin, TX, 78750",Austin,TX,78750,30.444538,-97.806932,255.0,35.0,,sold,2026-08-10T08:50:53.051174,2.0,1.0
8996388882,2999171754,FOR_SALE,600000,,3.0,2.0,1694.0,20887.0,1957.0,SINGLE_FAMILY,"11806 Arabian Trl, Austin, TX, 78759",Austin,TX,78759,30.423,-97.754475,0.0,8.0,354.0,for_sale,2026-08-10T08:50:57.266722,,1.0
7534686674,2999425109,FOR_SALE,724988,,4.0,2.0,2381.0,10189.0,1971.0,SINGLE_FAMILY,"8711 Mountain Ridge Dr, Austin, TX, 78759",Austin,TX,78759,30.383508,-97.753827,0.0,2.0,304.0,for_sale,2026-08-10T08:50:57.266722,2.0,1.0
8128801515,2999116243,FOR_SALE,749000,,5.0,2.0,2465.0,13059.0,1977.0,SINGLE_FAMILY,"7407 Attar Cv, Austin, TX, 78759",Austin,TX,78759,30.428576,-97.767772,0.0,9.0,304.0,for_sale,2026-08-10T08:50:57.266722,2.0,2.0
8697977736,2999032320,PENDING,695000,,4.0,2.0,2076.0,11949.0,1986.0,SINGLE_FAMILY,"8312 Saber Creek Trl, Austin, TX, 78759",Austin,TX,78759,30.421396,-97.786373,0.0,11.0,335.0,for_sale,2026-08-10T08:50:57.266722,2.0,1.0
8178401445,2999406611,FOR_SALE,1299999,,4.0,3.0,3158.0,14314.0,1994.0,SINGLE_FAMILY,"9312 Knoll Crest Loop, Austin, TX, 78759",Austin,TX,78759,30.395019,-97.760695,0.0,2.0,412.0,for_sale,2026-08-10T08:50:57.266722,2.0,2.0
7263766971,2998366431,FOR_SALE,375000,,2.0,2.0,1265.0,3938.0,1978.0,TOWNHOMES,"8318 Bent Tree Rd, Austin, TX, 78759",Austin,TX,78759,30.372063,-97.743982,300.0,30.0,296.0,for_sale,2026-08-10T08:50:57.266722,2.0,1.0
7081653384,2999446428,FOR_SALE,495000,,3.0,2.0,1802.0,11631.0,1976.0,SINGLE_FAMILY,"7115 Danwood Dr, Austin, TX, 78759",Austin,TX,78759,30.424437,-97.768874,0.0,1.0,275.0,for_sale,2026-08-10T08:50:57.266722,2.0,1.0
7085901702,2999064357,PENDING,550000,,3.0,2.0,1483.0,10319.0,1980.0,SINGLE_FAMILY,"7108 Vallecito Dr, Austin, TX, 78759",Austin,TX,78759,30.42199,-97.769599,0.0,10.0,371.0,for_sale,2026-08-10T08:50:57.266722,2.0,1.0
8204508943,2998260856,PENDING,785000,,4.0,2.0,2424.0,10062.0,1975.0,SINGLE_FAMILY,"6702 Fireoak Dr, Austin, TX, 78759",Austin,TX,78759,30.423596,-97.763075,0.0,32.0,324.0,for_sale,2026-08-10T08:50:57.266722,2.0,2.0
7493246945,2998995518,FOR_SALE,680000,,3.0,2.0,1904.0,3223.0,1979.0,TOWNHOMES,"8306 Puerta Vis, Austin, TX, 78759",Austin,TX,78759,30.378302,-97.757457,377.0,11.0,357.0,for_sale,2026-08-10T08:50:57.266722,2.0,2.0
7705540198,2998613343,PENDING,799000,,4.0,2.0,2368.0,7614.0,1981.0,SINGLE_FAMILY,"3610 Cima Serena Dr, Austin, TX, 78759",Austin,TX,78759,30.374004,-97.74316,0.0,23.0,337.0,for_sale,2026-08-10T08:50:57.266722,2.0,2.0
8844152432,2999425528,FOR_SALE,1899999,,4.0,3.0,2900.0,10751.0,1967.0,SINGLE_FAMILY,"8100 Greenslope Dr, Austin, TX, 78759",Austin,TX,78759,30.36966,-97.751732,0.0,2.0,655.0,for_sale,2026-08-10T08:50:57.266722,2.0,1.0
8031614902,2998018818,FOR_SALE,564900,,4.0,2.0,1612.0,6578.0,1979.0,SINGLE_FAMILY,"3211 Canter Ln, Austin, TX, 78759",Austin,TX,78759,30.414087,-97.714307,0.0,38.0,350.0,for_sale,2026-08-10T08:50:57.266722,2.0,1.0
7511478765,2998662763,PENDING,840000,,4.0,2.0,1837.0,11064.0,1973.0,SINGLE_FAMILY,"11809 Charing Cross Rd, Austin, TX, 78759",Austin,TX,78759,30.429197,-97.768559,0.0,22.0,457.0,for_sale,2026-08-10T08:50:57.266722,2.0,1.0
7871074964,2998395086,PENDING,1300000,,4.0,2.0,1928.0,10454.0,1972.0,SINGLE_FAMILY,"9009 Rockcrest Dr, Austin, TX, 78759",Austin,TX,78759,30.38546,-97.748399,0.0,30.0,674.0,for_sale,2026-08-10T08:50:57.266722,2.0,1.0
7997757494,2996628687,FOR_SALE,799000,,4.0,2.0,2416.0,25970.0,1983.0,SINGLE_FAMILY,"6203 Danwood Dr, Austin, TX, 78759",Austin,TX,78759,30.418831,-97.759543,0.0,66.0,331.0,for_sale,2026-08-10T08:50:57.266722,2.0,2.0
8514738987,2999008775,FOR_SALE,1100000,,3.0,3.0,3404.0,30361.0,1989.0,SINGLE_FAMILY,"5804 Ginre Cv, Austin, TX, 78759",Austin,TX,78759,30.396254,-97.768703,0.0,11.0,323.0,for_sale,2026-08-10T08:50:57.266722,3.0,2.0
9784327631,2996525279,FOR_SALE,259000,,1.0,1.0,831.0,2923.0,1985.0,CONDOS,"4711 Spicewood Springs Rd Unit 4-222, Austin, TX, 78759",Austin,TX,78759,30.374351,-97.764101,238.0,67.0,312.0,for_sale,2026-08-10T08:50:57.266722,,1.0
8708807604,2998423757,PENDING,625000,,3.0,2.0,1782.0,10542.0,1979.0,SINGLE_FAMILY,"7001 Narrow Oak Trl, Austin, TX, 78759",Austin,TX,78759,30.420443,-97.768514,0.0,27.0,351.0,for_sale,2026-08-10T08:50:57.266722,2.0,2.0
7486166416,2998550786,FOR_SALE,1100000,,4.0,2.0,2392.0,9967.0,1980.0,SINGLE_FAMILY,"8400 Mesa Doble Ln, Austin, TX, 78759",Austin,TX,78759,30.379705,-97.756537,0.0,25.0,460.0,for_sale,2026-08-10T08:50:57.266722,2.0,2.0
7652952695,2993570936,FOR_SALE,650000,,3.0,2.0,1842.0,9065.0,1978.0,SINGLE_FAMILY,"6703 Danwood Dr, Austin, TX, 78759",Austin,TX,78759,30.421125,-97.764979,0.0,119.0,353.0,for_sale,2026-08-10T08:50:57.266722,2.0,1.0
7958658703,2997751028,PENDING,625000,,3.0,2.0,1620.0,16832.0,1979.0,SINGLE_FAMILY,"6713 Colina Ln, Austin, TX, 78759",Austin,TX,78759,30.420356,-97.766242,0.0,43.0,386.0,for_sale,2026-08-10T08:50:57.266722,2.0,1.0
8974718630,2997612844,FOR_SALE,1049900,,4.0,3.0,2476.0,11787.0,1969.0,SINGLE_FAMILY,"8900 Point West Dr, Austin, TX, 78759",Austin,TX,78759,30.383066,-97.748789,0.0,46.0,424.0,for_sale,2026-08-10T08:50:57.266722,,1.0
7259139696,2998401764,CONTINGENT,1000000,,4.0,2.0,2505.0,34046.0,1988.0,SINGLE_FAMILY,"5904 Spartan Cv, Austin, TX, 78759",Austin,TX,78759,30.399219,-97.768701,,29.0,399.0,for_sale,2026-08-10T08:50:57.266722,2.0,2.0
7511989116,2995970114,PENDING,1295000,,5.0,4.0,3954.0,25260.0,1990.0,SINGLE_FAMILY,"10102 Grand Teton Ct, Austin, TX, 78759",Austin,TX,78759,30.405918,-97.765103,0.0,76.0,328.0,for_sale,2026-08-10T08:50:57.266722,2.0,2.0
7864748528,2996182787,PENDING,599000,,3.0,2.0,2142.0,2679.0,1993.0,TOWNHOMES,"8910 Mount Bartlett Dr, Austin, TX, 78759",Austin,TX,78759,30.389971,-97.762273,465.0,72.0,280.0,for_sale,2026-08-10T08:50:57.266722,2.0,2.0
7767323675,2998905974,FOR_SALE,498000,,6.0,4.0,1936.0,10803.0,1983.0,MULTI_FAMILY,"12007 Commonwealth Way Unit A, Austin, TX, 78759",Austin,TX,78759,30.431012,-97.766261,0.0,14.0,257.0,for_sale,2026-08-10T08:50:57.266722,1.0,1.0
7482466266,2999208738,FOR_SALE,569900,,2.0,2.0,1627.0,3193.0,1975.0,TOWNHOMES,"8211 Greenslope Dr, Austin, TX, 78759",Austin,TX,78759,30.373481,-97.748795,255.0,6.0,350.0,for_sale,2026-08-10T08:50:57.266722,2.0,2.0
8024679432,2997998504,FOR_SALE,975000,,4.0,3.0,3225.0,23784.0,1992.0,SINGLE_FAMILY,"8703 Bluegrass Dr, Austin, TX, 78759",Austin,TX,78759,30.39089,-97.76874,0.0,38.0,302.0,for_sale,2026-08-10T08:50:57.266722,2.0,2.0
7387523467,2996105759,FOR_SALE,300000,,3.0,2.0,1342.0,,1977.0,CONDOS,"4159 Steck Ave Unit 226, Austin, TX, 78759",Austin,TX,78759,30.375407,-97.75824,438.0,73.0,224.0,for_sale,2026-08-10T08:50:57.266722,,1.0
7043505471,2998869561,PENDING,599999,,3.0,2.0,1614.0,8137.0,1989.0,SINGLE_FAMILY,"6515 Sans Souci Cv, Austin, TX, 78759",Austin,TX,78759,30.414094,-97.765888,0.0,16.0,372.0,for_sale,2026-08-10T08:50:57.266722,2.0,1.0
8451202664,2998844265,PENDING,934000,,3.0,2.0,2804.0,11012.0,2000.0,SINGLE_FAMILY,"7220 Fabion Dr, Austin, TX, 78759",Austin,TX,78759,30.4124,-97.776511,19.0,17.0,333.0,for_sale,2026-08-10T08:50:57.266722,2.0,1.0
7316853269,2995811006,PENDING,627000,,4.0,2.0,1938.0,10912.0,1975.0,SINGLE_FAMILY,"11600 Buckingham Rd, Austin, TX, 78759",Austin,TX,78759,30.42819,-97.77338,0.0,79.0,324.0,for_sale,2026-08-10T08:50:57.266722,2.0,2.0
9231545077,2993601187,FOR_SALE,285000,,2.0,2.0,1147.0,5850.0,1985.0,CONDOS,"4711 Spicewood Springs Rd Unit 1-201, Austin, TX, 78759",Austin,TX,78759,30.374359,-97.764038,475.0,118.0,248.0,for_sale,2026-08-10T08:50:57.266722,,1.0
7884156716,2999172808,PENDING,635000,,3.0,2.0,1999.0,8625.0,1972.0,SINGLE_FAMILY,"4902 Big Trail Cir, Austin, TX, 78759",Austin,TX,78759,30.413851,-97.739442,0.0,8.0,318.0,for_sale,2026-08-10T08:50:57.266722,2.0,2.0
8948404870,2999063823,PENDING,744900,,3.0,2.0,2190.0,9771.0,1982.0,SINGLE_FAMILY,"11507 Autumn Ridge Dr, Austin, TX, 78759",Austin,TX,78759,30.422018,-97.761105,0.0,10.0,340.0,for_sale,2026-08-10T08:50:57.266722,2.0,1.0
8527173400,2999032854,FOR_SALE,1450000,,4.0,3.0,3142.0,13312.0,2000.0,SINGLE_FAMILY,"7221 Ellaview Ln, Austin, TX, 78759",Austin,TX,78759,30.411892,-97.775645,19.0,11.0,461.0,for_sale,2026-08-10T08:50:57.266722,3.0,2.0
7572813952,2997962219,FOR_SALE,1450000,,4.0,3.0,4265.0,10498.0,2001.0,SINGLE_FAMILY,"6623 Yaupon Dr, Austin, TX, 78759",Austin,TX,78759,30.402258,-97.776645,0.0,39.0,340.0,for_sale,2026-08-10T08:50:57.266722,2.0,2.0
8345800059,2998827469,FOR_SALE,995000,,4.0,3.0,3191.0,65048.0,1993.0,SINGLE_FAMILY,"6604 Strutton Cv, Austin, TX, 78759",Austin,TX,78759,30.409622,-97.77016,0.0,17.0,312.0,for_sale,2026-08-10T08:50:57.266722,2.0,2.0
8388103721,2996059952,FOR_SALE,495000,,3.0,2.0,1874.0,3846.0,1984.0,SINGLE_FAMILY,"5107 McKittrick Canyon Dr, Austin, TX, 78759",Austin,TX,78759,30.389931,-97.76069,475.0,74.0,264.0,for_sale,2026-08-10T08:50:57.266722,2.0,2.0
7881152360,2995422569,FOR_SALE,999000,,3.0,2.0,2542.0,29804.0,1975.0,SINGLE_FAMILY,"10306 D K Ranch Rd, Austin, TX, 78759",Austin,TX,78759,30.415234,-97.782183,0.0,87.0,393.0,for_sale,2026-08-10T08:50:57.266722,2.0,2.0
8120922227,2998876847,FOR_SALE,389900,,2.0,1.0,1590.0,9958.0,2004.0,CONDOS,"10300 Morado Cv Apt 903, Austin, TX, 78759",Austin,TX,78759,30.402004,-97.755865,426.0,16.0,245.0,for_sale,2026-08-10T08:50:57.266722,1.0,2.0
8241757552,2999039193,FOR_SALE,585000,,3.0,2.0,1730.0,8930.0,1978.0,SINGLE_FAMILY,"12212 Scribe Dr, Austin, TX, 78759",Austin,TX,78759,30.4165,-97.714069,0.0,10.0,338.0,for_sale,2026-08-10T08:50:57.266722,2.0,1.0
7915421436,2999297108,FOR_SALE,1849900,,4.0,3.0,3010.0,11008.0,1972.0,SINGLE_FAMILY,"4502 Mountain Path Dr, Austin, TX, 78759",Austin,TX,78759,30.385033,-97.756069,0.0,4.0,615.0,for_sale,2026-08-10T08:50:57.266722,2.0,2.0
9636823925,2991818253,PENDING,350000,,2.0,2.0,987.0,4966.0,1983.0,CONDOS,"8142 Ceberry Dr Unit B, Austin, TX, 78759",Austin,TX,78759,30.368555,-97.748332,,167.0,355.0,for_sale,2026-08-10T08:50:57.266722,1.0,1.0
8018571822,2998009114,FOR_SALE,496500,,3.0,2.0,1183.0,7083.0,1973.0,SINGLE_FAMILY,"4901 Powder River Rd, Austin, TX, 78759",Austin,TX,78759,30.41398,-97.738855,0.0,38.0,420.0,for_sale,2026-08-10T08:50:57.266722,2.0,1.0
8093903106,2997656776,FOR_SALE,565000,,4.0,2.0,1730.0,9583.0,1975.0,SINGLE_FAMILY,"11012 Alhambra Dr, Austin, TX, 78759",Austin,TX,78759,30.40168,-97.733168,58.0,45.0,327.0,for_sale,2026-08-10T08:50:57.266722,2.0,1.0
7259257792,2993655664,FOR_SALE,599000,,2.0,2.0,2081.0,3681.0,1974.0,TOWNHOMES,"8107 Middle Ct, Austin, TX, 78759",Austin,TX,78759,30.37165,-97.748533,300.0,117.0,288.0,for_sale,2026-08-10T08:50:57.266722,2.0,1.0
8143684108,2991524861,PENDING,699000,,3.0,2.0,2456.0,5802.0,1989.0,SINGLE_FAMILY,"5725 Misty Hill Cv, Austin, TX, 78759",Austin,TX,78759,30.403276,-97.762146,20.0,178.0,285.0,for_sale,2026-08-10T08:50:57.266722,2.0,2.0
7565639295,2998840454,PENDING,649000,,3.0,2.0,1563.0,8799.0,1964.0,SINGLE_FAMILY,"7906 Northforest Dr, Austin, TX, 78759",Austin,TX,78759,30.363613,-97.745283,0.0,17.0,415.0,for_sale,2026-08-10T08:50:57.266722,2.0,1.0
8509980319,2997339617,FOR_SALE,399900,,2.0,2.0,1223.0,4591.0,1982.0,CONDOS,"3809 Spicewood Springs Rd Apt 127, Austin, TX, 78759",Austin,TX,78759,30.365201,-97.751142,582.0,54.0,327.0,for_sale,2026-08-10T08:50:57.266722,,1.0
8913859341,2998351929,PENDING,798000,,4.0,2.0,2137.0,9740.0,1983.0,SINGLE_FAMILY,"11510 Autumn Ridge Dr, Austin, TX, 78759",Austin,TX,78759,30.422451,-97.761445,0.0,30.0,373.0,for_sale,2026-08-10T08:50:57.266722,2.0,1.0
8548777130,2995414327,FOR_SALE,1195000,,3.0,2.0,2584.0,47916.0,1991.0,SINGLE_FAMILY,"8506 Walhill Cv, Austin, TX, 78759",Austin,TX,78759,30.382362,-97.75557,0.0,87.0,462.0,for_sale,2026-08-10T08:50:57.266722,2.0,1.0
8795114273,2991562210,FOR_SALE,250000,,2.0,2.0,1056.0,3324.0,1977.0,CONDOS,"4159 Steck Ave Unit 258, Austin, TX, 78759",Austin,TX,78759,30.375407,-97.75824,312.0,177.0,237.0,for_sale,2026-08-10T08:50:57.266722,,1.0
7764838536,2997717495,PENDING,1399000,,4.0,2.0,2976.0,13347.0,1988.0,SINGLE_FAMILY,"7402 Blue Beach Cv, Austin, TX, 78759",Austin,TX,78759,30.414825,-97.776677,4.0,44.0,470.0,for_sale,2026-08-10T08:50:57.266722,2.0,2.0
8778569448,2997479404,FOR_SALE,969000,,4.0,3.0,3458.0,11631.0,1994.0,SINGLE_FAMILY,"10609 Skyflower Dr, Austin, TX, 78759",Austin,TX,78759,30.416518,-97.775541,4.0,51.0,280.0,for_sale,2026-08-10T08:50:57.266722,2.0,2.0
9523363693,2993421101,PENDING,395000,,2.0,2.0,1079.0,4574.0,1981.0,TOWNHOMES,"4508 Smooth Oak Dr Unit 1, Austin, TX, 78759",Austin,TX,78759,30.386854,-97.755096,,123.0,366.0,for_sale,2026-08-10T08:50:57.266722,1.0,1.0
7835232128,2991519702,FOR_SALE,294900,,2.0,2.0,1022.0,3594.0,1998.0,CONDOS,"9525 N Capital of Texas Hwy Unit 635, Austin, TX, 78759",Austin,TX,78759,30.308888,-97.825606,455.0,178.0,289.0,for_sale,2026-08-10T08:50:57.266722,1.0,1.0
8013934215,2997758658,PENDING,425000,,3.0,2.0,1309.0,6882.0,1979.0,SINGLE_FAMILY,"3411 Ambleside Dr, Austin, TX, 78759",Austin,TX,78759,30.415284,-97.715928,0.0,43.0,325.0,for_sale,2026-08-10T08:50:57.266722,2.0,1.0
8360944553,2999115486,FOR_SALE,1299000,,6.0,4.0,4490.0,27430.0,1999.0,SINGLE_FAMILY,"8204 Texas Plume Rd, Austin, TX, 78759",Austin,TX,78759,30.425351,-97.783796,0.0,9.0,289.0,for_sale,2026-08-10T08:50:57.266722,2.0,2.0
8188149194,2994088187,FOR_SALE,549999,,3.0,2.0,2183.0,7449.0,1984.0,SINGLE_FAMILY,"5810 Secrest Dr, Austin, TX, 78759",Austin,TX,78759,30.422571,-97.751018,0.0,114.0,252.0,for_sale,2026-08-10T08:50:57.266722,,1.0
8284350262,2995345864,FOR_SALE,530000,,2.0,2.0,1769.0,3354.0,1974.0,TOWNHOMES,"8113 East Ct, Austin, TX, 78759",Austin,TX,78759,30.371591,-97.747723,320.0,88.0,300.0,for_sale,2026-08-10T08:50:57.266722,2.0,1.0
8686238964,2996073975,PENDING,839000,,4.0,2.0,2038.0,9374.0,1980.0,SINGLE_FAMILY,"7117 Vallecito Dr, Austin, TX, 78759",Austin,TX,78759,30.420845,-97.770046,0.0,74.0,412.0,for_sale,2026-08-10T08:50:57.266722,2.0,1.0
7759303581,2995569443,FOR_SALE,569000,,3.0,2.0,1402.0,9313.0,1969.0,SINGLE_FAMILY,"8005 Northforest Dr, Austin, TX, 78759",Austin,TX,78759,30.364206,-97.744482,0.0,83.0,406.0,for_sale,2026-08-10T08:50:57.266722,2.0,1.0
7721261167,2996204619,PENDING,745000,,3.0,2.0,1798.0,8503.0,1982.0,SINGLE_FAMILY,"7413 Fireoak Dr, Austin, TX, 78759",Austin,TX,78759,30.421478,-97.771882,0.0,72.0,414.0,for_sale,2026-08-10T08:50:57.266722,2.0,1.0
8385115628,2993429167,FOR_SALE,1050000,,4.0,2.0,3966.0,8747.0,1999.0,SINGLE_FAMILY,"10106 Dianella Ln, Austin, TX, 78759",Austin,TX,78759,30.409656,-97.774516,8.0,123.0,265.0,for_sale,2026-08-10T08:50:57.266722,3.0,2.0
8375521834,2996402587,PENDING,499000,,4.0,2.0,1932.0,7135.0,1973.0,SINGLE_FAMILY,"11505 Natrona Cv, Austin, TX, 78759",Austin,TX,78759,30.412361,-97.742912,0.0,68.0,258.0,for_sale,2026-08-10T08:50:57.266722,,1.0
8815481441,2998584459,FOR_SALE,670000,,3.0,2.0,1888.0,5898.0,1985.0,SINGLE_FAMILY,"3702 Terrina St Unit O15, Austin, TX, 78759",Austin,TX,78759,30.368566,-97.749672,345.0,24.0,355.0,for_sale,2026-08-10T08:50:57.266722,2.0,2.0
8286266202,2994460725,PENDING,442000,,3.0,2.0,1273.0,6011.0,1972.0,SINGLE_FAMILY,"11612 Fast Horse Dr, Austin, TX, 78759",Austin,TX,78759,30.413535,-97.740846,0.0,32.0,347.0,for_sale,2026-08-10T08:50:57.266722,2.0,1.0
8667710606,2997805187,FOR_SALE,650000,,3.0,2.0,1773.0,9235.0,1972.0,SINGLE_FAMILY,"11307 Alhambra Dr, Austin, TX, 78759",Austin,TX,78759,30.40619,-97.736774,57.0,42.0,367.0,for_sale,2026-08-10T08:50:57.266722,2.0,1.0
8672286980,2994099391,FOR_SALE,849000,,4.0,3.0,2903.0,8276.0,1996.0,SINGLE_FAMILY,"6220 Harrogate Dr, Austin, TX, 78759",Austin,TX,78759,30.418227,-97.760454,0.0,113.0,292.0,for_sale,2026-08-10T08:50:57.266722,2.0,2.0
8776072630,2996139258,FOR_SALE,615000,,4.0,2.0,2352.0,23235.0,1980.0,SINGLE_FAMILY,"10506 Yucca Dr, Austin, TX, 78759",Austin,TX,78759,30.419818,-97.784409,0.0,73.0,261.0,for_sale,2026-08-10T08:50:57.266722,2.0,2.0
9153326713,2992929340,FOR_SALE,274000,,2.0,1.0,979.0,5850.0,1985.0,CONDOS,"4711 Spicewood Springs Rd Unit 8-146, Austin, TX, 78759",Austin,TX,78759,30.374359,-97.764038,475.0,137.0,280.0,for_sale,2026-08-10T08:50:57.266722,,1.0
7754584593,2997438972,FOR_SALE,180000,,2.0,2.0,1069.0,2069.0,1982.0,CONDOS,"11970 Jollyville Rd Apt 103, Austin, TX, 78759",Austin,TX,78759,30.426585,-97.758759,423.0,52.0,168.0,for_sale,2026-08-10T08:50:57.266722,1.0,1.0
8448227687,2993635281,PENDING,565000,,3.0,2.0,1643.0,7405.0,1983.0,SINGLE_FAMILY,"4209 Red Cloud Dr, Austin, TX, 78759",Austin,TX,78759,30.410032,-97.730723,0.0,117.0,344.0,for_sale,2026-08-10T08:50:57.266722,2.0,1.0
7325591842,2997463639,CONTINGENT,189000,,2.0,2.0,1046.0,2047.0,1982.0,CONDOS,"11970 Jollyville Rd Apt 205, Austin, TX, 78759",Austin,TX,78759,30.426585,-97.758759,420.0,51.0,181.0,for_sale,2026-08-10T08:50:57.266722,,1.0
8936425197,2988985581,FOR_SALE,3990000,,4.0,4.0,4804.0,133141.0,1961.0,SINGLE_FAMILY,"4101 Spicewood Springs Rd, Austin, TX, 78759",Austin,TX,78759,30.367455,-97.755496,0.0,257.0,831.0,for_sale,2026-08-10T08:50:57.266722,4.0,1.0
7134884527,2999058036,FOR_SALE,279000,,2.0,2.0,1048.0,,1977.0,CONDOS,"4159 Steck Ave Unit 225, Austin, TX, 78759",Austin,TX,78759,30.375407,-97.75824,342.0,10.0,266.0,for_sale,2026-08-10T08:50:57.266722,,1.0
9842621049,2994961744,FOR_SALE,524900,,3.0,2.0,1360.0,11465.0,1965.0,SINGLE_FAMILY,"11508 Bell Ave, Austin, TX, 78759",Austin,TX,78759,30.417937,-97.75429,0.0,94.0,386.0,for_sale,2026-08-10T08:50:57.266722,2.0,1.0
8510527936,2992052938,FOR_SALE,920000,,3.0,2.0,3100.0,9692.0,1993.0,SINGLE_FAMILY,"9402 Bluegrass Dr, Austin, TX, 78759",Austin,TX,78759,30.398706,-97.767842,,160.0,297.0,for_sale,2026-08-10T08:50:57.266722,2.0,2.0
7695105734,2998296171,FOR_SALE,725000,,4.0,2.0,1816.0,10106.0,1980.0,SINGLE_FAMILY,"3602 Serena Woods Ct, Austin, TX, 78759",Austin,TX,78759,30.374185,-97.742194,0.0,31.0,399.0,for_sale,2026-08-10T08:50:57.266722,2.0,1.0
7841550035,2990494121,FOR_SALE,249000,,1.0,1.0,792.0,2783.0,1982.0,CONDOS,"3809 Spicewood Springs Rd Apt 150, Austin, TX, 78759",Austin,TX,78759,30.365201,-97.751142,317.0,200.0,314.0,for_sale,2026-08-10T08:50:57.266722,,1.0
7109838849,2997288367,FOR_SALE,1725000,,5.0,4.0,3705.0,9235.0,2022.0,SINGLE_FAMILY,"6905 Rudi Cv, Austin, TX, 78759",Austin,TX,78759,30.413255,-97.772064,0.0,55.0,466.0,for_sale,2026-08-10T08:50:57.266722,2.0,2.0
8506107626,2995437379,FOR_SALE,365000,,2.0,2.0,1144.0,5902.0,1982.0,CONDOS,"8200 Neely Dr Apt 154, Austin, TX, 78759",Austin,TX,78759,30.377036,-97.760232,561.0,86.0,319.0,for_sale,2026-08-10T08:50:57.266722,,1.0
8704794254,2997394281,FOR_SALE,398500,,3.0,2.0,1223.0,4591.0,1982.0,CONDOS,"3809 Spicewood Springs Rd Apt 137, Austin, TX, 78759",Austin,TX,78759,30.365201,-97.751142,582.0,53.0,326.0,for_sale,2026-08-10T08:50:57.266722,,1.0
8147844411,2995237379,FOR_SALE,799000,,5.0,3.0,3068.0,10476.0,1981.0,SINGLE_FAMILY,"11506D K Ranch Rd, Austin, TX, 78759",Austin,TX,78759,30.427517,-97.772589,0.0,89.0,260.0,for_sale,2026-08-10T08:50:57.266722,2.0,2.0
7471371837,2991745166,FOR_SALE,370000,,2.0,2.0,1283.0,6665.0,1982.0,CONDOS,"8200 Neely Dr Apt 214, Austin, TX, 78759",Austin,TX,78759,30.377036,-97.760232,629.0,170.0,288.0,for_sale,2026-08-10T08:50:57.266722,,2.0
7818252430,2997629857,PENDING,300000,,2.0,2.0,1403.0,5837.0,1985.0,CONDOS,"4711 Spicewood Springs Rd Unit 283, Austin, TX, 78759",Austin,TX,78759,30.374351,-97.764101,475.0,46.0,214.0,for_sale,2026-08-10T08:50:57.266722,,2.0
8344949759,2996346134,FOR_SALE,275999,,2.0,2.0,1183.0,4177.0,1998.0,CONDOS,"9525 N Capital of Tx Hwy Unit 636, Austin, TX, 78759",Austin,TX,78759,30.387545,-97.7495664,527.0,69.0,233.0,for_sale,2026-08-10T08:50:57.266722,1.0,1.0
7078200063,2997675781,FOR_SALE,995000,,4.0,3.0,3845.0,10062.0,1992.0,SINGLE_FAMILY,"6008 Tributary Ridge Ct, Austin, TX, 78759",Austin,TX,78759,30.411425,-97.761774,7.0,45.0,259.0,for_sale,2026-08-10T08:50:57.266722,2.0,2.0
9621391605,2996138784,FOR_SALE,699000,,6.0,4.0,2388.0,7989.0,1976.0,MULTI_FAMILY,"4008 Cima Serena /B Dr Unit A, Austin, TX, 78759",Austin,TX,78759,30.377083,-97.752235,0.0,73.0,293.0,for_sale,2026-08-10T08:50:57.266722,,2.0
7326136677,2997727291,PENDING,429000,,2.0,2.0,1674.0,3297.0,1978.0,TOWNHOMES,"8216 Summer Side Dr, Austin, TX, 78759",Austin,TX,78759,30.370899,-97.745987,300.0,44.0,256.0,for_sale,2026-08-10T08:50:57.266722,2.0,2.0
7745112227,2995748093,FOR_SALE,150000,,1.0,1.0,598.0,1281.0,1982.0,CONDOS,"8888 Tallwood Dr Apt 2307, Austin, TX, 78759",Austin,TX,78759,30.377219,-97.74009,276.0,80.0,251.0,for_sale,2026-08-10T08:50:57.266722,,1.0
8276119533,2992251288,FOR_SALE,189900,,2.0,2.0,916.0,1973.0,1982.0,CONDOS,"8888 Tallwood Dr Apt 2109, Austin, TX, 78759",Austin,TX,78759,30.377219,-97.74009,423.0,155.0,207.0,for_sale,2026-08-10T08:50:57.266722,,1.0
7904294510,2994407229,FOR_SALE,799900,,4.0,2.0,2192.0,9283.0,1985.0,SINGLE_FAMILY,"11002 Sierra Verde Trl, Austin, TX, 78759",Austin,TX,78759,30.414988,-97.760557,0.0,109.0,365.0,for_sale,2026-08-10T08:50:57.266722,2.0,2.0
8193759018,2996349400,PENDING,439000,,4.0,2.0,1454.0,6678.0,1979.0,SINGLE_FAMILY,"3507 Ambleside Dr, Austin, TX, 78759",Austin,TX,78759,30.41571,-97.716947,0.0,69.0,302.0,for_sale,2026-08-10T08:50:57.266722,2.0,1.0
8926380697,2997224657,PENDING,463932,,4.0,2.0,1578.0,,1978.0,SINGLE_FAMILY,"11401 Windermere Mdw, Austin, TX, 78759",Austin,TX,78759,30.426362,-97.773722,0.0,58.0,294.0,for_sale,2026-08-10T08:50:57.266722,2.0,2.0
8632700033,2997279510,FOR_SALE,799000,,3.0,2.0,2442.0,12850.0,1976.0,SINGLE_FAMILY,"8804 Mountain Path Cir, Austin, TX, 78759",Austin,TX,78759,30.385385,-97.757958,0.0,56.0,327.0,for_sale,2026-08-10T08:50:57.266722,1.0,2.0
9644718006,2989650334,FOR_SALE,769000,,3.0,2.0,2537.0,,2019.0,CONDOS,"4323 Spicewood Springs Rd Unit 9, Austin, TX, 78759",Austin,TX,78759,30.370944,-97.759597,367.0,230.0,303.0,for_sale,2026-08-10T08:50:57.266722,1.0,2.0
8058717759,2994983911,FOR_SALE,775000,,3.0,2.0,2139.0,17433.0,1992.0,SINGLE_FAMILY,"8910 Spicebrush Dr, Austin, TX, 78759",Austin,TX,78759,30.395778,-97.773055,38.0,94.0,362.0,for_sale,2026-08-10T08:50:57.266722,2.0,2.0
8565273715,2998266452,SOLD,699900,,4.0,2.0,2232.0,8407.0,1992.0,SINGLE_FAMILY,"6104 Colina Ln, Austin, TX, 78759",Austin,TX,78759,30.416402,-97.759941,0.0,29.0,,sold,2026-08-10T08:51:01.402822,2.0,1.0
7344541864,2997547078,SOLD,674900,,4.0,2.0,2402.0,10646.0,1982.0,SINGLE_FAMILY,"11505 D K Ranch Rd, Austin, TX, 78759",Austin,TX,78759,30.427073,-97.772394,0.0,43.0,,sold,2026-08-10T08:51:01.402822,2.0,1.0
7031456160,2997680112,SOLD,689900,,4.0,2.0,2432.0,15072.0,1984.0,SINGLE_FAMILY,"11603 Buttonwood Dr, Austin, TX, 78759",Austin,TX,78759,30.421361,-97.758627,0.0,38.0,,sold,2026-08-10T08:51:01.402822,2.0,2.0
8876511682,2997052138,SOLD,650000,,4.0,2.0,2154.0,10903.0,1978.0,SINGLE_FAMILY,"11405 Pyreneese Dr, Austin, TX, 78759",Austin,TX,78759,30.409444,-97.740889,87.0,49.0,,sold,2026-08-10T08:51:01.402822,2.0,2.0
7738752376,2996640551,SOLD,875000,,4.0,2.0,2297.0,13717.0,1982.0,SINGLE_FAMILY,"10710 Bayridge Cv, Austin, TX, 78759",Austin,TX,78759,30.415144,-97.768751,0.0,55.0,,sold,2026-08-10T08:51:01.402822,2.0,1.0
8573501264,2997677345,SOLD,1250000,,4.0,2.0,2189.0,9958.0,1980.0,SINGLE_FAMILY,"4202 Flagstaff Dr, Austin, TX, 78759",Austin,TX,78759,30.407064,-97.733453,58.0,33.0,,sold,2026-08-10T08:51:01.402822,2.0,1.0
8751750471,2997349431,SOLD,475000,,3.0,2.0,1502.0,7331.0,1981.0,SINGLE_FAMILY,"3701 Gable Dr, Austin, TX, 78759",Austin,TX,78759,30.419673,-97.715766,0.0,42.0,,sold,2026-08-10T08:51:01.402822,2.0,1.0
7254735131,2992217246,SOLD,685000,,3.0,3.0,1908.0,6957.0,1976.0,SINGLE_FAMILY,"8504 Tallwood Dr, Austin, TX, 78759",Austin,TX,78759,30.376984,-97.749594,0.0,143.0,,sold,2026-08-10T08:51:01.402822,2.0,2.0
8384761678,2995389732,SOLD,1150000,,4.0,3.0,2347.0,10237.0,1966.0,SINGLE_FAMILY,"7906 Havenwood Dr, Austin, TX, 78759",Austin,TX,78759,30.36408,-97.747209,0.0,73.0,,sold,2026-08-10T08:51:01.402822,2.0,1.0
7338534343,2990231812,SOLD,609900,,3.0,2.0,1656.0,8843.0,1983.0,SINGLE_FAMILY,"5828 Secrest Dr, Austin, TX, 78759",Austin,TX,78759,30.422084,-97.752421,0.0,194.0,,sold,2026-08-10T08:51:01.402822,2.0,1.0
7470847485,2997715737,SOLD,179000,,2.0,1.0,802.0,2614.0,1983.0,CONDOS,"9226 Jollyville Rd Apt 131, Austin, TX, 78759",Austin,TX,78759,30.384184,-97.745749,318.0,30.0,,sold,2026-08-10T08:51:01.402822,,1.0
8006530918,2996573742,SOLD,310000,,2.0,2.0,1183.0,4177.0,1998.0,CONDOS,"9525 N Capital of Tx Hwy Unit 321, Austin, TX, 78759",Austin,TX,78759,30.308888,-97.825606,550.0,49.0,,sold,2026-08-10T08:51:01.402822,1.0,1.0
7869569805,2996595849,SOLD,375000,,2.0,1.0,1590.0,9958.0,2004.0,CONDOS,"10300 Morado Cv Apt 904, Austin, TX, 78759",Austin,TX,78759,30.402004,-97.755865,426.0,49.0,,sold,2026-08-10T08:51:01.402822,1.0,2.0
8025334292,2998926330,SOLD,699000,,3.0,2.0,1927.0,8756.0,1979.0,SINGLE_FAMILY,"6705 Colina Ln, Austin, TX, 78759",Austin,TX,78759,30.419646,-97.765732,0.0,,,sold,2026-08-10T08:51:01.402822,2.0,1.0
8877216769,2997630973,SOLD,429900,,2.0,2.0,1564.0,,1985.0,CONDOS,"4711 Spicewood Springs Rd Unit 254, Austin, TX, 78759",Austin,TX,78759,30.374352,-97.764099,475.0,28.0,,sold,2026-08-10T08:51:01.402822,,1.0
8330334693,2996553142,SOLD,795000,,4.0,3.0,2772.0,10768.0,1984.0,SINGLE_FAMILY,"5710 Painted Valley Dr, Austin, TX, 78759",Austin,TX,78759,30.407818,-97.758665,13.0,48.0,,sold,2026-08-10T08:51:01.402822,2.0,2.0
7503529747,2992172089,SOLD,825000,,4.0,3.0,3247.0,14231.0,1993.0,SINGLE_FAMILY,"6002 Rain Creek Pkwy, Austin, TX, 78759",Austin,TX,78759,30.408746,-97.763368,,138.0,,sold,2026-08-10T08:51:01.402822,2.0,2.0
8332496117,2994085330,SOLD,1260000,,5.0,2.0,4190.0,17598.0,2001.0,SINGLE_FAMILY,"6003 Rain Creek Pkwy, Austin, TX, 78759",Austin,TX,78759,30.408599,-97.764082,31.0,94.0,,sold,2026-08-10T08:51:01.402822,2.0,2.0
7620774700,2998172565,SOLD,699000,,4.0,3.0,1903.0,11692.0,1969.0,SINGLE_FAMILY,"8821 Silverarrow Cir, Austin, TX, 78759",Austin,TX,78759,30.381425,-97.745212,0.0,13.0,,sold,2026-08-10T08:51:01.402822,2.0,1.0
8950931250,2996759853,SOLD,1075000,,4.0,2.0,2940.0,9683.0,1993.0,SINGLE_FAMILY,"6006 Sierra Arbor Ct, Austin, TX, 78759",Austin,TX,78759,30.410682,-97.762141,7.0,39.0,,sold,2026-08-10T08:51:01.402822,2.0,2.0
8771768307,2996623134,SOLD,275000,,2.0,2.0,1050.0,3258.0,1977.0,CONDOS,"4159 Steck Ave Unit 163, Austin, TX, 78759",Austin,TX,78759,30.375407,-97.75824,343.0,40.0,,sold,2026-08-10T08:51:01.402822,,1.0
8489870192,2995449174,SOLD,750000,,4.0,2.0,2289.0,9797.0,1994.0,SINGLE_FAMILY,"11039 Galleria Cv, Austin, TX, 78759",Austin,TX,78759,30.414953,-97.758598,0.0,61.0,,sold,2026-08-10T08:51:01.402822,2.0,1.0
7421737301,2995244591,SOLD,749900,,4.0,2.0,2009.0,12802.0,1964.0,SINGLE_FAMILY,"8618 Willowick Dr, Austin, TX, 78759",Austin,TX,78759,30.376559,-97.743494,0.0,63.0,,sold,2026-08-10T08:51:01.402822,2.0,1.0
8024700771,2995394562,SOLD,750000,,4.0,2.0,2116.0,10245.0,1983.0,SINGLE_FAMILY,"6523 Heron Dr, Austin, TX, 78759",Austin,TX,78759,30.418121,-97.764215,0.0,61.0,,sold,2026-08-10T08:51:01.402822,2.0,2.0
8660553956,2995049276,SOLD,448300,,3.0,2.0,1137.0,6752.0,1972.0,SINGLE_FAMILY,"11609 Fast Horse Dr, Austin, TX, 78759",Austin,TX,78759,30.413113,-97.740629,0.0,66.0,,sold,2026-08-10T08:51:01.402822,2.0,1.0
7376253072,2993496819,SOLD,1085000,,4.0,2.0,2765.0,21475.0,1994.0,SINGLE_FAMILY,"10619 Skyflower Dr, Austin, TX, 78759",Austin,TX,78759,30.417063,-97.776836,4.0,94.0,,sold,2026-08-10T08:51:01.402822,3.0,2.0
7073814758,2997239129,SOLD,1175000,,4.0,3.0,2598.0,9853.0,1970.0,SINGLE_FAMILY,"8710 Silverhill Ln, Austin, TX, 78759",Austin,TX,78759,30.380375,-97.747306,0.0,30.0,,sold,2026-08-10T08:51:01.402822,,2.0
7450454821,2996534732,SOLD,474999,,2.0,2.0,1571.0,3049.0,1976.0,SINGLE_FAMILY,"8350 Summerwood Dr, Austin, TX, 78759",Austin,TX,78759,30.373252,-97.746082,273.0,36.0,,sold,2026-08-10T08:51:01.402822,2.0,2.0
7457487232,2995354776,SOLD,449000,,3.0,2.0,1485.0,6843.0,1980.0,SINGLE_FAMILY,"11131 Henge Dr, Austin, TX, 78759",Austin,TX,78759,30.422959,-97.774346,0.0,56.0,,sold,2026-08-10T08:51:01.402822,2.0,1.0
7831014076,2994522424,SOLD,367900,,2.0,2.0,1220.0,6321.0,1982.0,CONDOS,"8200 Neely Dr Apt 242, Austin, TX, 78759",Austin,TX,78759,30.377036,-97.760232,629.0,75.0,,sold,2026-08-10T08:51:01.402822,,2.0
7558589734,2997544417,SOLD,879900,,3.0,2.0,2180.0,18326.0,1975.0,SINGLE_FAMILY,"11101 Yucca Dr, Austin, TX, 78759",Austin,TX,78759,30.424117,-97.780245,0.0,16.0,,sold,2026-08-10T08:51:01.402822,2.0,1.0
7569232202,2992149548,SOLD,1100000,,4.0,2.0,2452.0,10119.0,1978.0,SINGLE_FAMILY,"8600 Appalachian Dr, Austin, TX, 78759",Austin,TX,78759,30.383298,-97.759563,0.0,124.0,,sold,2026-08-10T08:51:01.402822,2.0,2.0
8861349518,2993195637,SOLD,1440000,,4.0,2.0,3132.0,15146.0,1986.0,SINGLE_FAMILY,"6506 Staghorn Cv, Austin, TX, 78759",Austin,TX,78759,30.40827,-97.771028,0.0,96.0,,sold,2026-08-10T08:51:01.402822,2.0,2.0
7750042551,2995804751,SOLD,600000,,3.0,2.0,2191.0,11604.0,1976.0,SINGLE_FAMILY,"11002 Alhambra Dr, Austin, TX, 78759",Austin,TX,78759,30.401109,-97.732029,58.0,45.0,,sold,2026-08-10T08:51:01.402822,2.0,1.0
7983463114,2996862620,SOLD,425000,,,,,10890.0,,LAND,"Austin, TX, 78759",Austin,TX,78759,30.414989,-97.767409,42.0,27.0,,sold,2026-08-10T08:51:01.402822,,
7055230578,2994368358,SOLD,649970,,3.0,2.0,1769.0,12066.0,1983.0,SINGLE_FAMILY,"11522 Antigua Dr, Austin, TX, 78759",Austin,TX,78759,30.426607,-97.771032,0.0,75.0,,sold,2026-08-10T08:51:01.402822,2.0,1.0
7283535407,2995372310,SOLD,899900,,5.0,4.0,2980.0,12981.0,1994.0,SINGLE_FAMILY,"5828 Taylor Draper Cv, Austin, TX, 78759",Austin,TX,78759,30.416277,-97.756419,0.0,52.0,,sold,2026-08-10T08:51:01.402822,2.0,2.0
7662698885,2997417436,SOLD,825000,,4.0,2.0,2063.0,10707.0,1979.0,SINGLE_FAMILY,"4008 Balcones Woods Dr, Austin, TX, 78759",Austin,TX,78759,30.406006,-97.731457,59.0,17.0,,sold,2026-08-10T08:51:01.402822,2.0,1.0
8991651033,2996556125,SOLD,1390000,,5.0,3.0,3254.0,11369.0,1968.0,SINGLE_FAMILY,"8829 Silverarrow Cir, Austin, TX, 78759",Austin,TX,78759,30.381389,-97.745794,0.0,27.0,,sold,2026-08-10T08:51:01.402822,2.0,1.0
8644238227,2994662271,SOLD,1100000,,3.0,2.0,2735.0,33145.0,1980.0,SINGLE_FAMILY,"5307 Musket Rdg, Austin, TX, 78759",Austin,TX,78759,30.396349,-97.758779,10.0,61.0,,sold,2026-08-10T08:51:01.402822,2.0,1.0
8349675717,2995008414,SOLD,779000,,4.0,2.0,2453.0,7497.0,1990.0,SINGLE_FAMILY,"6601 Strutton Cv, Austin, TX, 78759",Austin,TX,78759,30.408938,-97.77016,0.0,48.0,,sold,2026-08-10T08:51:01.402822,2.0,2.0
8662761420,2994022567,SOLD,1074500,,4.0,3.0,2801.0,26694.0,1983.0,SINGLE_FAMILY,"10700 Windridge Dr, Austin, TX, 78759",Austin,TX,78759,30.415797,-97.772199,0.0,70.0,,sold,2026-08-10T08:51:01.402822,2.0,2.0
8118149569,2985893809,SOLD,450000,,3.0,2.0,1496.0,8433.0,1980.0,SINGLE_FAMILY,"12208 Forsythe Dr, Austin, TX, 78759",Austin,TX,78759,30.416095,-97.715032,0.0,298.0,,sold,2026-08-10T08:51:01.402822,2.0,1.0
7441904319,2992783472,SOLD,175000,,2.0,1.0,983.0,,1983.0,CONDOS,"11301 Jollyville Rd Apt A3, Austin, TX, 78759",Austin,TX,78759,30.410613,-97.747152,435.0,96.0,,sold,2026-08-10T08:51:01.402822,,2.0
8890850480,2995353850,SOLD,224000,,1.0,1.0,801.0,4169.0,1982.0,CONDOS,"8200 Neely Dr Apt 125, Austin, TX, 78759",Austin,TX,78759,30.377036,-97.760232,392.0,41.0,,sold,2026-08-10T08:51:01.402822,,1.0
8502381032,2995749606,SOLD,1275000,,3.0,2.0,2105.0,14505.0,1968.0,SINGLE_FAMILY,"8612 Mesa Dr, Austin, TX, 78759",Austin,TX,78759,30.380035,-97.751884,0.0,33.0,,sold,2026-08-10T08:51:01.402822,2.0,1.0
7758606350,2992548576,SOLD,1199000,,4.0,2.0,2361.0,12837.0,1968.0,SINGLE_FAMILY,"8610 Mesa Dr, Austin, TX, 78759",Austin,TX,78759,30.379891,-97.752159,0.0,101.0,,sold,2026-08-10T08:51:01.402822,2.0,1.0
8816761965,2995780663,SOLD,799950,,4.0,2.0,1623.0,12807.0,1971.0,SINGLE_FAMILY,"8009 Hillrise Dr, Austin, TX, 78759",Austin,TX,78759,30.369085,-97.752624,0.0,33.0,,sold,2026-08-10T08:51:01.402822,2.0,1.0
7341324214,2995487439,SOLD,718900,,3.0,2.0,1744.0,8712.0,1972.0,SINGLE_FAMILY,"4411 Bilboa Dr, Austin, TX, 78759",Austin,TX,78759,30.404886,-97.739807,87.0,37.0,,sold,2026-08-10T08:51:01.402822,2.0,1.0
8158949662,2996062771,SOLD,725000,,4.0,2.0,2210.0,9923.0,1975.0,SINGLE_FAMILY,"11904 Buckingham Rd, Austin, TX, 78759",Austin,TX,78759,30.43115,-97.769734,0.0,26.0,,sold,2026-08-10T08:51:01.402822,2.0,2.0
7506715542,2996691194,SOLD,530000,,3.0,2.0,1690.0,21519.0,1978.0,SINGLE_FAMILY,"8303 Cliffview Dr, Austin, TX, 78759",Austin,TX,78759,30.425355,-97.782387,0.0,15.0,,sold,2026-08-10T08:51:01.402822,2.0,1.0
8480682623,2992963102,SOLD,495000,,3.0,2.0,1503.0,8102.0,1978.0,SINGLE_FAMILY,"3200 Spaniel Dr, Austin, TX, 78759",Austin,TX,78759,30.417465,-97.711684,0.0,87.0,,sold,2026-08-10T08:51:01.402822,2.0,2.0
7351198403,2986959361,SOLD,850000,,4.0,3.0,2882.0,,2019.0,CONDOS,"4323 Spicewood Springs Rd Unit 1, Austin, TX, 78759",Austin,TX,78759,30.370944,-97.759597,540.0,262.0,,sold,2026-08-10T08:51:01.402822,2.0,2.0
7581806416,2995349621,SOLD,800000,,4.0,3.0,2267.0,14388.0,1994.0,SINGLE_FAMILY,"10501 Oak View Dr, Austin, TX, 78759",Austin,TX,78759,30.423067,-97.777341,0.0,35.0,,sold,2026-08-10T08:51:01.402822,2.0,1.0
8643189096,2994556971,SOLD,700000,,3.0,2.0,2200.0,13547.0,1985.0,SINGLE_FAMILY,"5714 Barker Ridge Dr, Austin, TX, 78759",Austin,TX,78759,30.409062,-97.758475,0.0,51.0,,sold,2026-08-10T08:51:01.402822,2.0,1.0
8848802971,2994683737,SOLD,485000,,2.0,2.0,1196.0,3485.0,1976.0,TOWNHOMES,"8218 Summer Place Dr, Austin, TX, 78759",Austin,TX,78759,30.372195,-97.746585,256.0,48.0,,sold,2026-08-10T08:51:01.402822,2.0,1.0
7351906456,2992507314,SOLD,725000,,3.0,2.0,2580.0,,2019.0,CONDOS,"4323 Spicewood Springs Rd Unit 2, Austin, TX, 78759",Austin,TX,78759,30.370944,-97.759597,507.0,96.0,,sold,2026-08-10T08:51:01.402822,1.0,2.0
7126387892,2992319427,SOLD,389000,,3.0,2.0,1427.0,4487.0,1977.0,CONDOS,"4159 Steck Ave Unit 107, Austin, TX, 78759",Austin,TX,78759,30.375407,-97.75824,466.0,99.0,,sold,2026-08-10T08:51:01.402822,,2.0
8183155558,2995465643,SOLD,995000,,5.0,2.0,3428.0,30592.0,1972.0,SINGLE_FAMILY,"11929 Arabian Trl, Austin, TX, 78759",Austin,TX,78759,30.423669,-97.7509,0.0,33.0,,sold,2026-08-10T08:51:01.402822,4.0,2.0
7242393806,2995167296,SOLD,450000,,2.0,2.0,1371.0,8015.0,1998.0,SINGLE_FAMILY,"11603 Ladera Vista Dr Unit 30, Austin, TX, 78759",Austin,TX,78759,30.417441,-97.752153,250.0,36.0,,sold,2026-08-10T08:51:01.402822,2.0,1.0
8491323563,2995364640,SOLD,775000,,4.0,2.0,2366.0,11953.0,1991.0,SINGLE_FAMILY,"6303 Amberly Pl, Austin, TX, 78759",Austin,TX,78759,30.410573,-97.765522,31.0,32.0,,sold,2026-08-10T08:51:01.402822,2.0,1.0
7341832823,2996188449,SOLD,865000,,4.0,3.0,2350.0,9178.0,2000.0,SINGLE_FAMILY,"6403 Copperlily Cv, Austin, TX, 78759",Austin,TX,78759,30.397972,-97.77367,39.0,16.0,,sold,2026-08-10T08:51:01.402822,2.0,2.0
8480007129,2994083294,SOLD,1100000,,4.0,2.0,3355.0,16906.0,1979.0,SINGLE_FAMILY,"5302 Musket Rdg, Austin, TX, 78759",Austin,TX,78759,30.397002,-97.758828,2.0,58.0,,sold,2026-08-10T08:51:01.402822,2.0,1.0
7974683058,2995048128,SOLD,665000,,3.0,2.0,1822.0,8729.0,1979.0,SINGLE_FAMILY,"6701 Vallecito Dr, Austin, TX, 78759",Austin,TX,78759,30.420126,-97.76487,0.0,36.0,,sold,2026-08-10T08:51:01.402822,2.0,1.0
8887272949,2994448778,SOLD,350000,,2.0,2.0,1144.0,5902.0,1982.0,CONDOS,"8200 Neely Dr Apt 212, Austin, TX, 78759",Austin,TX,78759,30.377036,-97.760232,589.0,49.0,,sold,2026-08-10T08:51:01.402822,1.0,1.0
7247315876,2983252747,SOLD,435000,,2.0,2.0,1512.0,7850.0,1982.0,CONDOS,"8200 Neely Dr Apt 119, Austin, TX, 78759",Austin,TX,78759,30.377036,-97.760232,742.0,358.0,,sold,2026-08-10T08:51:01.402822,,1.0
8911392085,2991838263,SOLD,849000,,4.0,2.0,2651.0,9988.0,1999.0,SINGLE_FAMILY,"6702 Winnipeg Cv, Austin, TX, 78759",Austin,TX,78759,30.413031,-97.769691,0.0,107.0,,sold,2026-08-10T08:51:01.402822,2.0,2.0
7442196823,2993471820,SOLD,1100000,,5.0,4.0,4178.0,12227.0,1990.0,SINGLE_FAMILY,"6425 Yaupon Dr, Austin, TX, 78759",Austin,TX,78759,30.397907,-97.774815,39.0,63.0,,sold,2026-08-10T08:51:01.402822,2.0,2.0
7140540391,2995441302,SOLD,719000,,4.0,2.0,2216.0,11935.0,1982.0,SINGLE_FAMILY,"10804 Buckthorn Dr, Austin, TX, 78759",Austin,TX,78759,30.416897,-97.769235,0.0,25.0,,sold,2026-08-10T08:51:01.402822,2.0,1.0
7353970148,2991995099,SOLD,315000,,2.0,2.0,1475.0,3363.0,1980.0,TOWNHOMES,"11902 Barrington Way, Austin, TX, 78759",Austin,TX,78759,30.431662,-97.770723,0.0,101.0,,sold,2026-08-10T08:51:01.402822,2.0,2.0
8548739864,2994846188,SOLD,225000,,1.0,1.0,887.0,4583.0,1982.0,CONDOS,"8200 Neely Dr Apt 238, Austin, TX, 78759",Austin,TX,78759,30.377036,-97.760232,436.0,35.0,,sold,2026-08-10T08:51:01.402822,1.0,1.0
7186046662,2989414470,SOLD,425000,,2.0,2.0,1139.0,2400.0,1980.0,TOWNHOMES,"8151 Meandering Way, Austin, TX, 78759",Austin,TX,78759,30.371497,-97.75313,172.0,178.0,,sold,2026-08-10T08:51:01.402822,2.0,1.0
7559431259,2990289319,SOLD,640000,,3.0,2.0,1899.0,9209.0,1971.0,SINGLE_FAMILY,"8900 Currywood Dr, Austin, TX, 78759",Austin,TX,78759,30.383155,-97.748584,0.0,144.0,,sold,2026-08-10T08:51:01.402822,2.0,1.0
8239554857,2994757022,SOLD,1250000,,4.0,3.0,3634.0,14588.0,1990.0,SINGLE_FAMILY,"6327 Pathfinder Dr, Austin, TX, 78759",Austin,TX,78759,30.402986,-97.7716,0.0,37.0,,sold,2026-08-10T08:51:01.402822,2.0,2.0
8449376633,2994429469,SOLD,775000,,4.0,3.0,2691.0,18809.0,1975.0,SINGLE_FAMILY,"7700 Penelope Cir, Austin, TX, 78759",Austin,TX,78759,30.415607,-97.779962,0.0,42.0,,sold,2026-08-10T08:51:01.402822,3.0,1.0
8848014425,2994068503,SOLD,1100000,,4.0,2.0,2511.0,9801.0,1969.0,SINGLE_FAMILY,"8602 Silver Ridge Dr, Austin, TX, 78759",Austin,TX,78759,30.379678,-97.753428,0.0,48.0,,sold,2026-08-10T08:51:01.402822,2.0,1.0
8246358597,2995004704,SOLD,750000,,4.0,2.0,2292.0,12480.0,1976.0,SINGLE_FAMILY,"11301 Maidenstone Dr, Austin, TX, 78759",Austin,TX,78759,30.426497,-97.775868,0.0,27.0,,sold,2026-08-10T08:51:01.402822,2.0,2.0
7418517909,2994848803,SOLD,389900,,2.0,2.0,1908.0,6525.0,1974.0,SINGLE_FAMILY,"3839 Steck Ave, Austin, TX, 78759",Austin,TX,78759,30.372385,-97.751159,250.0,30.0,,sold,2026-08-10T08:51:01.402822,2.0,1.0
8264022134,2993728004,SOLD,649900,,3.0,2.0,1659.0,10062.0,1978.0,SINGLE_FAMILY,"11402 Santa Cruz Dr, Austin, TX, 78759",Austin,TX,78759,30.408081,-97.738392,57.0,50.0,,sold,2026-08-10T08:51:01.402822,2.0,1.0
7680715056,2994664374,SOLD,450000,,3.0,2.0,1520.0,11021.0,1982.0,SINGLE_FAMILY,"6511 Harrogate Dr, Austin, TX, 78759",Austin,TX,78759,30.419302,-97.762775,0.0,35.0,,sold,2026-08-10T08:51:01.402822,2.0,1.0
8430214235,2994060036,SOLD,845000,,4.0,2.0,2144.0,9352.0,1984.0,SINGLE_FAMILY,"9101 Echo Point Cv, Austin, TX, 78759",Austin,TX,78759,30.392725,-97.762546,0.0,47.0,,sold,2026-08-10T08:51:01.402822,2.0,2.0
8012033652,2992145864,SOLD,385000,,4.0,2.0,1487.0,6765.0,1979.0,SINGLE_FAMILY,"3509 Ambleside Dr, Austin, TX, 78759",Austin,TX,78759,30.415742,-97.71713,0.0,90.0,,sold,2026-08-10T08:51:01.402822,2.0,1.0
8836045943,2994007050,SOLD,1070000,,4.0,3.0,3179.0,17076.0,1983.0,SINGLE_FAMILY,"10204 Sausalito Dr, Austin, TX, 78759",Austin,TX,78759,30.407561,-97.766039,,47.0,,sold,2026-08-10T08:51:01.402822,2.0,2.0
7005496319,2993359890,SOLD,1198900,,4.0,3.0,3307.0,17137.0,1994.0,SINGLE_FAMILY,"11100 Sheba Cv, Austin, TX, 78759",Austin,TX,78759,30.424076,-97.778306,0.0,55.0,,sold,2026-08-10T08:51:01.402822,2.0,2.0
8693242941,2992563231,SOLD,745000,,3.0,2.0,1987.0,10842.0,1981.0,SINGLE_FAMILY,"3904 Cordova Dr, Austin, TX, 78759",Austin,TX,78759,30.40321,-97.731425,86.0,78.0,,sold,2026-08-10T08:51:01.402822,2.0,1.0
8650761787,2994616924,SOLD,560000,,4.0,2.0,1705.0,13595.0,1981.0,SINGLE_FAMILY,"11501 D K Ranch Rd, Austin, TX, 78759",Austin,TX,78759,30.426879,-97.772889,0.0,29.0,,sold,2026-08-10T08:51:01.402822,2.0,1.0
7137335520,2994664372,SOLD,879000,,4.0,2.0,2586.0,13329.0,1982.0,SINGLE_FAMILY,"6529 Heron Dr, Austin, TX, 78759",Austin,TX,78759,30.418686,-97.763876,0.0,28.0,,sold,2026-08-10T08:51:01.402822,2.0,2.0
8490473264,2992479977,SOLD,1195000,,4.0,3.0,3063.0,19036.0,1994.0,SINGLE_FAMILY,"6204 Greyfeather Dr, Austin, TX, 78759",Austin,TX,78759,30.39404,-97.775095,29.0,76.0,,sold,2026-08-10T08:51:01.402822,2.0,2.0
7516212608,2994469205,SOLD,1200000,,4.0,3.0,2515.0,5750.0,2013.0,SINGLE_FAMILY,"8424 Etienne Cv, Austin, TX, 78759",Austin,TX,78759,30.375697,-97.74652,75.0,33.0,,sold,2026-08-10T08:51:01.402822,2.0,2.0
8760178599,2994656801,SOLD,239000,,3.0,2.0,1427.0,4491.0,1977.0,CONDOS,"4159 Steck Ave Unit 133, Austin, TX, 78759",Austin,TX,78759,30.375407,-97.75824,466.0,27.0,,sold,2026-08-10T08:51:01.402822,,1.0
8394751060,2991885944,SOLD,519900,,3.0,2.0,1913.0,7736.0,1973.0,SINGLE_FAMILY,"11602 Big Trl, Austin, TX, 78759",Austin,TX,78759,30.412379,-97.740595,0.0,91.0,,sold,2026-08-10T08:51:01.402822,,1.0
8384850211,2992443792,SOLD,740000,,3.0,2.0,2382.0,6007.0,1982.0,SINGLE_FAMILY,"8101 Raintree Pl, Austin, TX, 78759",Austin,TX,78759,30.370546,-97.752953,172.0,75.0,,sold,2026-08-10T08:51:01.402822,2.0,2.0
8693842408,2993497891,SOLD,299000,,2.0,2.0,1183.0,4182.0,1998.0,CONDOS,"9525 N Capital of Texas Hwy Unit 616, Austin, TX, 78759",Austin,TX,78759,30.308888,-97.825606,527.0,46.0,,sold,2026-08-10T08:51:01.402822,1.0,1.0
7818904418,2998275524,FOR_SALE,698995,,4.0,2.0,2609.0,12145.0,1996.0,SINGLE_FAMILY,"17213 Crescent Heights Trl, Austin, TX, 78717",Austin,TX,78717,30.51695,-97.744044,45.0,32.0,268.0,for_sale,2026-08-10T08:51:05.262087,3.0,1.0
8700063192,2999062180,PENDING,575000,,4.0,2.0,2253.0,6255.0,2003.0,SINGLE_FAMILY,"16312 Castletroy Dr, Austin, TX, 78717",Austin,TX,78717,30.506262,-97.748821,54.0,10.0,255.0,for_sale,2026-08-10T08:51:05.262087,2.0,2.0
7530497664,2998342073,PENDING,800000,,4.0,3.0,3080.0,8320.0,2007.0,SINGLE_FAMILY,"16429 Broadbay Dr, Austin, TX, 78717",Austin,TX,78717,30.510041,-97.752138,69.0,31.0,260.0,for_sale,2026-08-10T08:51:05.262087,2.0,2.0
7948082878,2993226190,FOR_SALE,735000,,5.0,3.0,2814.0,12188.0,2014.0,SINGLE_FAMILY,"15701 Jeffs Ln, Austin, TX, 78717",Austin,TX,78717,30.496995,-97.757936,48.0,129.0,261.0,for_sale,2026-08-10T08:51:05.262087,3.0,2.0
8470620848,2996208571,FOR_SALE,455000,,4.0,3.0,2163.0,2849.0,2015.0,SINGLE_FAMILY,"10411 Turnbull Loop, Austin, TX, 78717",Austin,TX,78717,30.478827,-97.788503,285.0,72.0,210.0,for_sale,2026-08-10T08:51:05.262087,2.0,2.0
8728130255,2999187670,FOR_SALE,500000,,3.0,2.0,2286.0,9200.0,1995.0,SINGLE_FAMILY,"10020 Majorca Dr, Austin, TX, 78717",Austin,TX,78717,30.490736,-97.771243,50.0,7.0,219.0,for_sale,2026-08-10T08:51:05.262087,2.0,1.0
7277525777,2998297630,FOR_SALE,950000,,5.0,4.0,4451.0,10006.0,2005.0,SINGLE_FAMILY,"10521 Roy Butler Dr, Austin, TX, 78717",Austin,TX,78717,30.502897,-97.766623,65.0,31.0,213.0,for_sale,2026-08-10T08:51:05.262087,3.0,2.0
7538919767,2997265056,FOR_SALE,475000,,3.0,2.0,2218.0,7841.0,2006.0,SINGLE_FAMILY,"14400 Showdown Ln, Austin, TX, 78717",Austin,TX,78717,30.496262,-97.794013,69.0,57.0,214.0,for_sale,2026-08-10T08:51:05.262087,2.0,2.0
9972690264,2997954865,FOR_SALE,247990,,2.0,2.0,1090.0,,2009.0,CONDOS,"14815 Avery Ranch Blvd Unit 2A201, Austin, TX, 78717",Austin,TX,78717,30.495743,-97.776588,340.0,39.0,228.0,for_sale,2026-08-10T08:51:05.262087,1.0,1.0
8461459358,2994912841,PENDING,699900,,3.0,2.0,2535.0,7614.0,2000.0,SINGLE_FAMILY,"14936 Thatcher Dr, Austin, TX, 78717",Austin,TX,78717,30.492117,-97.768633,45.0,95.0,276.0,for_sale,2026-08-10T08:51:05.262087,2.0,1.0
8004773794,2998846708,FOR_SALE,650000,,3.0,2.0,2532.0,8011.0,2005.0,SINGLE_FAMILY,"16305 Almaden Dr, Austin, TX, 78717",Austin,TX,78717,30.5073,-97.751151,69.0,17.0,257.0,for_sale,2026-08-10T08:51:05.262087,3.0,1.0
8065733691,2997513130,FOR_SALE,335000,,2.0,2.0,1378.0,3485.0,2007.0,CONDOS,"14100 Avery Ranch Blvd Unit 1001, Austin, TX, 78717",Austin,TX,78717,30.495587,-97.788294,381.0,50.0,243.0,for_sale,2026-08-10T08:51:05.262087,2.0,1.0
7715548381,2995689197,FOR_SALE,945000,,4.0,3.0,3727.0,10990.0,2011.0,SINGLE_FAMILY,"604 Navigator Dr, Austin, TX, 78717",Austin,TX,78717,30.486822,-97.723964,37.0,81.0,254.0,for_sale,2026-08-10T08:51:05.262087,2.0,2.0
7813706688,2998376947,FOR_SALE,349900,,3.0,2.0,1779.0,,2018.0,CONDOS,"13800 Lyndhurst St Unit 203, Austin, TX, 78717",Austin,TX,78717,30.47979,-97.791626,350.0,30.0,197.0,for_sale,2026-08-10T08:51:05.262087,2.0,2.0
7169308995,2996120150,FOR_SALE,675000,,5.0,3.0,2840.0,11975.0,2000.0,SINGLE_FAMILY,"17030 Conway Springs Ct, Austin, TX, 78717",Austin,TX,78717,30.51567,-97.747347,50.0,73.0,238.0,for_sale,2026-08-10T08:51:05.262087,3.0,1.0
9577468283,2996352206,FOR_SALE,395000,,3.0,2.0,1977.0,3049.0,2017.0,SINGLE_FAMILY,"10602 W Turnbull Loop Unit 25, Austin, TX, 78717",Austin,TX,78717,30.478748,-97.787428,213.0,69.0,200.0,for_sale,2026-08-10T08:51:05.262087,2.0,2.0
8322915591,2998198428,FOR_SALE,634900,,4.0,3.0,3166.0,5227.0,2004.0,SINGLE_FAMILY,"15300 Interlachen Dr, Austin, TX, 78717",Austin,TX,78717,30.49786,-97.769532,107.0,33.0,201.0,for_sale,2026-08-10T08:51:05.262087,2.0,2.0
8492887479,2999000436,FOR_SALE,585000,,4.0,2.0,2257.0,12815.0,2002.0,SINGLE_FAMILY,"15708 Fisher Island Dr, Austin, TX, 78717",Austin,TX,78717,30.498212,-97.760005,69.0,11.0,259.0,for_sale,2026-08-10T08:51:05.262087,2.0,1.0
7237139001,2993430582,PENDING,465000,,3.0,2.0,2381.0,,2015.0,SINGLE_FAMILY,"1004 Sue Ann Rose Dr, Austin, TX, 78717",Austin,TX,78717,30.487903,-97.729245,100.0,123.0,195.0,for_sale,2026-08-10T08:51:05.262087,2.0,2.0
8078117296,2999392209,FOR_SALE,799000,,4.0,3.0,3338.0,10385.0,2008.0,SINGLE_FAMILY,"16212 Wynstone Ln, Austin, TX, 78717",Austin,TX,78717,30.508817,-97.752174,69.0,3.0,239.0,for_sale,2026-08-10T08:51:05.262087,3.0,2.0
7083647372,2998644276,FOR_SALE,429900,,3.0,2.0,1767.0,6547.0,1997.0,SINGLE_FAMILY,"8248 Montoya Cir, Austin, TX, 78717",Austin,TX,78717,30.486166,-97.741071,10.0,23.0,243.0,for_sale,2026-08-10T08:51:05.262087,2.0,1.0
7725076722,2998747157,PENDING,519000,,4.0,3.0,2220.0,6273.0,2013.0,SINGLE_FAMILY,"11616 Yeadon Way, Austin, TX, 78717",Austin,TX,78717,30.490284,-97.797532,56.0,19.0,234.0,for_sale,2026-08-10T08:51:05.262087,2.0,2.0
7128526418,2998128955,FOR_SALE,450000,,3.0,2.0,1814.0,7392.0,2015.0,SINGLE_FAMILY,"11600 Sewickley Ct, Austin, TX, 78717",Austin,TX,78717,30.495033,-97.799799,69.0,35.0,248.0,for_sale,2026-08-10T08:51:05.262087,2.0,2.0
7675580642,2999339870,FOR_SALE,539900,,4.0,2.0,2504.0,7623.0,2001.0,SINGLE_FAMILY,"15918 Two Rivers Cv, Austin, TX, 78717",Austin,TX,78717,30.492221,-97.736525,20.0,4.0,216.0,for_sale,2026-08-10T08:51:05.262087,2.0,2.0
7393926208,2997220965,FOR_SALE,1095000,,5.0,4.0,4326.0,17960.0,2004.0,SINGLE_FAMILY,"10200 Sunningdale Cv, Austin, TX, 78717",Austin,TX,78717,30.499448,-97.773068,100.0,58.0,253.0,for_sale,2026-08-10T08:51:05.262087,3.0,2.0
7075717950,2992693735,FOR_SALE,298000,,3.0,2.0,1401.0,4748.0,1985.0,SINGLE_FAMILY,"16904 Pocono Dr, Austin, TX, 78717",Austin,TX,78717,30.509557,-97.739572,18.0,144.0,213.0,for_sale,2026-08-10T08:51:05.262087,,1.0
7268130724,2998718235,FOR_SALE,695000,,4.0,2.0,2547.0,8690.0,2006.0,SINGLE_FAMILY,"15232 Fernhill Dr, Austin, TX, 78717",Austin,TX,78717,30.49336,-97.763039,60.0,20.0,273.0,for_sale,2026-08-10T08:51:05.262087,2.0,1.0
7602595309,2998812133,FOR_SALE,535000,,4.0,3.0,2277.0,6965.0,2009.0,SINGLE_FAMILY,"14225 Canyon Trl, Austin, TX, 78717",Austin,TX,78717,30.491664,-97.792857,69.0,17.0,235.0,for_sale,2026-08-10T08:51:05.262087,2.0,2.0
7613103600,2997488562,FOR_SALE,879000,,4.0,3.0,3751.0,8451.0,2002.0,SINGLE_FAMILY,"9904 Bundoran Dr, Austin, TX, 78717",Austin,TX,78717,30.503029,-97.762196,69.0,51.0,234.0,for_sale,2026-08-10T08:51:05.262087,2.0,2.0
8646939106,2997183705,FOR_SALE,440000,,3.0,2.0,1977.0,4400.0,2017.0,SINGLE_FAMILY,"14305 Eucalyptus Bnd, Austin, TX, 78717",Austin,TX,78717,30.479073,-97.770576,60.0,59.0,223.0,for_sale,2026-08-10T08:51:05.262087,2.0,2.0
8415874368,2998627713,FOR_SALE,325000,,3.0,2.0,1217.0,4447.0,1984.0,SINGLE_FAMILY,"16931 Whitebrush Loop, Austin, TX, 78717",Austin,TX,78717,30.510054,-97.738746,18.0,23.0,267.0,for_sale,2026-08-10T08:51:05.262087,1.0,1.0
7035463548,2997522746,FOR_SALE,829999,,6.0,3.0,3812.0,11857.0,2000.0,SINGLE_FAMILY,"16019 Dark Ln, Austin, TX, 78717",Austin,TX,78717,30.494201,-97.737346,0.0,49.0,218.0,for_sale,2026-08-10T08:51:05.262087,3.0,2.0
9885961798,2994951638,FOR_SALE,1399900,,6.0,4.0,5028.0,10415.0,2019.0,SINGLE_FAMILY,"9008 Harper Rae Dr, Austin, TX, 78717",Austin,TX,78717,30.503811,-97.747193,80.0,94.0,278.0,for_sale,2026-08-10T08:51:05.262087,3.0,2.0
8780773550,2998659735,PENDING,649000,,4.0,3.0,3020.0,9017.0,1991.0,SINGLE_FAMILY,"8510 Delavan Ave, Austin, TX, 78717",Austin,TX,78717,30.491234,-97.74368,17.0,22.0,215.0,for_sale,2026-08-10T08:51:05.262087,2.0,2.0
9193747059,2994668976,FOR_SALE,432500,,3.0,2.0,1792.0,4513.0,2016.0,SINGLE_FAMILY,"10513 Larue Pass Unit 42, Austin, TX, 78717",Austin,TX,78717,30.487,-97.790886,171.0,101.0,241.0,for_sale,2026-08-10T08:51:05.262087,1.0,2.0
7262433161,2995797077,FOR_SALE,825000,,4.0,3.0,3003.0,9191.0,2013.0,SINGLE_FAMILY,"200 Navigator Dr, Austin, TX, 78717",Austin,TX,78717,30.490032,-97.726008,37.0,80.0,275.0,for_sale,2026-08-10T08:51:05.262087,3.0,1.0
7456183627,2997675317,FOR_SALE,844000,,5.0,3.0,3153.0,7601.0,1998.0,SINGLE_FAMILY,"14829 Irondale Dr, Austin, TX, 78717",Austin,TX,78717,30.487022,-97.763738,50.0,45.0,268.0,for_sale,2026-08-10T08:51:05.262087,2.0,2.0
7176805440,2994436902,FOR_SALE,399000,,2.0,2.0,1435.0,4400.0,2013.0,CONDOS,"11105 Avery Station Loop Unit 25, Austin, TX, 78717",Austin,TX,78717,30.483925,-97.792693,193.0,108.0,278.0,for_sale,2026-08-10T08:51:05.262087,1.0,2.0
7680332065,2995056556,FOR_SALE,250000,,2.0,1.0,1090.0,1917.0,2008.0,CONDOS,"14815 Avery Ranch Blvd Unit 1401, Austin, TX, 78717",Austin,TX,78717,30.495802,-97.777351,340.0,93.0,229.0,for_sale,2026-08-10T08:51:05.262087,1.0,2.0
8753440096,2997680468,FOR_SALE,294999,,3.0,2.0,1571.0,,2012.0,CONDOS,"14001 Avery Ranch Blvd Unit 2103, Austin, TX, 78717",Austin,TX,78717,30.492545,-97.78986,300.0,45.0,188.0,for_sale,2026-08-10T08:51:05.262087,2.0,2.0
8266332072,2997375276,FOR_SALE,499900,,4.0,2.0,2125.0,6769.0,2006.0,SINGLE_FAMILY,"9424 Castle Pines Dr, Austin, TX, 78717",Austin,TX,78717,30.493348,-97.761464,69.0,53.0,235.0,for_sale,2026-08-10T08:51:05.262087,2.0,1.0
7679362690,2999359448,FOR_SALE,829900,,4.0,2.0,3146.0,9888.0,2017.0,SINGLE_FAMILY,"14401 Iveans Way, Austin, TX, 78717",Austin,TX,78717,30.487857,-97.752946,48.0,3.0,264.0,for_sale,2026-08-10T08:51:05.262087,2.0,2.0
8997053524,2998327758,FOR_SALE,599900,,3.0,2.0,2503.0,9426.0,2002.0,SINGLE_FAMILY,"16809 Cypress Landing Cv, Austin, TX, 78717",Austin,TX,78717,30.51249,-97.748173,69.0,31.0,240.0,for_sale,2026-08-10T08:51:05.262087,3.0,1.0
7350279566,2998624880,FOR_SALE,625000,,4.0,3.0,2066.0,14854.0,2006.0,SINGLE_FAMILY,"11729 Springs Head Loop, Austin, TX, 78717",Austin,TX,78717,30.499258,-97.795936,69.0,23.0,303.0,for_sale,2026-08-10T08:51:05.262087,2.0,2.0
8433709163,2995768014,FOR_SALE,959000,,6.0,4.0,3812.0,9583.0,2003.0,SINGLE_FAMILY,"10304 Medinah Greens Dr, Austin, TX, 78717",Austin,TX,78717,30.503843,-97.758403,111.0,80.0,252.0,for_sale,2026-08-10T08:51:05.262087,3.0,2.0
7621086095,2998266662,FOR_SALE,489000,,3.0,2.0,2090.0,8337.0,2005.0,SINGLE_FAMILY,"15700 Edenderry Dr, Austin, TX, 78717",Austin,TX,78717,30.495525,-97.75966,69.0,32.0,234.0,for_sale,2026-08-10T08:51:05.262087,2.0,1.0
7386161960,2992851849,FOR_SALE,524000,,4.0,2.0,2354.0,7405.0,1997.0,SINGLE_FAMILY,"10204 Andora Dr, Austin, TX, 78717",Austin,TX,78717,30.494221,-97.771367,45.0,139.0,223.0,for_sale,2026-08-10T08:51:05.262087,2.0,1.0
7905806852,2996427727,FOR_SALE,485000,,3.0,2.0,2275.0,2614.0,2015.0,SINGLE_FAMILY,"10412 Turnbull Loop, Austin, TX, 78717",Austin,TX,78717,30.478864,-97.788208,285.0,68.0,213.0,for_sale,2026-08-10T08:51:05.262087,2.0,2.0
8738203613,2996108935,PENDING,469000,,3.0,2.0,1991.0,8307.0,2015.0,SINGLE_FAMILY,"11708 Santa Elena Ln, Austin, TX, 78717",Austin,TX,78717,30.495981,-97.798778,65.0,73.0,236.0,for_sale,2026-08-10T08:51:05.262087,2.0,1.0
7086040616,2995774111,FOR_SALE,300000,,3.0,2.0,1148.0,4535.0,1985.0,SINGLE_FAMILY,"16811 Village Oak Loop, Austin, TX, 78717",Austin,TX,78717,30.509008,-97.740447,18.0,80.0,261.0,for_sale,2026-08-10T08:51:05.262087,1.0,1.0
8036605848,2999346895,FOR_SALE,485000,,3.0,2.0,2004.0,7083.0,1997.0,SINGLE_FAMILY,"10133 Cassandra Dr, Austin, TX, 78717",Austin,TX,78717,30.49285,-97.770823,45.0,3.0,242.0,for_sale,2026-08-10T08:51:05.262087,2.0,1.0
7925721021,2998129132,FOR_SALE,535000,,3.0,2.0,1625.0,7257.0,1986.0,SINGLE_FAMILY,"15708 Monona Cv, Austin, TX, 78717",Austin,TX,78717,30.48927,-97.738586,17.0,35.0,329.0,for_sale,2026-08-10T08:51:05.262087,2.0,2.0
9509280176,2998829452,FOR_SALE,360000,,3.0,2.0,1701.0,,2018.0,TOWNHOMES,"13800 Lyndhurst St Unit 332, Austin, TX, 78717",Austin,TX,78717,30.479985,-97.791013,350.0,17.0,212.0,for_sale,2026-08-10T08:51:05.262087,2.0,2.0
8865895077,2994684475,FOR_SALE,945000,,5.0,3.0,3976.0,10542.0,2004.0,SINGLE_FAMILY,"10400 Roy Butler Dr, Austin, TX, 78717",Austin,TX,78717,30.50138,-97.768042,65.0,101.0,238.0,for_sale,2026-08-10T08:51:05.262087,3.0,2.0
7445395180,2994291272,FOR_SALE,285000,,2.0,2.0,1231.0,,2009.0,CONDOS,"14815 Avery Ranch Blvd Unit 302, Austin, TX, 78717",Austin,TX,78717,30.496295,-97.777259,340.0,112.0,232.0,for_sale,2026-08-10T08:51:05.262087,2.0,2.0
9229302224,2998276576,FOR_SALE,449000,,3.0,2.0,1868.0,5358.0,2015.0,CONDOS,"11106 Railway Ln Unit 64, Austin, TX, 78717",Austin,TX,78717,30.481784,-97.790962,194.0,32.0,240.0,for_sale,2026-08-10T08:51:05.262087,1.0,2.0
7122228473,2996521774,FOR_SALE,600000,,4.0,2.0,2530.0,8032.0,2016.0,SINGLE_FAMILY,"14312 Tyburn Trl, Austin, TX, 78717",Austin,TX,78717,30.49111,-97.789485,58.0,67.0,237.0,for_sale,2026-08-10T08:51:05.262087,2.0,2.0
8848342818,2997474934,FOR_SALE,899999,,5.0,3.0,4183.0,10846.0,2004.0,SINGLE_FAMILY,"9812 Whitley Bay Dr, Austin, TX, 78717",Austin,TX,78717,30.50179,-97.760371,65.0,51.0,215.0,for_sale,2026-08-10T08:51:05.262087,3.0,2.0
8594445947,2997318927,FOR_SALE,679900,,4.0,2.0,3234.0,7488.0,2001.0,SINGLE_FAMILY,"1440 Hargis Creek Trl, Austin, TX, 78717",Austin,TX,78717,30.516043,-97.738377,50.0,55.0,210.0,for_sale,2026-08-10T08:51:05.262087,2.0,2.0
7743906630,2994588093,FOR_SALE,799990,,4.0,4.0,3182.0,9453.0,2014.0,SINGLE_FAMILY,"13900 Tyburn Trl, Austin, TX, 78717",Austin,TX,78717,30.487839,-97.791355,58.0,103.0,251.0,for_sale,2026-08-10T08:51:05.262087,2.0,2.0
9611530171,2999370856,FOR_SALE,399000,,2.0,2.0,1362.0,,2016.0,CONDOS,"10644 Wills Loop Unit 8, Austin, TX, 78717",Austin,TX,78717,30.485449,-97.791527,171.0,3.0,293.0,for_sale,2026-08-10T08:51:05.262087,1.0,1.0
9076345691,2991329662,FOR_SALE,385000,,4.0,3.0,2060.0,,2018.0,CONDOS,"13800 Lyndhurst St Unit 221, Austin, TX, 78717",Austin,TX,78717,30.480286,-97.791671,350.0,184.0,187.0,for_sale,2026-08-10T08:51:05.262087,2.0,2.0
7901742206,2993690540,FOR_SALE,450000,,3.0,2.0,1872.0,7362.0,2004.0,SINGLE_FAMILY,"16505 Castletroy Dr, Austin, TX, 78717",Austin,TX,78717,30.508701,-97.748283,54.0,116.0,240.0,for_sale,2026-08-10T08:51:05.262087,2.0,1.0
8257164650,2997715736,PENDING,785000,,5.0,4.0,3731.0,7971.0,2005.0,SINGLE_FAMILY,"15516 Belfin Dr, Austin, TX, 78717",Austin,TX,78717,30.495025,-97.763717,69.0,44.0,210.0,for_sale,2026-08-10T08:51:05.262087,2.0,2.0
9731780053,2996157085,FOR_SALE,450000,,3.0,2.0,1830.0,9583.0,2022.0,SINGLE_FAMILY,"13601 Zink Bnd, Austin, TX, 78717",Austin,TX,78717,30.475956,-97.781334,185.0,73.0,246.0,for_sale,2026-08-10T08:51:05.262087,2.0,2.0
7252523814,2995647164,FOR_SALE,599990,,3.0,2.0,2716.0,5576.0,2008.0,SINGLE_FAMILY,"15633 Interlachen Dr, Austin, TX, 78717",Austin,TX,78717,30.498556,-97.770976,100.0,82.0,221.0,for_sale,2026-08-10T08:51:05.262087,2.0,2.0
7590768585,2998299150,FOR_SALE,645000,,3.0,2.0,2549.0,9496.0,2004.0,SINGLE_FAMILY,"16108 Indina Hills Cv, Austin, TX, 78717",Austin,TX,78717,30.503915,-97.753662,65.0,31.0,253.0,for_sale,2026-08-10T08:51:05.262087,3.0,1.0
7719163177,2989635650,FOR_SALE,675000,,4.0,2.0,2713.0,6765.0,2010.0,SINGLE_FAMILY,"212 Great Circle Cv, Austin, TX, 78717",Austin,TX,78717,30.491639,-97.723914,35.0,231.0,249.0,for_sale,2026-08-10T08:51:05.262087,2.0,2.0
7219648036,2998786323,FOR_SALE,595000,,4.0,3.0,2667.0,4996.0,2019.0,SINGLE_FAMILY,"9806 Betulla Dr, Austin, TX, 78717",Austin,TX,78717,30.478199,-97.772213,57.0,18.0,223.0,for_sale,2026-08-10T08:51:05.262087,2.0,2.0
8226858695,2996657843,FOR_SALE,829000,,5.0,4.0,2963.0,8621.0,2003.0,SINGLE_FAMILY,"14400 Wharton Park Trl, Austin, TX, 78717",Austin,TX,78717,30.49665,-97.7846,69.0,65.0,280.0,for_sale,2026-08-10T08:51:05.262087,2.0,2.0
8437286693,2998819086,FOR_SALE,624000,,4.0,2.0,2767.0,7841.0,2002.0,SINGLE_FAMILY,"16308 Double Eagle Dr, Austin, TX, 78717",Austin,TX,78717,30.506197,-97.756928,69.0,17.0,226.0,for_sale,2026-08-10T08:51:05.262087,2.0,1.0
7724767498,2998310251,PENDING,524900,,3.0,2.0,1941.0,6848.0,1992.0,SINGLE_FAMILY,"16106 W Dorman Dr, Austin, TX, 78717",Austin,TX,78717,30.499225,-97.743971,8.0,31.0,270.0,for_sale,2026-08-10T08:51:05.262087,2.0,1.0
9027308584,2995245974,FOR_SALE,410000,,3.0,2.0,1799.0,,2020.0,CONDOS,"12317 Maypole Bnd, Austin, TX, 78717",Austin,TX,78717,30.491396,-97.801579,370.0,89.0,228.0,for_sale,2026-08-10T08:51:05.262087,2.0,2.0
7723101627,2997477071,PENDING,539000,,4.0,3.0,2325.0,7057.0,2012.0,SINGLE_FAMILY,"11601 Faubian Ln, Austin, TX, 78717",Austin,TX,78717,30.489649,-97.797795,69.0,51.0,232.0,for_sale,2026-08-10T08:51:05.262087,2.0,2.0
8869065464,2997955746,FOR_SALE,1199000,,6.0,3.0,4342.0,10075.0,2006.0,SINGLE_FAMILY,"16517 Along Creek Cv, Austin, TX, 78717",Austin,TX,78717,30.51106,-97.755419,65.0,39.0,276.0,for_sale,2026-08-10T08:51:05.262087,3.0,2.0
8604652625,2997987197,FOR_SALE,630000,,5.0,2.0,2762.0,10890.0,2015.0,SINGLE_FAMILY,"11504 Reading Way, Austin, TX, 78717",Austin,TX,78717,30.494848,-97.800213,65.0,39.0,228.0,for_sale,2026-08-10T08:51:05.262087,2.0,2.0
9577466810,2998302013,FOR_SALE,425000,,4.0,2.0,1975.0,,2020.0,CONDOS,"12326 Maypole Bnd Unit 1501, Austin, TX, 78717",Austin,TX,78717,30.491661,-97.801231,370.0,31.0,215.0,for_sale,2026-08-10T08:51:05.262087,2.0,2.0
8233536970,2992190636,FOR_SALE,345000,,3.0,2.0,1779.0,,2017.0,CONDOS,"13800 Lyndhurst St Unit 324, Austin, TX, 78717",Austin,TX,78717,30.480204,-97.790809,350.0,157.0,194.0,for_sale,2026-08-10T08:51:05.262087,2.0,2.0
8118145381,2993526887,FOR_SALE,567000,,4.0,2.0,3211.0,8276.0,1999.0,SINGLE_FAMILY,"15400 Montoya Cv, Austin, TX, 78717",Austin,TX,78717,30.48548,-97.740473,15.0,121.0,177.0,for_sale,2026-08-10T08:51:05.262087,2.0,2.0
8721321960,2998264167,FOR_SALE,599000,,4.0,2.0,2519.0,14201.0,1991.0,SINGLE_FAMILY,"9014 Brimstone Ln, Austin, TX, 78717",Austin,TX,78717,30.506255,-97.742682,8.0,32.0,238.0,for_sale,2026-08-10T08:51:05.262087,2.0,2.0
7562272854,2993034781,FOR_SALE,499000,,3.0,2.0,1714.0,6817.0,1986.0,SINGLE_FAMILY,"8301 Mendota Cv, Austin, TX, 78717",Austin,TX,78717,30.491667,-97.738676,17.0,135.0,291.0,for_sale,2026-08-10T08:51:05.262087,2.0,2.0
7165612299,2998023500,FOR_SALE,749900,,4.0,3.0,3169.0,9235.0,2003.0,SINGLE_FAMILY,"9804 Bundoran Dr, Austin, TX, 78717",Austin,TX,78717,30.502047,-97.761408,69.0,38.0,237.0,for_sale,2026-08-10T08:51:05.262087,2.0,2.0
8902770690,2999476814,FOR_SALE,651000,,5.0,4.0,3405.0,7231.0,2004.0,SINGLE_FAMILY,"15009 Banbridge Trl, Austin, TX, 78717",Austin,TX,78717,30.501587,-97.782252,66.0,0.0,191.0,for_sale,2026-08-10T08:51:05.262087,2.0,2.0
8471148503,2992787706,FOR_SALE,599900,,3.0,2.0,2492.0,,2001.0,SINGLE_FAMILY,"15016 Thatcher Dr, Austin, TX, 78717",Austin,TX,78717,30.493583,-97.768476,45.0,142.0,241.0,for_sale,2026-08-10T08:51:05.262087,2.0,1.0
8217106207,2993535843,FOR_SALE,544000,,4.0,2.0,2281.0,7688.0,2004.0,SINGLE_FAMILY,"9437 Caves Valley Dr, Austin, TX, 78717",Austin,TX,78717,30.495643,-97.758345,55.0,121.0,238.0,for_sale,2026-08-10T08:51:05.262087,2.0,1.0
8710126493,2998857108,FOR_SALE,864999,,4.0,3.0,3003.0,7884.0,2013.0,SINGLE_FAMILY,"14401 Laurinburg Dr, Austin, TX, 78717",Austin,TX,78717,30.488842,-97.794721,75.0,16.0,288.0,for_sale,2026-08-10T08:51:05.262087,3.0,1.0
9096040722,2994002747,FOR_SALE,410000,,2.0,2.0,1443.0,5667.0,2014.0,SINGLE_FAMILY,"10903 Rock Island Dr, Austin, TX, 78717",Austin,TX,78717,30.482653,-97.790726,194.0,115.0,284.0,for_sale,2026-08-10T08:51:05.262087,1.0,2.0
8607616721,2995349623,FOR_SALE,1400000,,4.0,4.0,3949.0,12101.0,2005.0,SINGLE_FAMILY,"10500 Avery Club Dr Unit 10, Austin, TX, 78717",Austin,TX,78717,30.503178,-97.772521,179.0,88.0,355.0,for_sale,2026-08-10T08:51:05.262087,3.0,2.0
9336670662,2993678165,FOR_SALE,560000,,4.0,3.0,2679.0,4704.0,2020.0,SINGLE_FAMILY,"9802 Acero Dr, Austin, TX, 78717",Austin,TX,78717,30.476901,-97.771363,60.0,116.0,209.0,for_sale,2026-08-10T08:51:05.262087,2.0,2.0
7376605797,2997963801,FOR_SALE,584000,,4.0,3.0,2516.0,7488.0,2017.0,SINGLE_FAMILY,"11608 Reading Ct, Austin, TX, 78717",Austin,TX,78717,30.494185,-97.799173,69.0,39.0,232.0,for_sale,2026-08-10T08:51:05.262087,1.0,2.0
8331316172,2996587036,FOR_SALE,525000,,4.0,2.0,2230.0,11221.0,2005.0,SINGLE_FAMILY,"11304 Staked Plains Dr, Austin, TX, 78717",Austin,TX,78717,30.494534,-97.791945,69.0,66.0,235.0,for_sale,2026-08-10T08:51:05.262087,2.0,2.0
7488909391,2994289136,FOR_SALE,775000,,4.0,3.0,3318.0,8642.0,2006.0,SINGLE_FAMILY,"15613 Echo Hills Dr, Austin, TX, 78717",Austin,TX,78717,30.503339,-97.76455,,112.0,234.0,for_sale,2026-08-10T08:51:05.262087,2.0,2.0
9081017565,2990511812,FOR_SALE,399900,,3.0,2.0,2237.0,3158.0,2016.0,SINGLE_FAMILY,"10502 Turnbull Loop Unit 41, Austin, TX, 78717",Austin,TX,78717,30.478186,-97.787544,285.0,200.0,179.0,for_sale,2026-08-10T08:51:05.262087,2.0,2.0
7225237927,2997757304,FOR_SALE,660000,,5.0,4.0,3028.0,5009.0,2018.0,CONDOS,"9909 Quercia Dr, Austin, TX, 78717",Austin,TX,78717,30.476644,-97.773119,,43.0,218.0,for_sale,2026-08-10T08:51:05.262087,2.0,2.0
8224205444,2996636241,FOR_SALE,437500,,2.0,2.0,1661.0,,2014.0,SINGLE_FAMILY,"10904 Railway Ln, Austin, TX, 78717",Austin,TX,78717,30.483111,-97.792206,194.0,65.0,263.0,for_sale,2026-08-10T08:51:05.262087,1.0,2.0
8848450611,2993144914,FOR_SALE,675000,,4.0,2.0,2917.0,12933.0,1999.0,SINGLE_FAMILY,"8925 Joachim Ln, Austin, TX, 78717",Austin,TX,78717,30.494607,-97.746819,8.0,130.0,231.0,for_sale,2026-08-10T08:51:05.262087,2.0,2.0
7332333857,2995732873,FOR_SALE,450000,,3.0,2.0,1815.0,,2014.0,SINGLE_FAMILY,"10905 Rock Island Dr Unit 57, Austin, TX, 78717",Austin,TX,78717,30.482739,-97.790517,193.0,81.0,248.0,for_sale,2026-08-10T08:51:05.262087,1.0,2.0
9903420327,2997432927,FOR_SALE,499000,,3.0,2.0,2238.0,,2017.0,CONDOS,"14003 Osmarea Dr Unit 91, Austin, TX, 78717",Austin,TX,78717,30.478125,-97.769905,60.0,52.0,223.0,for_sale,2026-08-10T08:51:05.262087,2.0,2.0
8553019670,2998880807,FOR_SALE,789000,,5.0,3.0,3396.0,7867.0,2001.0,SINGLE_FAMILY,"15128 Thatcher Dr, Austin, TX, 78717",Austin,TX,78717,30.494989,-97.769112,50.0,16.0,232.0,for_sale,2026-08-10T08:51:05.262087,2.0,2.0
7633343441,2994755659,PENDING,548000,,3.0,2.0,2212.0,10171.0,2006.0,SINGLE_FAMILY,"14300 Homestead Village Cir, Austin, TX, 78717",Austin,TX,78717,30.495913,-97.795556,69.0,100.0,248.0,for_sale,2026-08-10T08:51:05.262087,2.0,1.0
8380744475,2997494862,SOLD,1325000,,5.0,4.0,5321.0,14584.0,2021.0,SINGLE_FAMILY,"10300 Lavon Bnd, Austin, TX, 78717",Austin,TX,78717,30.501431,-97.751661,80.0,47.0,,sold,2026-08-10T08:51:09.504372,3.0,2.0
7167563486,2997476877,SOLD,959900,,4.0,3.0,3480.0,14418.0,2013.0,SINGLE_FAMILY,"10408 Cannon Mark Way, Austin, TX, 78717",Austin,TX,78717,30.485564,-97.795579,58.0,47.0,,sold,2026-08-10T08:51:09.504372,3.0,1.0
7045673377,2993521593,SOLD,597500,,3.0,3.0,2658.0,11687.0,1995.0,SINGLE_FAMILY,"9309 Slate Creek Trl, Austin, TX, 78717",Austin,TX,78717,30.511197,-97.743706,45.0,116.0,,sold,2026-08-10T08:51:09.504372,2.0,1.0
7241340638,2990081550,SOLD,259900,,2.0,2.0,1461.0,,2009.0,CONDOS,"14815 Avery Ranch Blvd Units 403 & 4B, Austin, TX, 78717",Austin,TX,78717,30.496095,-97.776551,340.0,203.0,,sold,2026-08-10T08:51:09.504372,2.0,2.0
7407267415,2998014228,SOLD,715000,,5.0,4.0,3280.0,7492.0,2004.0,SINGLE_FAMILY,"11000 Quarry Oaks Trl, Austin, TX, 78717",Austin,TX,78717,30.500789,-97.783974,69.0,28.0,,sold,2026-08-10T08:51:09.504372,2.0,2.0
7391535440,2992677007,SOLD,399750,,3.0,2.0,1677.0,5963.0,1985.0,SINGLE_FAMILY,"8302 Mendota Cv, Austin, TX, 78717",Austin,TX,78717,30.49217,-97.738715,15.0,134.0,,sold,2026-08-10T08:51:09.504372,2.0,1.0
7410582342,2997253407,SOLD,1295000,,5.0,4.0,4020.0,13547.0,2004.0,SINGLE_FAMILY,"10532 Medinah Greens Dr, Austin, TX, 78717",Austin,TX,78717,30.5067,-97.757606,51.0,46.0,,sold,2026-08-10T08:51:09.504372,3.0,2.0
7775795669,2994481002,SOLD,325000,,3.0,2.0,1571.0,,2012.0,CONDOS,"14001 Avery Ranch Blvd Unit 202, Austin, TX, 78717",Austin,TX,78717,30.493364,-97.790901,335.0,95.0,,sold,2026-08-10T08:51:09.504372,2.0,2.0
7518200422,2997188097,SOLD,485000,,3.0,2.0,1920.0,5881.0,2005.0,SINGLE_FAMILY,"11009 Casitas Dr, Austin, TX, 78717",Austin,TX,78717,30.501307,-97.778177,69.0,46.0,,sold,2026-08-10T08:51:09.504372,2.0,1.0
7890264143,2993107444,SOLD,550000,,4.0,2.0,2715.0,9871.0,1994.0,SINGLE_FAMILY,"10013 Majorca Dr, Austin, TX, 78717",Austin,TX,78717,30.490294,-97.770809,50.0,117.0,,sold,2026-08-10T08:51:09.504372,2.0,2.0
7801836616,2991987538,SOLD,699900,,4.0,3.0,2916.0,10877.0,2000.0,SINGLE_FAMILY,"208 Kettleman Ln N, Austin, TX, 78717",Austin,TX,78717,30.517699,-97.740513,45.0,149.0,,sold,2026-08-10T08:51:09.504372,2.0,2.0
8067751861,2997622600,SOLD,649900,,3.0,2.0,2890.0,11221.0,1997.0,SINGLE_FAMILY,"9509 Graceland Trl, Austin, TX, 78717",Austin,TX,78717,30.5165,-97.743991,50.0,29.0,,sold,2026-08-10T08:51:09.504372,2.0,1.0
8239612055,2997432084,SOLD,750000,,4.0,2.0,2931.0,10716.0,1995.0,SINGLE_FAMILY,"8905 Spearhead Cv, Austin, TX, 78717",Austin,TX,78717,30.498563,-97.745509,8.0,33.0,,sold,2026-08-10T08:51:09.504372,2.0,2.0
8436866983,2993547557,SOLD,735000,,4.0,2.0,2766.0,7449.0,2017.0,SINGLE_FAMILY,"15618 Bended Knee Dr, Austin, TX, 78717",Austin,TX,78717,30.494431,-97.753557,48.0,101.0,,sold,2026-08-10T08:51:09.504372,2.0,2.0
7831331339,2994494434,SOLD,589900,,3.0,2.0,2127.0,6251.0,2014.0,SINGLE_FAMILY,"9812 Ivalenes Hope Dr, Austin, TX, 78717",Austin,TX,78717,30.498162,-97.754889,50.0,86.0,,sold,2026-08-10T08:51:09.504372,2.0,1.0
7271894584,2995693056,SOLD,789000,,4.0,3.0,3166.0,10520.0,2006.0,SINGLE_FAMILY,"15321 Fernhill Dr, Austin, TX, 78717",Austin,TX,78717,30.49455,-97.76258,69.0,57.0,,sold,2026-08-10T08:51:09.504372,2.0,2.0
7788271813,2993273467,SOLD,775000,,6.0,4.0,4542.0,7109.0,2000.0,SINGLE_FAMILY,"1419 Hargis Creek Trl, Austin, TX, 78717",Austin,TX,78717,30.514639,-97.739582,45.0,101.0,,sold,2026-08-10T08:51:09.504372,2.0,2.0
7718417858,2996683911,SOLD,525000,,3.0,2.0,1886.0,6007.0,2010.0,SINGLE_FAMILY,"137 Navigator Dr, Austin, TX, 78717",Austin,TX,78717,30.49016,-97.725226,37.0,38.0,,sold,2026-08-10T08:51:09.504372,2.0,1.0
8860890740,2995087163,SOLD,1200000,,4.0,3.0,3752.0,10559.0,2009.0,SINGLE_FAMILY,"10800 Roy Butler Dr, Austin, TX, 78717",Austin,TX,78717,30.504842,-97.763818,62.0,65.0,,sold,2026-08-10T08:51:09.504372,3.0,2.0
7180114865,2993245231,SOLD,329900,,2.0,2.0,1378.0,,2006.0,CONDOS,"14100 Avery Ranch Blvd Unit 904, Austin, TX, 78717",Austin,TX,78717,30.495277,-97.787976,385.0,96.0,,sold,2026-08-10T08:51:09.504372,2.0,1.0
7719072258,2994952421,SOLD,424000,,3.0,2.0,1620.0,4556.0,2016.0,SINGLE_FAMILY,"10625 Wills Loop, Austin, TX, 78717",Austin,TX,78717,30.486781,-97.790719,193.0,62.0,,sold,2026-08-10T08:51:09.504372,1.0,2.0
8576747926,2995644255,SOLD,465000,,3.0,2.0,2129.0,5140.0,2004.0,SINGLE_FAMILY,"11012 Shallow Water Rd, Austin, TX, 78717",Austin,TX,78717,30.500865,-97.787446,69.0,48.0,,sold,2026-08-10T08:51:09.504372,2.0,2.0
7949928323,2996565808,SOLD,298500,,3.0,2.0,1317.0,4251.0,1985.0,SINGLE_FAMILY,"16819 Whitebrush Loop, Austin, TX, 78717",Austin,TX,78717,30.508232,-97.737649,13.0,27.0,,sold,2026-08-10T08:51:09.504372,2.0,2.0
8152086064,2993173226,SOLD,879000,,6.0,4.0,3856.0,8154.0,2006.0,SINGLE_FAMILY,"10012 Royal New Kent Dr, Austin, TX, 78717",Austin,TX,78717,30.503261,-97.763204,69.0,91.0,,sold,2026-08-10T08:51:09.504372,2.0,2.0
8073665773,2996339352,SOLD,750000,,4.0,2.0,2921.0,13504.0,1999.0,SINGLE_FAMILY,"17019 Pagosa Springs Ct, Austin, TX, 78717",Austin,TX,78717,30.51744,-97.746265,45.0,28.0,,sold,2026-08-10T08:51:09.504372,2.0,2.0
7266990702,2993260351,SOLD,1400000,,5.0,4.0,5032.0,10149.0,2017.0,SINGLE_FAMILY,"10113 Lavon Bnd, Austin, TX, 78717",Austin,TX,78717,30.500938,-97.753396,80.0,87.0,,sold,2026-08-10T08:51:09.504372,3.0,2.0
7994493988,2997090429,SOLD,439000,,3.0,2.0,1868.0,7924.0,2007.0,SINGLE_FAMILY,"14005 Boquillas Canyon Dr, Austin, TX, 78717",Austin,TX,78717,30.492477,-97.796865,65.0,18.0,,sold,2026-08-10T08:51:09.504372,2.0,1.0
8269909266,2995889700,SOLD,825000,,5.0,4.0,4244.0,11805.0,1993.0,SINGLE_FAMILY,"9012 Brimstone Ln, Austin, TX, 78717",Austin,TX,78717,30.506057,-97.742499,8.0,37.0,,sold,2026-08-10T08:51:09.504372,2.0,2.0
7723176159,2990531924,SOLD,500000,,4.0,3.0,2237.0,5532.0,2012.0,SINGLE_FAMILY,"11605 Harpster Bnd, Austin, TX, 78717",Austin,TX,78717,30.489457,-97.798702,69.0,157.0,,sold,2026-08-10T08:51:09.504372,2.0,2.0
9456296658,2995014998,SOLD,749900,,5.0,4.0,3126.0,14070.0,2008.0,SINGLE_FAMILY,"11716 Running Brush Cv, Austin, TX, 78717",Austin,TX,78717,30.496871,-97.797011,69.0,51.0,,sold,2026-08-10T08:51:09.504372,2.0,2.0
8111725673,2992459207,SOLD,460000,,4.0,2.0,2588.0,9535.0,1998.0,SINGLE_FAMILY,"15300 Iola Cv, Austin, TX, 78717",Austin,TX,78717,30.485198,-97.741621,17.0,104.0,,sold,2026-08-10T08:51:09.504372,2.0,2.0
8956172785,2996076488,SOLD,425000,,3.0,2.0,2120.0,6926.0,2002.0,SINGLE_FAMILY,"14433 Ballycastle Trl, Austin, TX, 78717",Austin,TX,78717,30.493901,-97.782493,69.0,27.0,,sold,2026-08-10T08:51:09.504372,2.0,2.0
8215060920,2994857969,SOLD,649000,,3.0,2.0,2728.0,8581.0,2011.0,SINGLE_FAMILY,"13901 Marathon Rd, Austin, TX, 78717",Austin,TX,78717,30.491307,-97.796353,69.0,47.0,,sold,2026-08-10T08:51:09.504372,2.0,2.0
8817445347,2992940906,SOLD,750000,,4.0,2.0,2929.0,14070.0,1997.0,SINGLE_FAMILY,"8903 Halder Cv, Austin, TX, 78717",Austin,TX,78717,30.495514,-97.745064,16.0,87.0,,sold,2026-08-10T08:51:09.504372,2.0,2.0
7575381786,2995471043,SOLD,729000,,5.0,4.0,3247.0,8102.0,2004.0,SINGLE_FAMILY,"11616 Misty White Dr, Austin, TX, 78717",Austin,TX,78717,30.499756,-97.793419,65.0,33.0,,sold,2026-08-10T08:51:09.504372,2.0,2.0
8679485207,2994878732,SOLD,579700,,3.0,2.0,1888.0,7436.0,2003.0,SINGLE_FAMILY,"9405 Muskberry Cv, Austin, TX, 78717",Austin,TX,78717,30.50759,-97.747775,69.0,42.0,,sold,2026-08-10T08:51:09.504372,2.0,1.0
7568483551,2994937935,SOLD,699000,,3.0,2.0,2647.0,8377.0,2004.0,SINGLE_FAMILY,"9901 Lisi Anne Dr, Austin, TX, 78717",Austin,TX,78717,30.50946,-97.749812,69.0,40.0,,sold,2026-08-10T08:51:09.504372,3.0,1.0
8424868054,2995274376,SOLD,620000,,4.0,2.0,2878.0,6181.0,2016.0,SINGLE_FAMILY,"11328 Reading Way, Austin, TX, 78717",Austin,TX,78717,30.493735,-97.799913,69.0,33.0,,sold,2026-08-10T08:51:09.504372,2.0,2.0
8249897455,2994918903,SOLD,569500,,3.0,2.0,2305.0,10189.0,1997.0,SINGLE_FAMILY,"9008 Braesgate Cv, Austin, TX, 78717",Austin,TX,78717,30.49935,-97.747511,8.0,35.0,,sold,2026-08-10T08:51:09.504372,2.0,1.0
7536577759,2996810034,SOLD,1249995,,5.0,4.0,4113.0,10311.0,2013.0,SINGLE_FAMILY,"10209 Ivalenes Hope Dr, Austin, TX, 78717",Austin,TX,78717,30.498707,-97.758582,51.0,2.0,,sold,2026-08-10T08:51:09.504372,3.0,2.0
7360078063,2986724760,SOLD,825000,,4.0,3.0,3266.0,10115.0,2004.0,SINGLE_FAMILY,"10525 Roy Butler Dr, Austin, TX, 78717",Austin,TX,78717,30.503065,-97.766459,65.0,259.0,,sold,2026-08-10T08:51:09.504372,3.0,2.0
8272248613,2987883623,SOLD,380000,,3.0,2.0,1858.0,4792.0,2002.0,SINGLE_FAMILY,"9209 Meyrick Park Trl, Austin, TX, 78717",Austin,TX,78717,30.506611,-97.744601,66.0,222.0,,sold,2026-08-10T08:51:09.504372,2.0,1.0
7717858869,2989128641,SOLD,499900,,3.0,2.0,2095.0,7436.0,2009.0,SINGLE_FAMILY,"104 Latitude Ln, Austin, TX, 78717",Austin,TX,78717,30.490528,-97.724386,37.0,190.0,,sold,2026-08-10T08:51:09.504372,2.0,1.0
8837531690,2994044849,SOLD,549900,,3.0,2.0,2486.0,8808.0,1998.0,SINGLE_FAMILY,"15811 W Dorman Dr, Austin, TX, 78717",Austin,TX,78717,30.493341,-97.744659,17.0,54.0,,sold,2026-08-10T08:51:09.504372,2.0,1.0
8171369707,2993025624,SOLD,1350000,,5.0,4.0,5111.0,17542.0,2003.0,SINGLE_FAMILY,"10320 Avery Club Dr, Austin, TX, 78717",Austin,TX,78717,30.500657,-97.770648,69.0,74.0,,sold,2026-08-10T08:51:09.504372,3.0,2.0
7592386092,2994620751,SOLD,699000,,4.0,2.0,2595.0,8864.0,1992.0,SINGLE_FAMILY,"16010 W Dorman Dr, Austin, TX, 78717",Austin,TX,78717,30.498292,-97.74422,8.0,41.0,,sold,2026-08-10T08:51:09.504372,2.0,1.0
7223001971,2990313994,SOLD,459000,,3.0,2.0,1896.0,4940.0,2018.0,SINGLE_FAMILY,"14000 Alloro Dr Unit 46W, Austin, TX, 78717",Austin,TX,78717,30.476391,-97.773625,60.0,145.0,,sold,2026-08-10T08:51:09.504372,2.0,1.0
8386117957,2992155334,SOLD,740000,,5.0,3.0,3354.0,9975.0,2000.0,SINGLE_FAMILY,"15622 Staffordshire Ln, Austin, TX, 78717",Austin,TX,78717,30.48985,-97.734871,15.0,91.0,,sold,2026-08-10T08:51:09.504372,2.0,2.0
7282295817,2993011768,SOLD,819000,,3.0,3.0,3258.0,10616.0,2004.0,SINGLE_FAMILY,"9817 Royal New Kent Dr, Austin, TX, 78717",Austin,TX,78717,30.501857,-97.761961,69.0,62.0,,sold,2026-08-10T08:51:09.504372,2.0,2.0
7320083850,2994001334,SOLD,697250,,3.0,2.0,2618.0,18465.0,1997.0,SINGLE_FAMILY,"15825 Chatham Wood Dr, Austin, TX, 78717",Austin,TX,78717,30.495479,-97.742709,31.0,42.0,,sold,2026-08-10T08:51:09.504372,2.0,1.0
7726595272,2993176308,SOLD,810000,,4.0,2.0,3320.0,8734.0,1997.0,SINGLE_FAMILY,"14717 Olive Hill Dr, Austin, TX, 78717",Austin,TX,78717,30.486628,-97.766322,45.0,57.0,,sold,2026-08-10T08:51:09.504372,3.0,2.0
7294542158,2994015011,SOLD,730000,,5.0,3.0,3030.0,8281.0,1998.0,SINGLE_FAMILY,"16116 Braesgate Dr, Austin, TX, 78717",Austin,TX,78717,30.500844,-97.745296,21.0,42.0,,sold,2026-08-10T08:51:09.504372,2.0,1.0
7901816738,2994429572,SOLD,685000,,4.0,3.0,2770.0,14205.0,2001.0,SINGLE_FAMILY,"16920 Crystal Downs Cv, Austin, TX, 78717",Austin,TX,78717,30.514739,-97.748472,69.0,34.0,,sold,2026-08-10T08:51:09.504372,3.0,1.0
7629098607,2994875673,SOLD,460000,,4.0,3.0,2163.0,4726.0,2019.0,SINGLE_FAMILY,"14011 Hedera Dr, Austin, TX, 78717",Austin,TX,78717,30.478543,-97.769139,60.0,21.0,,sold,2026-08-10T08:51:09.504372,2.0,2.0
7021562312,2994047360,SOLD,649900,,4.0,2.0,2627.0,10903.0,1996.0,SINGLE_FAMILY,"9405 Graceland Trl, Austin, TX, 78717",Austin,TX,78717,30.516781,-97.74324,50.0,40.0,,sold,2026-08-10T08:51:09.504372,2.0,1.0
7331961198,2994471083,SOLD,479000,,3.0,2.0,1683.0,6726.0,2014.0,SINGLE_FAMILY,"10900 Rock Island Dr Unit 49, Austin, TX, 78717",Austin,TX,78717,30.482772,-97.791056,193.0,33.0,,sold,2026-08-10T08:51:09.504372,1.0,2.0
7970410743,2993503758,SOLD,865000,,4.0,3.0,3215.0,9309.0,2006.0,SINGLE_FAMILY,"10013 Palmbrook Dr, Austin, TX, 78717",Austin,TX,78717,30.511223,-97.753526,69.0,45.0,,sold,2026-08-10T08:51:09.504372,2.0,1.0
7073929185,2994727283,SOLD,349900,,3.0,2.0,1317.0,4147.0,1985.0,SINGLE_FAMILY,"16900 Village Oak Loop, Austin, TX, 78717",Austin,TX,78717,30.510188,-97.740405,13.0,24.0,,sold,2026-08-10T08:51:09.504372,2.0,2.0
7626601455,2994964414,SOLD,649600,,4.0,2.0,2759.0,8930.0,2003.0,SINGLE_FAMILY,"11505 Misty White Dr, Austin, TX, 78717",Austin,TX,78717,30.498625,-97.791796,100.0,14.0,,sold,2026-08-10T08:51:09.504372,3.0,2.0
7114477157,2994524281,SOLD,849900,,5.0,4.0,3080.0,6251.0,2015.0,SINGLE_FAMILY,"9716 Ivalenes Hope Dr, Austin, TX, 78717",Austin,TX,78717,30.497374,-97.75461,50.0,26.0,,sold,2026-08-10T08:51:09.504372,2.0,2.0
8217364287,2993128117,SOLD,509900,,4.0,2.0,2206.0,9496.0,1987.0,SINGLE_FAMILY,"16405 Marthas Cv, Austin, TX, 78717",Austin,TX,78717,30.50365,-97.743284,8.0,50.0,,sold,2026-08-10T08:51:09.504372,2.0,1.0
8436345260,2993588461,SOLD,900000,,4.0,3.0,2988.0,9557.0,2017.0,SINGLE_FAMILY,"9500 Ivalenes Hope Dr, Austin, TX, 78717",Austin,TX,78717,30.49548,-97.753588,48.0,36.0,,sold,2026-08-10T08:51:09.504372,2.0,2.0
7603266096,2992884837,SOLD,459900,,3.0,2.0,1785.0,6839.0,2009.0,SINGLE_FAMILY,"11221 McKinney Springs Dr, Austin, TX, 78717",Austin,TX,78717,30.492107,-97.795167,69.0,56.0,,sold,2026-08-10T08:51:09.504372,2.0,1.0
8233387907,2991704014,SOLD,378000,,3.0,2.0,1701.0,1080.0,2017.0,CONDOS,"13800 Lyndhurst St Unit 325, Austin, TX, 78717",Austin,TX,78717,30.480258,-97.790832,350.0,89.0,,sold,2026-08-10T08:51:09.504372,2.0,2.0
8175608791,2993514287,SOLD,625000,,5.0,3.0,2617.0,6055.0,2011.0,SINGLE_FAMILY,"11504 Running Brush Ln, Austin, TX, 78717",Austin,TX,78717,30.494304,-97.798204,65.0,38.0,,sold,2026-08-10T08:51:09.504372,2.0,2.0
7413089155,2994073778,SOLD,979000,,5.0,4.0,3823.0,,2016.0,SINGLE_FAMILY,"10812 Colborne Trl, Austin, TX, 78717",Austin,TX,78717,30.486369,-97.789381,55.0,27.0,,sold,2026-08-10T08:51:09.504372,2.0,2.0
7739008316,2980389976,SOLD,805000,,5.0,4.0,3298.0,8716.0,2005.0,SINGLE_FAMILY,"11700 Misty White Dr, Austin, TX, 78717",Austin,TX,78717,30.499905,-97.793772,65.0,399.0,,sold,2026-08-10T08:51:09.504372,3.0,2.0
9444408135,2967397444,SOLD,3295000,,8.0,8.0,10991.0,37462.0,2006.0,SINGLE_FAMILY,"10500 Avery Club Dr Unit 26, Austin, TX, 78717",Austin,TX,78717,30.502602,-97.774824,179.0,728.0,,sold,2026-08-10T08:51:09.504372,10.0,2.0
8858239202,2994076519,SOLD,1250000,,5.0,6.0,4661.0,18644.0,2013.0,SINGLE_FAMILY,"10404 Cannon Mark Way, Austin, TX, 78717",Austin,TX,78717,30.485387,-97.79561,58.0,27.0,,sold,2026-08-10T08:51:09.504372,3.0,2.0
8660921141,2993015847,SOLD,375000,,4.0,2.0,1845.0,,2012.0,CONDOS,"14001 Avery Ranch Blvd Unit 1703, Austin, TX, 78717",Austin,TX,78717,30.492205,-97.790153,325.0,47.0,,sold,2026-08-10T08:51:09.504372,2.0,2.0
7712395205,2992969252,SOLD,719622,,4.0,3.0,2688.0,8451.0,1992.0,SINGLE_FAMILY,"8802 Fritsch Dr, Austin, TX, 78717",Austin,TX,78717,30.49974,-97.742783,8.0,48.0,,sold,2026-08-10T08:51:09.504372,2.0,2.0
7424631602,2992448069,SOLD,576000,,3.0,2.0,2273.0,6543.0,2002.0,SINGLE_FAMILY,"9816 Pasatiempo Dr, Austin, TX, 78717",Austin,TX,78717,30.498618,-97.760881,59.0,61.0,,sold,2026-08-10T08:51:09.504372,2.0,1.0
7170395698,2992529681,SOLD,875000,,4.0,4.0,3494.0,8494.0,2013.0,SINGLE_FAMILY,"14405 Laurinburg Dr, Austin, TX, 78717",Austin,TX,78717,30.488805,-97.794908,67.0,60.0,,sold,2026-08-10T08:51:09.504372,2.0,2.0
8486729640,2992150749,SOLD,330000,,3.0,2.0,1571.0,,2011.0,CONDOS,"14001 Avery Ranch Blvd Unit 602, Austin, TX, 78717",Austin,TX,78717,30.493931,-97.789769,408.0,68.0,,sold,2026-08-10T08:51:09.504372,2.0,2.0
7947888387,2991534379,SOLD,485000,,3.0,2.0,2176.0,7802.0,1997.0,SINGLE_FAMILY,"14930 Galena Dr, Austin, TX, 78717",Austin,TX,78717,30.493504,-97.772928,50.0,87.0,,sold,2026-08-10T08:51:09.504372,2.0,1.0
7350910121,2993537964,SOLD,660000,,4.0,3.0,3013.0,8594.0,2001.0,SINGLE_FAMILY,"15008 Thatcher Dr, Austin, TX, 78717",Austin,TX,78717,30.493208,-97.768409,33.0,30.0,,sold,2026-08-10T08:51:09.504372,2.0,2.0
7603899617,2992985958,SOLD,458900,,3.0,2.0,1770.0,5750.0,2010.0,SINGLE_FAMILY,"11104 McKinney Springs Dr, Austin, TX, 78717",Austin,TX,78717,30.490703,-97.794896,69.0,44.0,,sold,2026-08-10T08:51:09.504372,2.0,1.0
8220876212,2984634047,SOLD,775000,,4.0,2.0,3195.0,8943.0,1999.0,SINGLE_FAMILY,"9439 Altona Way, Austin, TX, 78717",Austin,TX,78717,30.486255,-97.763316,50.0,284.0,,sold,2026-08-10T08:51:09.504372,3.0,2.0
8863642763,2992327091,SOLD,429000,,3.0,2.0,1662.0,,2013.0,CONDOS,"13604 Avery Trestle Ln Unit 17, Austin, TX, 78717",Austin,TX,78717,30.48395,-97.792149,193.0,51.0,,sold,2026-08-10T08:51:09.504372,1.0,2.0
8507978167,2992937415,SOLD,693000,,4.0,2.0,2484.0,8790.0,2014.0,SINGLE_FAMILY,"15708 Jeffs Ln, Austin, TX, 78717",Austin,TX,78717,30.497466,-97.757625,50.0,35.0,,sold,2026-08-10T08:51:09.504372,2.0,1.0
8733668359,2993040250,SOLD,399995,,3.0,2.0,1438.0,9936.0,1984.0,SINGLE_FAMILY,"8903 Pocono Cv, Austin, TX, 78717",Austin,TX,78717,30.508701,-97.738678,18.0,32.0,,sold,2026-08-10T08:51:09.504372,,1.0
8612930894,2992995145,SOLD,645000,,4.0,2.0,2847.0,9148.0,1995.0,SINGLE_FAMILY,"17104 Poncho Springs Ln, Austin, TX, 78717",Austin,TX,78717,30.515903,-97.744854,45.0,33.0,,sold,2026-08-10T08:51:09.504372,2.0,1.0
8980401243,2991559133,SOLD,900000,,4.0,3.0,3718.0,14222.0,2004.0,SINGLE_FAMILY,"9916 Royal New Kent Dr, Austin, TX, 78717",Austin,TX,78717,30.50233,-97.763149,69.0,75.0,,sold,2026-08-10T08:51:09.504372,3.0,2.0
7723266161,2992961661,SOLD,698500,,3.0,2.0,2531.0,8581.0,2007.0,SINGLE_FAMILY,"9721 Rias Way, Austin, TX, 78717",Austin,TX,78717,30.510944,-97.752553,65.0,34.0,,sold,2026-08-10T08:51:09.504372,3.0,1.0
8254060907,2992548430,SOLD,597000,,3.0,2.0,2806.0,5319.0,2006.0,SINGLE_FAMILY,"15529 Interlachen Dr, Austin, TX, 78717",Austin,TX,78717,30.497711,-97.771549,138.0,46.0,,sold,2026-08-10T08:51:09.504372,2.0,2.0
8112928149,2992684409,SOLD,740000,,4.0,2.0,3013.0,8059.0,1998.0,SINGLE_FAMILY,"17041 Capri Isle Ln, Austin, TX, 78717",Austin,TX,78717,30.513286,-97.745803,45.0,41.0,,sold,2026-08-10T08:51:09.504372,2.0,2.0
7495364103,2992492382,SOLD,550000,,3.0,2.0,2127.0,7793.0,2003.0,SINGLE_FAMILY,"15805 Pumpkin Ridge Dr, Austin, TX, 78717",Austin,TX,78717,30.498639,-97.760223,69.0,45.0,,sold,2026-08-10T08:51:09.504372,2.0,2.0
9418153544,2987315407,SOLD,425000,,3.0,3.0,2372.0,,2023.0,CONDOS,"302 Tesla Cir, Austin, TX, 78717",Austin,TX,78717,30.49439,-97.723015,200.0,192.0,,sold,2026-08-10T08:51:09.504372,1.0,3.0
8279300284,2992917075,SOLD,490000,,3.0,2.0,2051.0,12850.0,1992.0,SINGLE_FAMILY,"9006 Brimstone Ln, Austin, TX, 78717",Austin,TX,78717,30.505551,-97.742189,8.0,29.0,,sold,2026-08-10T08:51:09.504372,2.0,1.0
7057360361,2992977684,SOLD,545000,,4.0,2.0,2678.0,14462.0,1993.0,SINGLE_FAMILY,"8419 Cambria Dr, Austin, TX, 78717",Austin,TX,78717,30.488611,-97.744401,17.0,28.0,,sold,2026-08-10T08:51:09.504372,2.0,2.0
9961823560,2991713645,SOLD,588000,,4.0,3.0,2411.0,6900.0,2019.0,SINGLE_FAMILY,"14302 McCoy Loop, Austin, TX, 78717",Austin,TX,78717,30.488422,-97.750885,167.0,62.0,,sold,2026-08-10T08:51:09.504372,2.0,2.0
8822862726,2995263781,FOR_SALE,250000,,4.0,2.0,1491.0,11587.0,1972.0,SINGLE_FAMILY,"4614 Bundyhill Dr, Austin, TX, 78723",Austin,TX,78723,30.288025,-97.677773,0.0,89.0,168.0,for_sale,2026-08-10T08:51:14.259030,2.0,1.0
9711072314,2998227405,FOR_SALE,790000,,8.0,4.0,3400.0,33776.0,1984.0,MULTI_FAMILY,"2706 Wheless Ln Unit BLDG5, Austin, TX, 78723",Austin,TX,78723,30.309656,-97.679482,1300.0,33.0,232.0,for_sale,2026-08-10T08:51:14.259030,,2.0
8923388050,2993307177,FOR_SALE,294500,,3.0,2.0,1806.0,9304.0,1969.0,SINGLE_FAMILY,"6605 Highpoint Dr, Austin, TX, 78723",Austin,TX,78723,30.307064,-97.664753,0.0,126.0,163.0,for_sale,2026-08-10T08:51:14.259030,2.0,1.0
8287391548,2994678447,FOR_SALE,592500,,4.0,2.0,1338.0,7667.0,1954.0,SINGLE_FAMILY,"1428 Corona Dr, Austin, TX, 78723",Austin,TX,78723,30.310049,-97.698882,0.0,101.0,443.0,for_sale,2026-08-10T08:51:14.259030,,1.0
8399249386,2999422119,FOR_SALE,695000,,5.0,3.0,2770.0,9426.0,1962.0,SINGLE_FAMILY,"2600 Rogge Ln, Austin, TX, 78723",Austin,TX,78723,30.305927,-97.683438,0.0,2.0,251.0,for_sale,2026-08-10T08:51:14.259030,2.0,2.0
7589629635,2990779992,FOR_SALE,439000,,3.0,2.0,1402.0,8364.0,1956.0,SINGLE_FAMILY,"1303 Glencrest Dr, Austin, TX, 78723",Austin,TX,78723,30.318966,-97.697184,0.0,191.0,313.0,for_sale,2026-08-10T08:51:14.259030,,1.0
8165089280,2994933738,FOR_SALE,485000,,4.0,2.0,2225.0,8703.0,1967.0,SINGLE_FAMILY,"7303 Geneva Dr, Austin, TX, 78723",Austin,TX,78723,30.321936,-97.674118,0.0,94.0,218.0,for_sale,2026-08-10T08:51:14.259030,2.0,1.0
7283938301,2997695048,FOR_SALE,730000,,4.0,3.0,2254.0,11513.0,1971.0,SINGLE_FAMILY,"3305 Hycreek Dr, Austin, TX, 78723",Austin,TX,78723,30.305211,-97.672503,0.0,45.0,324.0,for_sale,2026-08-10T08:51:14.259030,1.0,1.0
7659069568,2993512217,FOR_SALE,405000,,3.0,1.0,1160.0,7405.0,1956.0,SINGLE_FAMILY,"6503 Linda Ln, Austin, TX, 78723",Austin,TX,78723,30.317185,-97.687577,0.0,121.0,349.0,for_sale,2026-08-10T08:51:14.259030,,1.0
8865118637,2994673833,FOR_SALE,480000,,4.0,2.0,1170.0,7449.0,1961.0,SINGLE_FAMILY,"6207 Hickman Ave, Austin, TX, 78723",Austin,TX,78723,30.315702,-97.689662,0.0,101.0,410.0,for_sale,2026-08-10T08:51:14.259030,,1.0
8103525943,2999251361,FOR_SALE,825000,,4.0,3.0,2404.0,13809.0,1968.0,SINGLE_FAMILY,"7019 Creighton Ln, Austin, TX, 78723",Austin,TX,78723,30.321203,-97.677343,0.0,6.0,343.0,for_sale,2026-08-10T08:51:14.259030,2.0,2.0
8425143591,2998850610,PENDING,725000,,3.0,2.0,1439.0,3328.0,2008.0,SINGLE_FAMILY,"2008 McCloskey St, Austin, TX, 78723",Austin,TX,78723,30.292995,-97.704652,75.0,16.0,504.0,for_sale,2026-08-10T08:51:14.259030,2.0,1.0
9808810493,2996553355,FOR_SALE,424900,,2.0,2.0,925.0,29473.0,2026.0,CONDOS,"3900 Berkman Dr Unit 213, Austin, TX, 78723",Austin,TX,78723,30.291243,-97.699364,514.0,67.0,459.0,for_sale,2026-08-10T08:51:14.259030,,3.0
7904465799,2993558741,FOR_SALE,539000,,5.0,2.0,2111.0,9683.0,1970.0,SINGLE_FAMILY,"3100 Lynridge Dr, Austin, TX, 78723",Austin,TX,78723,30.318198,-97.666549,0.0,120.0,255.0,for_sale,2026-08-10T08:51:14.259030,2.0,1.0
7670584744,2999295871,FOR_SALE,495000,,3.0,2.0,1242.0,6617.0,1960.0,SINGLE_FAMILY,"6713 Haney Dr, Austin, TX, 78723",Austin,TX,78723,30.318816,-97.684243,0.0,5.0,399.0,for_sale,2026-08-10T08:51:14.259030,1.0,1.0
8170679171,2998864397,FOR_SALE,725000,,5.0,3.0,2300.0,9605.0,1968.0,SINGLE_FAMILY,"6905 Drexel Dr, Austin, TX, 78723",Austin,TX,78723,30.317839,-97.675545,0.0,16.0,315.0,for_sale,2026-08-10T08:51:14.259030,2.0,2.0
7103345312,2998489672,FOR_SALE,600000,,4.0,2.0,2303.0,8525.0,1963.0,SINGLE_FAMILY,"5907 Thames Dr, Austin, TX, 78723",Austin,TX,78723,30.312107,-97.686888,0.0,26.0,261.0,for_sale,2026-08-10T08:51:14.259030,2.0,2.0
8617646885,2999357917,FOR_SALE,1250000,,3.0,2.0,2210.0,7105.0,2021.0,SINGLE_FAMILY,"3710 Manorwood Rd, Austin, TX, 78723",Austin,TX,78723,30.287749,-97.70469,0.0,3.0,566.0,for_sale,2026-08-10T08:51:14.259030,2.0,2.0
8646293847,2998066964,FOR_SALE,949949,,4.0,2.0,1994.0,3419.0,2009.0,SINGLE_FAMILY,"4113 Threadgill St, Austin, TX, 78723",Austin,TX,78723,30.293418,-97.700729,75.0,37.0,476.0,for_sale,2026-08-10T08:51:14.259030,2.0,2.0
9290516266,2997468829,FOR_SALE,1150000,,3.0,2.0,2090.0,4792.0,2026.0,SINGLE_FAMILY,"3510 Tom Miller St Unit 1, Austin, TX, 78723",Austin,TX,78723,30.291126,-97.691544,125.0,51.0,550.0,for_sale,2026-08-10T08:51:14.259030,2.0,2.0
9954120367,2998826760,FOR_SALE,987000,,3.0,2.0,2005.0,3920.0,2021.0,SINGLE_FAMILY,"3904 Tom Miller St, Austin, TX, 78723",Austin,TX,78723,30.293528,-97.691236,75.0,17.0,492.0,for_sale,2026-08-10T08:51:14.259030,2.0,1.0
7769033660,2994312026,FOR_SALE,450000,,3.0,2.0,1650.0,8546.0,1969.0,SINGLE_FAMILY,"7300 Fred Morse Dr, Austin, TX, 78723",Austin,TX,78723,30.320034,-97.667927,0.0,111.0,273.0,for_sale,2026-08-10T08:51:14.259030,2.0,1.0
9705172410,2998535574,FOR_SALE,690000,,3.0,2.0,2390.0,10019.0,2022.0,CONDOS,"4502 Grassland Dr, Austin, TX, 78723",Austin,TX,78723,30.291824,-97.679527,125.0,25.0,289.0,for_sale,2026-08-10T08:51:14.259030,2.0,2.0
8641691914,2995019360,FOR_SALE,599900,,4.0,3.0,2191.0,3476.0,2019.0,SINGLE_FAMILY,"5002 E Pecan Springs Rd Unit 7, Austin, TX, 78723",Austin,TX,78723,30.29473,-97.681941,220.0,93.0,274.0,for_sale,2026-08-10T08:51:14.259030,2.0,3.0
8753663020,2990368810,FOR_SALE,774999,,5.0,4.0,2696.0,17481.0,2005.0,SINGLE_FAMILY,"2503 Lehigh Dr, Austin, TX, 78723",Austin,TX,78723,30.316469,-97.678039,0.0,205.0,287.0,for_sale,2026-08-10T08:51:14.259030,,1.0
7769033660,2998647212,FOR_SALE,425000,,3.0,2.0,1650.0,8546.0,1969.0,SINGLE_FAMILY,"7300 Fred Morse Dr, Austin, TX, 78723",Austin,TX,78723,30.320034,-97.667927,0.0,23.0,258.0,for_sale,2026-08-10T08:51:14.259030,2.0,1.0
7175189492,2997429464,FOR_SALE,389000,,3.0,2.0,1317.0,6334.0,1952.0,CONDOS,"6101 Adalee Ave, Austin, TX, 78723",Austin,TX,78723,30.308195,-97.67693,,52.0,295.0,for_sale,2026-08-10T08:51:14.259030,2.0,1.0
9367872000,2998227318,FOR_SALE,358000,,2.0,2.0,1500.0,33776.0,1984.0,MULTI_FAMILY,"2706 Wheless Ln Unit BLDG4, Austin, TX, 78723",Austin,TX,78723,30.309656,-97.679482,550.0,33.0,239.0,for_sale,2026-08-10T08:51:14.259030,,2.0
9970541184,2999042214,FOR_SALE,275000,,1.0,1.0,616.0,44.0,2026.0,CONDOS,"2113M E Franklin Ave Unit 88, Austin, TX, 78723",Austin,TX,78723,30.28713,-97.697441,307.0,10.0,446.0,for_sale,2026-08-10T08:51:14.259030,1.0,1.0
8030645132,2995499151,FOR_SALE,450000,,3.0,2.0,1415.0,15507.0,1967.0,SINGLE_FAMILY,"5503 Basswood Ln, Austin, TX, 78723",Austin,TX,78723,30.298513,-97.674995,0.0,85.0,318.0,for_sale,2026-08-10T08:51:14.259030,2.0,1.0
8183255984,2990476992,FOR_SALE,609995,,5.0,3.0,2097.0,23043.0,1967.0,SINGLE_FAMILY,"5604 Chadwyck Dr, Austin, TX, 78723",Austin,TX,78723,30.300788,-97.675899,0.0,201.0,291.0,for_sale,2026-08-10T08:51:14.259030,2.0,1.0
8710380263,2989206814,FOR_SALE,929000,,4.0,2.0,2345.0,3328.0,2007.0,SINGLE_FAMILY,"1912 Antone St, Austin, TX, 78723",Austin,TX,78723,30.29158,-97.706221,67.0,248.0,396.0,for_sale,2026-08-10T08:51:14.259030,2.0,2.0
9492351516,2997226513,FOR_SALE,2400000,,5.0,4.0,3954.0,4792.0,2026.0,SINGLE_FAMILY,"3604 Tom Miller St, Austin, TX, 78723",Austin,TX,78723,30.291432,-97.691167,75.0,58.0,607.0,for_sale,2026-08-10T08:51:14.259030,2.0,2.0
7286368809,2999395928,FOR_SALE,862000,,3.0,3.0,2156.0,2605.0,2020.0,TOWNHOMES,"4313 Attra St, Austin, TX, 78723",Austin,TX,78723,30.294937,-97.695741,349.0,2.0,400.0,for_sale,2026-08-10T08:51:14.259030,2.0,2.0
7090560310,2998346395,FOR_SALE,750000,,3.0,2.0,1964.0,2091.0,2015.0,TOWNHOMES,"3917 Vaughan St, Austin, TX, 78723",Austin,TX,78723,30.291821,-97.697261,351.0,31.0,382.0,for_sale,2026-08-10T08:51:14.259030,2.0,2.0
8707937709,2992707998,PENDING,735000,,4.0,3.0,2010.0,10180.0,2025.0,SINGLE_FAMILY,"6703 Duquesne Dr, Austin, TX, 78723",Austin,TX,78723,30.317966,-97.683012,0.0,144.0,366.0,for_sale,2026-08-10T08:51:14.259030,,1.0
9015629221,2996883488,PENDING,399000,,2.0,2.0,1230.0,1895.0,2020.0,CONDOS,"4400 Vaughan St Unit B, Austin, TX, 78723",Austin,TX,78723,30.295998,-97.697883,255.0,60.0,324.0,for_sale,2026-08-10T08:51:14.259030,1.0,2.0
8786580218,2998233362,FOR_SALE,1300000,,3.0,2.0,2721.0,2762.0,2015.0,TOWNHOMES,"4552 Page St, Austin, TX, 78723",Austin,TX,78723,30.298221,-97.701602,385.0,33.0,478.0,for_sale,2026-08-10T08:51:14.259030,2.0,3.0
8887291873,2996017941,FOR_SALE,950000,,3.0,3.0,2455.0,8969.0,1963.0,SINGLE_FAMILY,"5700 Sutherlin Rd, Austin, TX, 78723",Austin,TX,78723,30.308728,-97.685849,0.0,75.0,387.0,for_sale,2026-08-10T08:51:14.259030,2.0,2.0
9503812385,2999395735,FOR_SALE,925000,,3.0,2.0,2372.0,3049.0,2023.0,TOWNHOMES,"3401 Zach Scott St, Austin, TX, 78723",Austin,TX,78723,30.294306,-97.691751,372.0,2.0,390.0,for_sale,2026-08-10T08:51:14.259030,2.0,2.0
8672662788,2991996614,FOR_SALE,879990,,4.0,2.0,2269.0,10302.0,1968.0,SINGLE_FAMILY,"1906 Sunny Brook Dr, Austin, TX, 78723",Austin,TX,78723,30.304615,-97.693077,,163.0,388.0,for_sale,2026-08-10T08:51:14.259030,2.0,1.0
7435883838,2999005125,FOR_SALE,850000,,4.0,3.0,2694.0,16683.0,1965.0,SINGLE_FAMILY,"6905 N Creighton Ln, Austin, TX, 78723",Austin,TX,78723,30.319031,-97.676321,0.0,11.0,316.0,for_sale,2026-08-10T08:51:14.259030,,2.0
9651734336,2998820399,FOR_SALE,599000,,4.0,3.0,1968.0,8503.0,1959.0,SINGLE_FAMILY,"5611 Mapleleaf Dr, Austin, TX, 78723",Austin,TX,78723,30.310347,-97.692078,0.0,17.0,304.0,for_sale,2026-08-10T08:51:14.259030,,1.0
7343848332,2999234932,FOR_SALE,415000,,3.0,1.0,1511.0,8947.0,1964.0,SINGLE_FAMILY,"4900 Eastdale Dr, Austin, TX, 78723",Austin,TX,78723,30.287898,-97.669951,0.0,6.0,275.0,for_sale,2026-08-10T08:51:14.259030,1.0,1.0
7585940307,2998322529,PENDING,555000,,4.0,2.0,1438.0,7610.0,1956.0,SINGLE_FAMILY,"1400 Glencrest Dr, Austin, TX, 78723",Austin,TX,78723,30.318933,-97.696121,0.0,31.0,386.0,for_sale,2026-08-10T08:51:14.259030,,1.0
7117384666,2995695552,FOR_SALE,799900,,3.0,2.0,2335.0,2971.0,2013.0,TOWNHOMES,"4524 Berkman Dr, Austin, TX, 78723",Austin,TX,78723,30.29797,-97.700622,371.0,81.0,343.0,for_sale,2026-08-10T08:51:14.259030,2.0,2.0
9838113804,2998227184,FOR_SALE,179000,,1.0,1.0,750.0,33776.0,1984.0,CONDOS,"2706 Wheless Ln Apt 401, Austin, TX, 78723",Austin,TX,78723,30.309656,-97.679482,1100.0,33.0,239.0,for_sale,2026-08-10T08:51:14.259030,,2.0
7367306800,2994991281,FOR_SALE,399900,,3.0,2.0,1265.0,8864.0,1961.0,SINGLE_FAMILY,"6902 Notre Dame Dr, Austin, TX, 78723",Austin,TX,78723,30.319562,-97.681427,0.0,93.0,316.0,for_sale,2026-08-10T08:51:14.259030,2.0,1.0
7014775539,2998334847,FOR_SALE,475000,,3.0,2.0,1845.0,7976.0,1973.0,SINGLE_FAMILY,"4715 Carsonhill Dr, Austin, TX, 78723",Austin,TX,78723,30.288552,-97.675866,0.0,31.0,257.0,for_sale,2026-08-10T08:51:14.259030,,1.0
7354704094,2998372041,FOR_SALE,525000,,3.0,1.0,1159.0,8712.0,1955.0,SINGLE_FAMILY,"1610 Larkwood Dr, Austin, TX, 78723",Austin,TX,78723,30.3111,-97.694822,0.0,30.0,453.0,for_sale,2026-08-10T08:51:14.259030,1.0,1.0
8825457494,2997450266,FOR_SALE,399000,,3.0,2.0,1224.0,8346.0,2007.0,SINGLE_FAMILY,"5405 Rusk Ct, Austin, TX, 78723",Austin,TX,78723,30.292043,-97.667222,15.0,52.0,326.0,for_sale,2026-08-10T08:51:14.259030,2.0,1.0
7433075410,2995716881,FOR_SALE,625000,,4.0,2.0,2286.0,9566.0,1966.0,SINGLE_FAMILY,"6822 Willamette Dr, Austin, TX, 78723",Austin,TX,78723,30.316953,-97.673389,0.0,81.0,273.0,for_sale,2026-08-10T08:51:14.259030,,1.0
8483246820,2998978902,FOR_SALE,365000,,3.0,2.0,1349.0,9405.0,1971.0,SINGLE_FAMILY,"6601 Ashland Dr, Austin, TX, 78723",Austin,TX,78723,30.307609,-97.665472,0.0,12.0,271.0,for_sale,2026-08-10T08:51:14.259030,2.0,1.0
8586428570,2998209582,PENDING,1350000,,4.0,3.0,2336.0,16039.0,2013.0,SINGLE_FAMILY,"1916 E M Franklin Ave Unit C, Austin, TX, 78723",Austin,TX,78723,30.284712,-97.696939,0.0,33.0,578.0,for_sale,2026-08-10T08:51:14.259030,2.0,2.0
8548195580,2998014539,PENDING,550000,,3.0,2.0,1530.0,9875.0,1954.0,SINGLE_FAMILY,"1404 Cloverleaf Dr, Austin, TX, 78723",Austin,TX,78723,30.311696,-97.700329,0.0,38.0,359.0,for_sale,2026-08-10T08:51:14.259030,1.0,1.0
9959785828,2999042312,FOR_SALE,449000,,2.0,2.0,1486.0,44.0,2026.0,CONDOS,"3600 Jetson Way Unit 6, Austin, TX, 78723",Austin,TX,78723,30.287844,-97.697594,376.0,10.0,302.0,for_sale,2026-08-10T08:51:14.259030,2.0,3.0
9189146942,2995583757,FOR_SALE,750000,,6.0,6.0,3884.0,14776.0,1984.0,MULTI_FAMILY,"7111 E Highway 290, Austin, TX, 78723",Austin,TX,78723,30.321718,-97.682663,0.0,83.0,193.0,for_sale,2026-08-10T08:51:14.259030,,2.0
8067762010,2998872343,FOR_SALE,545000,,3.0,2.0,1457.0,9474.0,1966.0,SINGLE_FAMILY,"5304 Basswood Ln, Austin, TX, 78723",Austin,TX,78723,30.296716,-97.676821,0.0,16.0,374.0,for_sale,2026-08-10T08:51:14.259030,1.0,1.0
7226184311,2994438833,FOR_SALE,725000,,3.0,2.0,2301.0,3006.0,2020.0,SINGLE_FAMILY,"4407 Night Owl Ln Unit 12, Austin, TX, 78723",Austin,TX,78723,30.29273,-97.679358,189.0,108.0,315.0,for_sale,2026-08-10T08:51:14.259030,2.0,2.0
9785710161,2999347763,FOR_SALE,299900,,2.0,2.0,1031.0,2100.0,2022.0,CONDOS,"4801 Springdale Rd Apt 2309, Austin, TX, 78723",Austin,TX,78723,30.290627,-97.678814,522.0,3.0,291.0,for_sale,2026-08-10T08:51:14.259030,,1.0
8786705925,2996370113,FOR_SALE,829000,,4.0,3.0,2156.0,2618.0,2014.0,TOWNHOMES,"4617 Page St, Austin, TX, 78723",Austin,TX,78723,30.299172,-97.700999,361.0,69.0,385.0,for_sale,2026-08-10T08:51:14.259030,2.0,2.0
8913165809,2999313534,FOR_SALE,425000,,3.0,2.0,1527.0,7244.0,1973.0,SINGLE_FAMILY,"4806 Carsonhill Dr, Austin, TX, 78723",Austin,TX,78723,30.289594,-97.675805,0.0,4.0,278.0,for_sale,2026-08-10T08:51:14.259030,2.0,1.0
8724350651,2998613148,FOR_SALE,699000,,5.0,2.0,2070.0,9191.0,1967.0,SINGLE_FAMILY,"5501 Coventry Ln, Austin, TX, 78723",Austin,TX,78723,30.303704,-97.684336,0.0,23.0,338.0,for_sale,2026-08-10T08:51:14.259030,,1.0
8673296309,2996884604,FOR_SALE,445000,,2.0,1.0,1312.0,14697.0,2005.0,SINGLE_FAMILY,"2713 Sweeney Ln, Austin, TX, 78723",Austin,TX,78723,30.307034,-97.681788,0.0,60.0,339.0,for_sale,2026-08-10T08:51:14.259030,,1.0
8804977793,2990491426,FOR_SALE,495000,,3.0,2.0,1938.0,5393.0,2018.0,CONDOS,"5216 Golden Canary Ln, Austin, TX, 78723",Austin,TX,78723,30.295006,-97.67662,180.0,200.0,255.0,for_sale,2026-08-10T08:51:14.259030,2.0,2.0
7219517776,2992993532,PENDING,321000,,4.0,2.0,1833.0,8921.0,1956.0,SINGLE_FAMILY,"6009 Belfast Dr, Austin, TX, 78723",Austin,TX,78723,30.315983,-97.694148,0.0,136.0,175.0,for_sale,2026-08-10T08:51:14.259030,,1.0
8306301309,2990866384,FOR_SALE,475000,,4.0,2.0,1480.0,7710.0,1958.0,SINGLE_FAMILY,"5215 Overbrook Dr, Austin, TX, 78723",Austin,TX,78723,30.299159,-97.684262,0.0,189.0,321.0,for_sale,2026-08-10T08:51:14.259030,,1.0
8870149539,2997080032,PENDING,695000,,3.0,2.0,1904.0,21153.0,1969.0,SINGLE_FAMILY,"6501 Willamette Dr, Austin, TX, 78723",Austin,TX,78723,30.31391,-97.678822,0.0,59.0,365.0,for_sale,2026-08-10T08:51:14.259030,4.0,1.0
9906322675,2990091869,PENDING,389900,,3.0,2.0,2012.0,,2022.0,CONDOS,"4901 Springdale Rd Apt 103, Austin, TX, 78723",Austin,TX,78723,30.29232,-97.677715,570.0,213.0,194.0,for_sale,2026-08-10T08:51:14.259030,,2.0
8367753887,2994328763,FOR_SALE,399000,,4.0,2.0,1945.0,11382.0,1972.0,SINGLE_FAMILY,"6511 Bridgewater Cv, Austin, TX, 78723",Austin,TX,78723,30.305948,-97.663855,0.0,111.0,205.0,for_sale,2026-08-10T08:51:14.259030,2.0,1.0
7381829145,2998284416,FOR_SALE,685000,,4.0,3.0,1912.0,7139.0,1964.0,SINGLE_FAMILY,"5210 Gladstone Dr, Austin, TX, 78723",Austin,TX,78723,30.296199,-97.678799,0.0,32.0,358.0,for_sale,2026-08-10T08:51:14.259030,1.0,1.0
7669541298,2993657039,FOR_SALE,575000,,4.0,3.0,1843.0,11587.0,1956.0,SINGLE_FAMILY,"6414 Kenilworth Dr, Austin, TX, 78723",Austin,TX,78723,30.317298,-97.686979,0.0,117.0,312.0,for_sale,2026-08-10T08:51:14.259030,,1.0
8207432804,2989287413,FOR_SALE,475000,,2.0,2.0,1359.0,2139.0,2016.0,SINGLE_FAMILY,"1931 E 38th 1/2 St Unit 33, Austin, TX, 78723",Austin,TX,78723,30.289089,-97.70771,310.0,244.0,350.0,for_sale,2026-08-10T08:51:14.259030,2.0,2.0
8872611382,2998570259,FOR_SALE,749999,,3.0,2.0,2524.0,18382.0,1960.0,SINGLE_FAMILY,"6010 Dunbury Dr, Austin, TX, 78723",Austin,TX,78723,30.315937,-97.69344,0.0,24.0,297.0,for_sale,2026-08-10T08:51:14.259030,,1.0
7104798683,2992892346,FOR_SALE,525000,,4.0,2.0,1984.0,8329.0,1975.0,SINGLE_FAMILY,"6205 Hylawn Dr, Austin, TX, 78723",Austin,TX,78723,30.30703,-97.672132,0.0,138.0,265.0,for_sale,2026-08-10T08:51:14.259030,2.0,2.0
7226221577,2995385030,FOR_SALE,649000,,3.0,2.0,2462.0,2993.0,2019.0,SINGLE_FAMILY,"4810 Springdale Rd, Austin, TX, 78723",Austin,TX,78723,30.292283,-97.678824,180.0,87.0,264.0,for_sale,2026-08-10T08:51:14.259030,2.0,2.0
7353560222,2997225083,FOR_SALE,398000,,2.0,1.0,829.0,6839.0,1952.0,SINGLE_FAMILY,"3705 Manorwood Rd, Austin, TX, 78723",Austin,TX,78723,30.287211,-97.704029,0.0,58.0,480.0,for_sale,2026-08-10T08:51:14.259030,1.0,1.0
7542312739,2999067610,FOR_SALE,290000,,2.0,1.0,1016.0,3071.0,1968.0,TOWNHOMES,"6211 Manor Rd Apt 105, Austin, TX, 78723",Austin,TX,78723,30.307734,-97.674461,308.0,10.0,285.0,for_sale,2026-08-10T08:51:14.259030,,2.0
8920530984,2985309211,FOR_SALE,299990,,2.0,1.0,888.0,6486.0,1953.0,SINGLE_FAMILY,"3709 Tower View Ct, Austin, TX, 78723",Austin,TX,78723,30.287996,-97.70528,0.0,361.0,338.0,for_sale,2026-08-10T08:51:14.259030,,1.0
7739489472,2999116796,FOR_SALE,525000,,3.0,2.0,1952.0,7958.0,1964.0,SINGLE_FAMILY,"6912 Langston Dr, Austin, TX, 78723",Austin,TX,78723,30.317329,-97.669765,0.0,9.0,269.0,for_sale,2026-08-10T08:51:14.259030,1.0,2.0
7511591631,2996846985,FOR_SALE,315000,,1.0,1.0,551.0,235.0,2010.0,CONDOS,"1320 Robert Browning St Unit 308, Austin, TX, 78723",Austin,TX,78723,30.301548,-97.708506,418.0,61.0,572.0,for_sale,2026-08-10T08:51:14.259030,1.0,1.0
8611173983,2995411708,FOR_SALE,525000,,3.0,2.0,1647.0,8886.0,1985.0,SINGLE_FAMILY,"6303 Waynesburg Cv, Austin, TX, 78723",Austin,TX,78723,30.302788,-97.665533,0.0,87.0,319.0,for_sale,2026-08-10T08:51:14.259030,2.0,2.0
8622025190,2992508300,FOR_SALE,490000,,3.0,1.0,1040.0,6469.0,1955.0,SINGLE_FAMILY,"1400 Westmoor Dr, Austin, TX, 78723",Austin,TX,78723,30.30966,-97.70211,0.0,149.0,471.0,for_sale,2026-08-10T08:51:14.259030,,1.0
9539603324,2994420290,FOR_SALE,550000,,2.0,2.0,1162.0,405.0,2023.0,CONDOS,"1701 Simond Ave Unit 304, Austin, TX, 78723",Austin,TX,78723,30.298589,-97.706491,754.0,108.0,473.0,for_sale,2026-08-10T08:51:14.259030,2.0,1.0
7346580119,2998404120,FOR_SALE,545000,,3.0,1.0,1222.0,8041.0,1954.0,SINGLE_FAMILY,"1609 Larkwood Dr, Austin, TX, 78723",Austin,TX,78723,30.310738,-97.695287,0.0,29.0,446.0,for_sale,2026-08-10T08:51:14.259030,1.0,1.0
8830624190,2990679466,FOR_SALE,180500,,1.0,1.0,575.0,43255.0,1969.0,CONDOS,"1200 E 52nd St Apt 204, Austin, TX, 78723",Austin,TX,78723,30.309719,-97.708248,288.0,194.0,314.0,for_sale,2026-08-10T08:51:14.259030,,1.0
9392765516,2995379061,FOR_SALE,710000,,3.0,2.0,1844.0,2805.0,2022.0,CONDOS,"4412 Tilley St Unit E, Austin, TX, 78723",Austin,TX,78723,30.296318,-97.695455,409.0,87.0,385.0,for_sale,2026-08-10T08:51:14.259030,2.0,2.0
9867824278,2994397922,FOR_SALE,374000,,1.0,1.0,776.0,270.0,2024.0,CONDOS,"1701 Simond Ave Unit 301, Austin, TX, 78723",Austin,TX,78723,30.298589,-97.706491,525.0,109.0,482.0,for_sale,2026-08-10T08:51:14.259030,1.0,1.0
9460556667,2997676848,FOR_SALE,449900,,3.0,2.0,1441.0,3707.0,2019.0,CONDOS,"6409 Berkman Dr Unit 6, Austin, TX, 78723",Austin,TX,78723,30.317752,-97.689943,300.0,45.0,312.0,for_sale,2026-08-10T08:51:14.259030,2.0,2.0
7272619634,2986216150,FOR_SALE,799000,,2.0,1.0,1194.0,25600.0,1950.0,SINGLE_FAMILY,"3501 Pecan Springs Rd, Austin, TX, 78723",Austin,TX,78723,30.289926,-97.680851,0.0,333.0,669.0,for_sale,2026-08-10T08:51:14.259030,1.0,1.0
7483626736,2992523812,FOR_SALE,360000,,3.0,2.0,1555.0,11975.0,1960.0,SINGLE_FAMILY,"5510 Manor Rd Unit A, Austin, TX, 78723",Austin,TX,78723,30.303107,-97.683445,,149.0,232.0,for_sale,2026-08-10T08:51:14.259030,2.0,1.0
7178264377,2995720762,PENDING,719000,,4.0,2.0,2248.0,14231.0,1968.0,SINGLE_FAMILY,"7105 Fred Morse Dr, Austin, TX, 78723",Austin,TX,78723,30.319001,-97.670163,0.0,81.0,320.0,for_sale,2026-08-10T08:51:14.259030,2.0,2.0
9005241344,2998351679,FOR_SALE,814500,,3.0,2.0,1942.0,1742.0,2022.0,TOWNHOMES,"4207 Margarita St, Austin, TX, 78723",Austin,TX,78723,30.294091,-97.692513,352.0,30.0,419.0,for_sale,2026-08-10T08:51:14.259030,2.0,2.0
8961113595,2997746112,FOR_SALE,390000,,3.0,2.0,1430.0,8973.0,1964.0,SINGLE_FAMILY,"4906 Eastdale Dr E, Austin, TX, 78723",Austin,TX,78723,30.288352,-97.669676,0.0,44.0,273.0,for_sale,2026-08-10T08:51:14.259030,,1.0
9229271601,2997840937,FOR_SALE,749000,,3.0,2.0,1352.0,470.0,2023.0,CONDOS,"1701 Simond Ave Unit 327, Austin, TX, 78723",Austin,TX,78723,30.298589,-97.706491,928.0,41.0,554.0,for_sale,2026-08-10T08:51:14.259030,,1.0
7313052143,2997453604,PENDING,499000,,3.0,2.0,1938.0,10149.0,1967.0,SINGLE_FAMILY,"4902 Russet Hill Dr, Austin, TX, 78723",Austin,TX,78723,30.289452,-97.67267,0.0,52.0,257.0,for_sale,2026-08-10T08:51:14.259030,,1.0
8981618790,2997220264,PENDING,899900,,4.0,2.0,2434.0,19319.0,1969.0,SINGLE_FAMILY,"7202 Meadowood Dr, Austin, TX, 78723",Austin,TX,78723,30.32086,-97.670787,0.0,58.0,370.0,for_sale,2026-08-10T08:51:14.259030,2.0,2.0
7118234720,2994669515,FOR_SALE,229999,,2.0,1.0,725.0,43255.0,1969.0,CONDOS,"1200 E 52nd St Apt 209, Austin, TX, 78723",Austin,TX,78723,30.309723,-97.707385,19.0,101.0,317.0,for_sale,2026-08-10T08:51:14.259030,,2.0
8006093324,2994389420,FOR_SALE,225000,,2.0,1.0,789.0,1921.0,1968.0,CONDOS,"5820 Berkman Dr Apt 110, Austin, TX, 78723",Austin,TX,78723,30.312921,-97.693601,295.0,109.0,285.0,for_sale,2026-08-10T08:51:14.259030,,1.0
9606595569,2999042310,FOR_SALE,320000,,1.0,1.0,815.0,44.0,2026.0,CONDOS,"3613 Jetson Way Unit 112, Austin, TX, 78723",Austin,TX,78723,30.287638,-97.697205,307.0,10.0,393.0,for_sale,2026-08-10T08:51:14.259030,1.0,2.0
9002068002,2997446273,SOLD,1050000,,3.0,2.0,2196.0,2614.0,2024.0,TOWNHOMES,"3007 Chennault St, Austin, TX, 78723",Austin,TX,78723,30.292189,-97.69308,372.0,49.0,,sold,2026-08-10T08:51:18.193130,2.0,2.0
7201840541,2992498188,SOLD,399900,,2.0,2.0,1014.0,8712.0,2025.0,SINGLE_FAMILY,"2608 Bristol Dr Unit 2, Austin, TX, 78723",Austin,TX,78723,30.311689,-97.679435,0.0,145.0,,sold,2026-08-10T08:51:18.193130,1.0,2.0
8423615688,2997701106,SOLD,800000,,3.0,2.0,1439.0,5027.0,2008.0,SINGLE_FAMILY,"3909 Sahm St, Austin, TX, 78723",Austin,TX,78723,30.290502,-97.703935,75.0,39.0,,sold,2026-08-10T08:51:18.193130,2.0,1.0
8639465651,2995746903,SOLD,829900,,4.0,2.0,2181.0,8625.0,1967.0,SINGLE_FAMILY,"5803 N Hampton Dr, Austin, TX, 78723",Austin,TX,78723,30.309985,-97.685724,0.0,75.0,,sold,2026-08-10T08:51:18.193130,2.0,1.0
9556243895,2998366116,SOLD,599990,,3.0,2.0,1727.0,6386.0,2024.0,SINGLE_FAMILY,"5309 Lena Dr, Austin, TX, 78723",Austin,TX,78723,30.302126,-97.66461,70.0,25.0,,sold,2026-08-10T08:51:18.193130,2.0,1.0
7450782511,2996362138,SOLD,440000,,3.0,2.0,1608.0,10280.0,1963.0,SINGLE_FAMILY,"2609 Loyola Ln, Austin, TX, 78723",Austin,TX,78723,30.316632,-97.675772,0.0,62.0,,sold,2026-08-10T08:51:18.193130,2.0,1.0
8293614961,2998296170,SOLD,525000,,3.0,2.0,1343.0,7710.0,1954.0,SINGLE_FAMILY,"1416 Corona Dr, Austin, TX, 78723",Austin,TX,78723,30.310563,-97.69986,0.0,21.0,,sold,2026-08-10T08:51:18.193130,,1.0
7239754556,2994963933,SOLD,575000,,3.0,2.0,1521.0,4779.0,2017.0,SINGLE_FAMILY,"1909 E M Franklin Ave, Austin, TX, 78723",Austin,TX,78723,30.284504,-97.696198,192.0,84.0,,sold,2026-08-10T08:51:18.193130,1.0,2.0
9420548542,2994675498,SOLD,599900,,5.0,3.0,2650.0,7767.0,2022.0,SINGLE_FAMILY,"5417 Lena Dr, Austin, TX, 78723",Austin,TX,78723,30.301803,-97.663418,146.0,90.0,,sold,2026-08-10T08:51:18.193130,1.0,2.0
9002216963,2997078359,SOLD,525000,,3.0,2.0,1938.0,5393.0,2021.0,SINGLE_FAMILY,"5405 Mulberry Grove Ln Unit 176, Austin, TX, 78723",Austin,TX,78723,30.29557,-97.67494,180.0,42.0,,sold,2026-08-10T08:51:18.193130,2.0,2.0
8831531842,2993666973,SOLD,730000,,3.0,2.0,1918.0,2026.0,2008.0,TOWNHOMES,"2057 Zach Scott St, Austin, TX, 78723",Austin,TX,78723,30.294009,-97.703701,351.0,96.0,,sold,2026-08-10T08:51:18.193130,2.0,2.0
7686085267,2993646765,SOLD,515000,,3.0,2.0,1786.0,9365.0,1965.0,SINGLE_FAMILY,"5504 Cordell Ln, Austin, TX, 78723",Austin,TX,78723,30.30029,-97.679307,0.0,96.0,,sold,2026-08-10T08:51:18.193130,1.0,1.0
7948442911,2997049323,SOLD,824999,,3.0,2.0,2066.0,2522.0,2017.0,TOWNHOMES,"4533 Berkman Dr, Austin, TX, 78723",Austin,TX,78723,30.298153,-97.699933,361.0,38.0,,sold,2026-08-10T08:51:18.193130,2.0,2.0
7647491232,2997528173,SOLD,320000,,3.0,2.0,1504.0,13817.0,1975.0,SINGLE_FAMILY,"6302 Waynesburg Cv, Austin, TX, 78723",Austin,TX,78723,30.302787,-97.666319,0.0,27.0,,sold,2026-08-10T08:51:18.193130,,1.0
7037099212,2990554560,SOLD,499000,,3.0,2.0,1800.0,6068.0,2015.0,CONDOS,"3101 Sunnylawn Cir Unit B, Austin, TX, 78723",Austin,TX,78723,30.307097,-97.674401,3.0,178.0,,sold,2026-08-10T08:51:18.193130,2.0,2.0
7191463338,2994343797,SOLD,509000,,3.0,3.0,1728.0,10023.0,1963.0,SINGLE_FAMILY,"2118 Vanderbilt Ln, Austin, TX, 78723",Austin,TX,78723,30.320408,-97.681331,0.0,89.0,,sold,2026-08-10T08:51:18.193130,2.0,2.0
7290620460,2995885409,SOLD,1050000,,3.0,2.0,2075.0,4996.0,2009.0,SINGLE_FAMILY,"2632 Tom Miller St, Austin, TX, 78723",Austin,TX,78723,30.29005,-97.701915,72.0,53.0,,sold,2026-08-10T08:51:18.193130,2.0,1.0
9261821761,2995075062,SOLD,599900,,3.0,2.0,1958.0,7013.0,2018.0,CONDOS,"6202 Hickman Ave Unit A, Austin, TX, 78723",Austin,TX,78723,30.315501,-97.690301,,67.0,,sold,2026-08-10T08:51:18.193130,1.0,3.0
7292107764,2994390804,SOLD,879000,,3.0,2.0,2085.0,2126.0,2021.0,TOWNHOMES,"4704 Eberly St, Austin, TX, 78723",Austin,TX,78723,30.299016,-97.696798,361.0,83.0,,sold,2026-08-10T08:51:18.193130,2.0,2.0
7012857976,2995044472,SOLD,464970,,3.0,3.0,1704.0,5310.0,2016.0,CONDOS,"3108 E 51st St Unit 1101, Austin, TX, 78723",Austin,TX,78723,30.296062,-97.681662,330.0,66.0,,sold,2026-08-10T08:51:18.193130,1.0,2.0
8609121022,2995380842,SOLD,897000,,4.0,3.0,2194.0,2614.0,2015.0,TOWNHOMES,"3901 Vaughan St, Austin, TX, 78723",Austin,TX,78723,30.29128,-97.697243,360.0,61.0,,sold,2026-08-10T08:51:18.193130,2.0,2.0
7161721967,2995634662,SOLD,550000,,3.0,2.0,1372.0,10232.0,1964.0,SINGLE_FAMILY,"4702 Hilldale Dr, Austin, TX, 78723",Austin,TX,78723,30.287208,-97.67173,0.0,56.0,,sold,2026-08-10T08:51:18.193130,,1.0
8171189522,2994947041,SOLD,499990,,4.0,2.0,1914.0,9749.0,1964.0,SINGLE_FAMILY,"6005 Walnut Hills Dr, Austin, TX, 78723",Austin,TX,78723,30.306458,-97.676149,0.0,66.0,,sold,2026-08-10T08:51:18.193130,2.0,2.0
8150499220,2997494114,SOLD,550000,,3.0,2.0,2080.0,11021.0,1967.0,SINGLE_FAMILY,"5508 Chadwyck Dr, Austin, TX, 78723",Austin,TX,78723,30.29966,-97.675322,0.0,23.0,,sold,2026-08-10T08:51:18.193130,2.0,1.0
7662011468,2996101028,SOLD,599999,,3.0,2.0,1690.0,8682.0,1967.0,SINGLE_FAMILY,"5500 Tipton Dr, Austin, TX, 78723",Austin,TX,78723,30.299398,-97.677346,0.0,42.0,,sold,2026-08-10T08:51:18.193130,2.0,1.0
9058149128,2994032321,SOLD,584888,,2.0,2.0,1162.0,405.0,2024.0,CONDOS,"1701 Simond Ave Unit 618, Austin, TX, 78723",Austin,TX,78723,30.298589,-97.706491,763.0,83.0,,sold,2026-08-10T08:51:18.193130,2.0,1.0
9994377122,2995382530,SOLD,719000,,3.0,3.0,1874.0,4835.0,2019.0,SINGLE_FAMILY,"2111 Greenwood Ave Unit A, Austin, TX, 78723",Austin,TX,78723,30.286291,-97.698768,220.0,54.0,,sold,2026-08-10T08:51:18.193130,1.0,2.0
7286965064,2996636482,SOLD,1150000,,3.0,2.0,2387.0,3441.0,2018.0,SINGLE_FAMILY,"4313 Vaughan St, Austin, TX, 78723",Austin,TX,78723,30.294975,-97.697365,75.0,32.0,,sold,2026-08-10T08:51:18.193130,2.0,2.0
7787497421,2996585289,SOLD,389000,,3.0,2.0,1420.0,4713.0,2007.0,SINGLE_FAMILY,"5332 Krueger Ln, Austin, TX, 78723",Austin,TX,78723,30.291288,-97.667641,15.0,33.0,,sold,2026-08-10T08:51:18.193130,2.0,1.0
8241045309,2995403505,SOLD,799000,,4.0,2.0,2251.0,10973.0,2026.0,SINGLE_FAMILY,"4800 Russet Hill Dr, Austin, TX, 78723",Austin,TX,78723,30.288229,-97.673418,0.0,54.0,,sold,2026-08-10T08:51:18.193130,2.0,2.0
8581958524,2996617154,SOLD,525000,,3.0,2.0,1372.0,8316.0,1959.0,SINGLE_FAMILY,"5502 Westminster Dr, Austin, TX, 78723",Austin,TX,78723,30.308152,-97.690418,0.0,31.0,,sold,2026-08-10T08:51:18.193130,2.0,1.0
7344904190,2995377786,SOLD,389900,,3.0,2.0,1120.0,8682.0,1959.0,SINGLE_FAMILY,"1614 Ashberry Dr, Austin, TX, 78723",Austin,TX,78723,30.318175,-97.690803,0.0,53.0,,sold,2026-08-10T08:51:18.193130,,1.0
7246409265,2995807462,SOLD,525000,,3.0,2.0,1152.0,7318.0,1954.0,SINGLE_FAMILY,"1317 Corona Dr, Austin, TX, 78723",Austin,TX,78723,30.310934,-97.70203,0.0,44.0,,sold,2026-08-10T08:51:18.193130,,1.0
7647907975,2958195500,SOLD,250000,,3.0,1.0,1330.0,9561.0,1961.0,SINGLE_FAMILY,"5320 Wellington Dr, Austin, TX, 78723",Austin,TX,78723,30.302882,-97.685812,0.0,,,sold,2026-08-10T08:51:18.193130,,1.0
8250850625,2997351750,SOLD,550000,,3.0,2.0,2011.0,9609.0,1967.0,SINGLE_FAMILY,"1700 Westmoor Dr, Austin, TX, 78723",Austin,TX,78723,30.307162,-97.696565,0.0,19.0,,sold,2026-08-10T08:51:18.193130,2.0,1.0
7114850581,2992449038,SOLD,719000,,3.0,3.0,1729.0,2026.0,2013.0,TOWNHOMES,"4533 Mattie St, Austin, TX, 78723",Austin,TX,78723,30.29795,-97.702609,340.0,112.0,,sold,2026-08-10T08:51:18.193130,2.0,2.0
9840004906,2995412808,SOLD,899000,,3.0,2.0,2195.0,3049.0,2022.0,TOWNHOMES,"3126 Schutze St, Austin, TX, 78723",Austin,TX,78723,30.293986,-97.691742,351.0,48.0,,sold,2026-08-10T08:51:18.193130,2.0,2.0
9892222875,2995512658,SOLD,535000,,3.0,3.0,1527.0,9191.0,2020.0,CONDOS,"2509 Wheless Ln Unit 2, Austin, TX, 78723",Austin,TX,78723,30.309217,-97.68234,,46.0,,sold,2026-08-10T08:51:18.193130,1.0,2.0
8647634596,2996204408,SOLD,665000,,3.0,2.0,1503.0,9200.0,1956.0,SINGLE_FAMILY,"1203 Ridgehaven Dr, Austin, TX, 78723",Austin,TX,78723,30.314851,-97.701988,0.0,33.0,,sold,2026-08-10T08:51:18.193130,1.0,1.0
8102147103,2995510267,SOLD,925000,,4.0,2.0,3335.0,21344.0,1965.0,SINGLE_FAMILY,"2405 Stevens Cv, Austin, TX, 78723",Austin,TX,78723,30.320443,-97.678181,0.0,46.0,,sold,2026-08-10T08:51:18.193130,2.0,2.0
7234820596,2994027838,SOLD,435000,,3.0,2.0,1078.0,8102.0,1996.0,SINGLE_FAMILY,"3202 Rockhurst Ln, Austin, TX, 78723",Austin,TX,78723,30.314716,-97.666914,0.0,76.0,,sold,2026-08-10T08:51:18.193130,1.0,1.0
8729402891,2996574867,SOLD,350000,,3.0,1.0,916.0,8494.0,1957.0,SINGLE_FAMILY,"6215 Peggy St, Austin, TX, 78723",Austin,TX,78723,30.315332,-97.687552,0.0,27.0,,sold,2026-08-10T08:51:18.193130,,1.0
7385385337,2995424614,SOLD,465000,,4.0,2.0,1678.0,9326.0,1971.0,SINGLE_FAMILY,"4813 Broadhill Dr, Austin, TX, 78723",Austin,TX,78723,30.289661,-97.674104,0.0,47.0,,sold,2026-08-10T08:51:18.193130,2.0,1.0
7364766938,2994356942,SOLD,585000,,4.0,3.0,3178.0,10180.0,1964.0,SINGLE_FAMILY,"2605 Loyola Ln, Austin, TX, 78723",Austin,TX,78723,30.317068,-97.676036,0.0,70.0,,sold,2026-08-10T08:51:18.193130,,2.0
8283888550,2994294591,SOLD,515000,,3.0,2.0,1300.0,10711.0,1963.0,SINGLE_FAMILY,"2009 Northridge Dr, Austin, TX, 78723",Austin,TX,78723,30.309546,-97.689675,0.0,72.0,,sold,2026-08-10T08:51:18.193130,2.0,1.0
7856759980,2995380843,SOLD,489900,,2.0,2.0,1469.0,4848.0,2009.0,TOWNHOMES,"4608 Windy Brook Dr Unit A, Austin, TX, 78723",Austin,TX,78723,30.292271,-97.686631,,47.0,,sold,2026-08-10T08:51:18.193130,,2.0
7848421121,2996600660,SOLD,725000,,3.0,2.0,1920.0,2753.0,2015.0,TOWNHOMES,"2925 Zach Scott St, Austin, TX, 78723",Austin,TX,78723,30.294206,-97.695533,350.0,25.0,,sold,2026-08-10T08:51:18.193130,2.0,2.0
8723273941,2992012935,SOLD,310000,,2.0,2.0,914.0,4082.0,2016.0,CONDOS,"2512 Wheless Ln Apt 5, Austin, TX, 78723",Austin,TX,78723,30.309648,-97.6815,50.0,120.0,,sold,2026-08-10T08:51:18.193130,1.0,2.0
7309240683,2995118380,SOLD,710000,,4.0,2.0,1725.0,8812.0,1956.0,SINGLE_FAMILY,"6404 Linda Ln, Austin, TX, 78723",Austin,TX,78723,30.316833,-97.688554,0.0,49.0,,sold,2026-08-10T08:51:18.193130,,1.0
8772479661,2996195393,SOLD,449900,,3.0,2.0,1781.0,7405.0,2007.0,SINGLE_FAMILY,"5509 Rayburn Ln, Austin, TX, 78723",Austin,TX,78723,30.291562,-97.667771,0.0,30.0,,sold,2026-08-10T08:51:18.193130,2.0,2.0
8418903059,2995745635,SOLD,399000,,3.0,2.0,1585.0,9474.0,1959.0,SINGLE_FAMILY,"5509 Mapleleaf Dr, Austin, TX, 78723",Austin,TX,78723,30.308736,-97.691005,0.0,34.0,,sold,2026-08-10T08:51:18.193130,2.0,1.0
8005571601,2993085782,SOLD,180000,,1.0,1.0,633.0,1921.0,1968.0,CONDOS,"5820 Berkman Dr Apt 119, Austin, TX, 78723",Austin,TX,78723,30.312921,-97.693601,295.0,85.0,,sold,2026-08-10T08:51:18.193130,,1.0
7761891347,2993202137,SOLD,350000,,3.0,2.0,918.0,5009.0,2007.0,SINGLE_FAMILY,"5321 Tower Trl, Austin, TX, 78723",Austin,TX,78723,30.291601,-97.668887,15.0,81.0,,sold,2026-08-10T08:51:18.193130,2.0,1.0
8151713221,2991268002,SOLD,689000,,3.0,2.0,1562.0,2026.0,2009.0,TOWNHOMES,"2237 Zach Scott St, Austin, TX, 78723",Austin,TX,78723,30.294062,-97.701639,331.0,136.0,,sold,2026-08-10T08:51:18.193130,2.0,2.0
9232963292,2995386243,SOLD,1580000,,5.0,4.0,3304.0,4792.0,2022.0,SINGLE_FAMILY,"3509 Cepeda St, Austin, TX, 78723",Austin,TX,78723,30.291447,-97.691879,66.0,38.0,,sold,2026-08-10T08:51:18.193130,2.0,2.0
7834727739,2992147982,SOLD,675000,,3.0,2.0,1833.0,9161.0,1967.0,SINGLE_FAMILY,"7211 Geneva Dr, Austin, TX, 78723",Austin,TX,78723,30.32131,-97.673549,0.0,104.0,,sold,2026-08-10T08:51:18.193130,2.0,1.0
8608796269,2994471943,SOLD,875000,,3.0,2.0,2036.0,2561.0,2007.0,SINGLE_FAMILY,"4113 Camacho St, Austin, TX, 78723",Austin,TX,78723,30.293279,-97.704814,67.0,54.0,,sold,2026-08-10T08:51:18.193130,2.0,2.0
9369011918,2990793523,SOLD,700000,,4.0,3.0,2282.0,1512.0,2022.0,TOWNHOMES,"4015 Margarita St, Austin, TX, 78723",Austin,TX,78723,30.292977,-97.6925,,138.0,,sold,2026-08-10T08:51:18.193130,2.0,3.0
7277435868,2989965225,SOLD,399999,,3.0,2.0,1840.0,8712.0,1967.0,SINGLE_FAMILY,"2101 Vanderbilt Ln, Austin, TX, 78723",Austin,TX,78723,30.320908,-97.683667,0.0,164.0,,sold,2026-08-10T08:51:18.193130,2.0,1.0
8247455051,2994732744,SOLD,849000,,4.0,3.0,2631.0,9792.0,2021.0,SINGLE_FAMILY,"6405 Greensboro Dr, Austin, TX, 78723",Austin,TX,78723,30.305638,-97.666434,0.0,45.0,,sold,2026-08-10T08:51:18.193130,2.0,1.0
8673135873,2991680947,SOLD,435000,,3.0,2.0,1628.0,8930.0,2013.0,SINGLE_FAMILY,"4904 Eastdale Dr, Austin, TX, 78723",Austin,TX,78723,30.288201,-97.669768,0.0,116.0,,sold,2026-08-10T08:51:18.193130,2.0,1.0
7353895616,2995485449,SOLD,190000,,,,,9060.0,,LAND,"4807 Hilldale Dr, Austin, TX, 78723",Austin,TX,78723,30.287782,-97.670541,,29.0,,sold,2026-08-10T08:51:18.193130,,
7287263191,2994589031,SOLD,1115000,,3.0,2.0,2192.0,4273.0,2020.0,SINGLE_FAMILY,"5009 Camacho St, Austin, TX, 78723",Austin,TX,78723,30.295585,-97.695332,70.0,47.0,,sold,2026-08-10T08:51:18.193130,2.0,2.0
9039875524,2993250150,SOLD,275000,,,,,10454.0,,LAND,"4700 Bundyhill Dr, Austin, TX, 78723",Austin,TX,78723,30.288231,-97.677791,0.0,69.0,,sold,2026-08-10T08:51:18.193130,,
8241119841,2993252777,SOLD,275000,,,,,10454.0,,LAND,"4700 Bundyhill Dr Lot 9, Austin, TX, 78723",Austin,TX,78723,30.288231,-97.677791,0.0,69.0,,sold,2026-08-10T08:51:18.193130,,
8079209103,2994989848,SOLD,499000,,3.0,2.0,1241.0,1851.0,2016.0,TOWNHOMES,"2506 Zach Scott St, Austin, TX, 78723",Austin,TX,78723,30.294515,-97.698837,318.0,34.0,,sold,2026-08-10T08:51:18.193130,2.0,2.0
7921786759,2993242409,SOLD,895000,,4.0,3.0,2689.0,9378.0,1967.0,SINGLE_FAMILY,"7304 Geneva Dr, Austin, TX, 78723",Austin,TX,78723,30.321781,-97.674697,0.0,69.0,,sold,2026-08-10T08:51:18.193130,1.0,2.0
8405964960,2994023976,SOLD,489000,,3.0,1.0,1326.0,7871.0,1954.0,SINGLE_FAMILY,"1301 Ridgemont Dr, Austin, TX, 78723",Austin,TX,78723,30.312885,-97.702096,0.0,56.0,,sold,2026-08-10T08:51:18.193130,1.0,1.0
7949076432,2994957489,SOLD,1070000,,3.0,2.0,2192.0,3589.0,2018.0,SINGLE_FAMILY,"4504 Kocurek St, Austin, TX, 78723",Austin,TX,78723,30.297726,-97.699559,75.0,35.0,,sold,2026-08-10T08:51:18.193130,2.0,2.0
7274508825,2992659145,SOLD,599000,,3.0,2.0,2086.0,8102.0,1958.0,SINGLE_FAMILY,"6406 Haney Dr, Austin, TX, 78723",Austin,TX,78723,30.316475,-97.68477,0.0,86.0,,sold,2026-08-10T08:51:18.193130,,1.0
9919359584,2992498495,SOLD,549900,,3.0,2.0,1647.0,5776.0,2025.0,SINGLE_FAMILY,"2608 Bristol Dr Unit 1, Austin, TX, 78723",Austin,TX,78723,30.311625,-97.679451,0.0,89.0,,sold,2026-08-10T08:51:18.193130,1.0,2.0
8412605115,2994787515,SOLD,837500,,4.0,3.0,2089.0,7980.0,1959.0,SINGLE_FAMILY,"5606 Westminster Dr, Austin, TX, 78723",Austin,TX,78723,30.309277,-97.69081,0.0,37.0,,sold,2026-08-10T08:51:18.193130,,1.0
8967622723,2993641948,SOLD,499000,,2.0,1.0,1109.0,6186.0,1954.0,SINGLE_FAMILY,"1507 Corona Dr, Austin, TX, 78723",Austin,TX,78723,30.309221,-97.69835,0.0,54.0,,sold,2026-08-10T08:51:18.193130,,1.0
8118644543,2992465787,SOLD,519900,,3.0,2.0,1080.0,7619.0,1954.0,SINGLE_FAMILY,"1513 Cloverleaf Dr, Austin, TX, 78723",Austin,TX,78723,30.30966,-97.697437,0.0,83.0,,sold,2026-08-10T08:51:18.193130,,1.0
7906265937,2994706729,SOLD,695000,,3.0,2.0,1625.0,9261.0,1964.0,SINGLE_FAMILY,"5808 Gloucester Ln, Austin, TX, 78723",Austin,TX,78723,30.305391,-97.678355,0.0,32.0,,sold,2026-08-10T08:51:18.193130,1.0,1.0
8976469273,2992480416,SOLD,252000,,3.0,2.0,1832.0,8146.0,1964.0,SINGLE_FAMILY,"6904 Langston Dr, Austin, TX, 78723",Austin,TX,78723,30.317083,-97.67057,0.0,81.0,,sold,2026-08-10T08:51:18.193130,1.0,2.0
8416697551,2992688752,SOLD,595000,,3.0,2.0,1637.0,7623.0,1961.0,SINGLE_FAMILY,"5701 Westminster Dr, Austin, TX, 78723",Austin,TX,78723,30.309761,-97.690406,0.0,75.0,,sold,2026-08-10T08:51:18.193130,2.0,1.0
7953513005,2990354697,SOLD,639000,,3.0,3.0,1605.0,3703.0,2016.0,SINGLE_FAMILY,"2203 E 51st St Unit A, Austin, TX, 78723",Austin,TX,78723,30.300752,-97.690496,131.0,136.0,,sold,2026-08-10T08:51:18.193130,1.0,2.0
7799883043,2994646441,SOLD,495000,,3.0,2.0,1107.0,7623.0,1963.0,SINGLE_FAMILY,"6804 Bryn Mawr Dr, Austin, TX, 78723",Austin,TX,78723,30.31489,-97.670252,0.0,32.0,,sold,2026-08-10T08:51:18.193130,1.0,1.0
7209930095,2999220796,FOR_SALE,315000,,4.0,2.0,1800.0,7636.0,1981.0,SINGLE_FAMILY,"1907 Mirabeau St, Austin, TX, 78727",Austin,TX,78727,30.417308,-97.692516,0.0,6.0,175.0,for_sale,2026-08-10T08:51:21.908331,1.0,1.0
7651978706,2998836076,FOR_SALE,329000,,3.0,2.0,1190.0,5049.0,1986.0,SINGLE_FAMILY,"13009 Widge Dr, Austin, TX, 78727",Austin,TX,78727,30.420239,-97.686414,0.0,17.0,276.0,for_sale,2026-08-10T08:51:21.908331,1.0,1.0
7844345501,2998630718,FOR_SALE,450000,,4.0,2.0,1990.0,8494.0,1979.0,SINGLE_FAMILY,"12708 Poquoson Dr, Austin, TX, 78727",Austin,TX,78727,30.427656,-97.715319,0.0,23.0,226.0,for_sale,2026-08-10T08:51:21.908331,2.0,2.0
7872137303,2998769919,PENDING,615000,,3.0,2.0,1721.0,8668.0,1978.0,SINGLE_FAMILY,"12002 Saxony Ln, Austin, TX, 78727",Austin,TX,78727,30.416334,-97.726242,0.0,18.0,357.0,for_sale,2026-08-10T08:51:21.908331,2.0,1.0
7405813371,2998834990,FOR_SALE,449990,,3.0,2.0,2173.0,7200.0,2000.0,SINGLE_FAMILY,"1904 Montana Sky Dr, Austin, TX, 78727",Austin,TX,78727,30.427399,-97.68405,38.0,17.0,207.0,for_sale,2026-08-10T08:51:21.908331,2.0,1.0
8228669166,2996589511,FOR_SALE,1400000,,4.0,3.0,2889.0,130201.0,1975.0,SINGLE_FAMILY,"3910 McNeil Dr, Austin, TX, 78727",Austin,TX,78727,30.435522,-97.707185,0.0,66.0,485.0,for_sale,2026-08-10T08:51:21.908331,2.0,1.0
7095716247,2998508189,FOR_SALE,369000,,3.0,2.0,1739.0,10685.0,2017.0,SINGLE_FAMILY,"13501 Metric Blvd Unit 3, Austin, TX, 78727",Austin,TX,78727,30.424245,-97.679124,125.0,25.0,212.0,for_sale,2026-08-10T08:51:21.908331,1.0,2.0
7857122125,2998376819,PENDING,995000,,4.0,2.0,2421.0,15028.0,1974.0,SINGLE_FAMILY,"4901 Saddle Dr, Austin, TX, 78727",Austin,TX,78727,30.422509,-97.731023,0.0,30.0,411.0,for_sale,2026-08-10T08:51:21.908331,2.0,1.0
7906206965,2998858414,FOR_SALE,510000,,3.0,2.0,1620.0,22573.0,1978.0,SINGLE_FAMILY,"12800 Stepping Stone Cv, Austin, TX, 78727",Austin,TX,78727,30.428321,-97.711164,0.0,16.0,315.0,for_sale,2026-08-10T08:51:21.908331,2.0,1.0
7579831841,2998583837,FOR_SALE,405000,,3.0,2.0,1429.0,6970.0,1979.0,SINGLE_FAMILY,"13008 Candlestick Pl, Austin, TX, 78727",Austin,TX,78727,30.42333,-97.691474,0.0,24.0,283.0,for_sale,2026-08-10T08:51:21.908331,2.0,1.0
8868728878,2997959958,PENDING,575000,,3.0,2.0,2217.0,9222.0,1984.0,SINGLE_FAMILY,"12607 Terra Nova Ln, Austin, TX, 78727",Austin,TX,78727,30.426763,-97.719151,0.0,39.0,259.0,for_sale,2026-08-10T08:51:21.908331,2.0,2.0
8458844781,2999067382,FOR_SALE,449900,,3.0,2.0,1411.0,6665.0,1981.0,SINGLE_FAMILY,"3906 Tattershall Ln, Austin, TX, 78727",Austin,TX,78727,30.417892,-97.720963,0.0,10.0,319.0,for_sale,2026-08-10T08:51:21.908331,2.0,1.0
7107081872,2998272048,FOR_SALE,495000,,3.0,2.0,2046.0,10202.0,1979.0,SINGLE_FAMILY,"13006 Council Bluff Dr, Austin, TX, 78727",Austin,TX,78727,30.432611,-97.718505,0.0,32.0,242.0,for_sale,2026-08-10T08:51:21.908331,2.0,1.0
7469120991,2997451913,FOR_SALE,415000,,3.0,2.0,1632.0,7440.0,2004.0,CONDOS,"4205 Dot Dr, Austin, TX, 78727",Austin,TX,78727,30.440389,-97.706657,435.0,52.0,254.0,for_sale,2026-08-10T08:51:21.908331,2.0,1.0
8103835687,2995843149,FOR_SALE,289000,,2.0,2.0,1473.0,4204.0,2009.0,CONDOS,"1310 W Parmer Ln Unit 7B, Austin, TX, 78727",Austin,TX,78727,30.409665,-97.682238,291.0,79.0,196.0,for_sale,2026-08-10T08:51:21.908331,2.0,2.0
8897599435,2998895129,PENDING,399900,,3.0,2.0,1632.0,7449.0,2005.0,CONDOS,"13912 Ashton Woods Cir Unit 26, Austin, TX, 78727",Austin,TX,78727,30.441425,-97.704491,475.0,15.0,245.0,for_sale,2026-08-10T08:51:21.908331,2.0,1.0
7566547312,2998226971,PENDING,675000,,4.0,3.0,2192.0,7109.0,1980.0,SINGLE_FAMILY,"12024 Wycliff Ln, Austin, TX, 78727",Austin,TX,78727,30.417286,-97.727821,0.0,33.0,308.0,for_sale,2026-08-10T08:51:21.908331,2.0,2.0
8408688523,2997865869,PENDING,650000,,4.0,3.0,2627.0,8102.0,1992.0,SINGLE_FAMILY,"12400 Audane Dr, Austin, TX, 78727",Austin,TX,78727,30.428388,-97.738142,0.0,41.0,247.0,for_sale,2026-08-10T08:51:21.908331,2.0,2.0
7285183515,2994893603,FOR_SALE,659900,,3.0,2.0,1809.0,9191.0,1975.0,SINGLE_FAMILY,"12904 Trailwood Rd, Austin, TX, 78727",Austin,TX,78727,30.428312,-97.708527,0.0,95.0,365.0,for_sale,2026-08-10T08:51:21.908331,2.0,1.0
8285897242,2997636626,FOR_SALE,359900,,3.0,2.0,1458.0,7336.0,1986.0,SINGLE_FAMILY,"2209 Cedar Branch Dr, Austin, TX, 78727",Austin,TX,78727,30.423562,-97.695385,0.0,46.0,247.0,for_sale,2026-08-10T08:51:21.908331,2.0,1.0
7536846356,2998380774,FOR_SALE,559000,,4.0,2.0,1659.0,6939.0,1981.0,SINGLE_FAMILY,"11905 Misty Brook Dr, Austin, TX, 78727",Austin,TX,78727,30.416112,-97.733605,3.0,30.0,337.0,for_sale,2026-08-10T08:51:21.908331,2.0,1.0
8545152704,2998838258,PENDING,640000,,3.0,2.0,1898.0,8947.0,1983.0,SINGLE_FAMILY,"12302 Cabana Ln, Austin, TX, 78727",Austin,TX,78727,30.420461,-97.721176,0.0,17.0,337.0,for_sale,2026-08-10T08:51:21.908331,2.0,1.0
7567458509,2998612626,FOR_SALE,785000,,4.0,2.0,3207.0,18731.0,1981.0,SINGLE_FAMILY,"12422 Deer Track, Austin, TX, 78727",Austin,TX,78727,30.427017,-97.732326,0.0,23.0,245.0,for_sale,2026-08-10T08:51:21.908331,2.0,2.0
7674189207,2996187767,FOR_SALE,520000,,4.0,3.0,2730.0,7318.0,2000.0,SINGLE_FAMILY,"1817 Chasewood Dr, Austin, TX, 78727",Austin,TX,78727,30.424312,-97.683977,37.0,72.0,190.0,for_sale,2026-08-10T08:51:21.908331,2.0,2.0
8336690722,2998653890,FOR_SALE,499000,,3.0,2.0,1879.0,7510.0,1998.0,SINGLE_FAMILY,"1713 Ender Cv, Austin, TX, 78727",Austin,TX,78727,30.419837,-97.685357,42.0,22.0,266.0,for_sale,2026-08-10T08:51:21.908331,2.0,1.0
8427694152,2997751918,FOR_SALE,659900,,4.0,2.0,2162.0,8751.0,1996.0,SINGLE_FAMILY,"12417 Audane Dr, Austin, TX, 78727",Austin,TX,78727,30.428695,-97.736841,0.0,43.0,305.0,for_sale,2026-08-10T08:51:21.908331,2.0,1.0
8282356977,2999004765,FOR_SALE,419000,,3.0,2.0,1307.0,8690.0,1979.0,SINGLE_FAMILY,"13005 Powderhorn St, Austin, TX, 78727",Austin,TX,78727,30.422293,-97.689759,0.0,11.0,321.0,for_sale,2026-08-10T08:51:21.908331,2.0,1.0
7266759618,2998026980,PENDING,1299555,,4.0,3.0,2400.0,18077.0,1975.0,SINGLE_FAMILY,"12100 Mustang Chase, Austin, TX, 78727",Austin,TX,78727,30.421938,-97.737159,0.0,38.0,541.0,for_sale,2026-08-10T08:51:21.908331,2.0,1.0
7732306560,2998778290,FOR_SALE,325000,,2.0,2.0,1687.0,5162.0,2003.0,CONDOS,"1900 Scofield Ridge Pkwy Apt 3103, Austin, TX, 78727",Austin,TX,78727,30.428131,-97.684809,362.0,18.0,193.0,for_sale,2026-08-10T08:51:21.908331,2.0,2.0
8480488773,2985330006,FOR_SALE,274900,,2.0,2.0,1553.0,4535.0,2003.0,CONDOS,"2632 Century Park Blvd Unit 36, Austin, TX, 78727",Austin,TX,78727,30.433742,-97.693335,415.0,360.0,177.0,for_sale,2026-08-10T08:51:21.908331,2.0,2.0
7831375914,2999360729,FOR_SALE,540000,,4.0,2.0,2250.0,5663.0,1996.0,SINGLE_FAMILY,"13425 Equestrian Cv, Austin, TX, 78727",Austin,TX,78727,30.430252,-97.691308,46.0,3.0,240.0,for_sale,2026-08-10T08:51:21.908331,2.0,2.0
8309367082,2998507850,FOR_SALE,385000,,3.0,2.0,1657.0,9222.0,1982.0,SINGLE_FAMILY,"1910 Mirabeau St, Austin, TX, 78727",Austin,TX,78727,30.417914,-97.692604,0.0,25.0,232.0,for_sale,2026-08-10T08:51:21.908331,,2.0
7567458509,2995884965,FOR_SALE,799990,,4.0,2.0,3207.0,18731.0,1981.0,SINGLE_FAMILY,"12422 Deer Track, Austin, TX, 78727",Austin,TX,78727,30.427017,-97.732326,0.0,78.0,249.0,for_sale,2026-08-10T08:51:21.908331,2.0,2.0
8484513495,2990864379,FOR_SALE,239900,,2.0,2.0,1358.0,4535.0,2003.0,CONDOS,"2632 Century Park Blvd Unit 60, Austin, TX, 78727",Austin,TX,78727,30.433742,-97.693335,420.0,189.0,177.0,for_sale,2026-08-10T08:51:21.908331,1.0,2.0
8395508791,2999213657,FOR_SALE,430000,,3.0,2.0,1479.0,5854.0,1985.0,SINGLE_FAMILY,"12911 Quinn Trl, Austin, TX, 78727",Austin,TX,78727,30.437663,-97.741096,0.0,6.0,291.0,for_sale,2026-08-10T08:51:21.908331,2.0,1.0
7748715498,2995831726,FOR_SALE,425000,,3.0,2.0,1768.0,6338.0,1994.0,SINGLE_FAMILY,"1853 Dapplegrey Ln, Austin, TX, 78727",Austin,TX,78727,30.415739,-97.685937,42.0,79.0,240.0,for_sale,2026-08-10T08:51:21.908331,2.0,1.0
8658929326,2998758931,PENDING,534900,,3.0,2.0,2152.0,10237.0,1999.0,SINGLE_FAMILY,"13324 Kinder Pass, Austin, TX, 78727",Austin,TX,78727,30.425718,-97.686478,39.0,19.0,249.0,for_sale,2026-08-10T08:51:21.908331,2.0,1.0
7095716247,2986924735,FOR_SALE,374000,,3.0,2.0,1739.0,10685.0,2017.0,SINGLE_FAMILY,"13501 Metric Blvd Unit 3, Austin, TX, 78727",Austin,TX,78727,30.424245,-97.679124,125.0,142.0,215.0,for_sale,2026-08-10T08:51:21.908331,1.0,2.0
7424415007,2999242601,FOR_SALE,325000,,2.0,2.0,1350.0,4779.0,1998.0,SINGLE_FAMILY,"4400 Switch Willo Apt 29, Austin, TX, 78727",Austin,TX,78727,30.414955,-97.73116,360.0,6.0,241.0,for_sale,2026-08-10T08:51:21.908331,1.0,2.0
7920413757,2995637485,FOR_SALE,429900,,3.0,3.0,2222.0,7405.0,2006.0,CONDOS,"13933 Ashton Woods Cir Unit 71, Austin, TX, 78727",Austin,TX,78727,30.441051,-97.705169,475.0,82.0,193.0,for_sale,2026-08-10T08:51:21.908331,2.0,2.0
8316194453,2997258704,PENDING,375000,,3.0,2.0,1334.0,10224.0,1985.0,SINGLE_FAMILY,"1806 Krizan Ave, Austin, TX, 78727",Austin,TX,78727,30.421745,-97.686181,0.0,57.0,281.0,for_sale,2026-08-10T08:51:21.908331,2.0,1.0
7642847510,2998789256,PENDING,524900,,4.0,2.0,1951.0,9609.0,1984.0,SINGLE_FAMILY,"4500 Sidereal Dr, Austin, TX, 78727",Austin,TX,78727,30.425767,-97.720951,0.0,18.0,269.0,for_sale,2026-08-10T08:51:21.908331,2.0,1.0
8583763920,2994460789,FOR_SALE,375000,,3.0,2.0,1377.0,8189.0,1990.0,SINGLE_FAMILY,"2306 Alimony Cv, Austin, TX, 78727",Austin,TX,78727,30.426016,-97.693713,0.0,108.0,272.0,for_sale,2026-08-10T08:51:21.908331,2.0,1.0
7213670172,2999451268,PENDING,500000,,3.0,2.0,1558.0,5837.0,1998.0,SINGLE_FAMILY,"4501 Destinys Gate Dr, Austin, TX, 78727",Austin,TX,78727,30.430014,-97.717607,24.0,1.0,321.0,for_sale,2026-08-10T08:51:21.908331,2.0,1.0
8336429860,2998038920,FOR_SALE,400000,,3.0,2.0,1939.0,7579.0,1995.0,SINGLE_FAMILY,"13321 Kirkglen Dr, Austin, TX, 78727",Austin,TX,78727,30.421649,-97.679485,41.0,38.0,206.0,for_sale,2026-08-10T08:51:21.908331,2.0,2.0
8054413619,2992076082,FOR_SALE,424000,,4.0,2.0,2387.0,9322.0,1998.0,SINGLE_FAMILY,"13401 Lamplight Village Ave, Austin, TX, 78727",Austin,TX,78727,30.428369,-97.688758,50.0,159.0,178.0,for_sale,2026-08-10T08:51:21.908331,2.0,2.0
7951111387,2996426949,FOR_SALE,475000,,3.0,2.0,1556.0,8686.0,1981.0,SINGLE_FAMILY,"4601 Tamarack Trl, Austin, TX, 78727",Austin,TX,78727,30.431201,-97.71824,0.0,68.0,305.0,for_sale,2026-08-10T08:51:21.908331,2.0,1.0
8876993173,2995464282,FOR_SALE,399000,,3.0,2.0,1334.0,7440.0,2004.0,SINGLE_FAMILY,"13700 Layton Loop, Austin, TX, 78727",Austin,TX,78727,30.44202,-97.706865,475.0,86.0,299.0,for_sale,2026-08-10T08:51:21.908331,2.0,1.0
7748198330,2998325908,PENDING,460000,,3.0,2.0,1620.0,9021.0,1975.0,SINGLE_FAMILY,"12902 Trailwood Rd, Austin, TX, 78727",Austin,TX,78727,30.428122,-97.70865,0.0,31.0,284.0,for_sale,2026-08-10T08:51:21.908331,2.0,1.0
7192348947,2994396001,PENDING,254000,,2.0,2.0,1553.0,4356.0,2005.0,CONDOS,"2632 Century Park Blvd Unit 41, Austin, TX, 78727",Austin,TX,78727,30.433742,-97.693335,423.0,109.0,164.0,for_sale,2026-08-10T08:51:21.908331,2.0,2.0
8393421898,2997228806,PENDING,399000,,3.0,2.0,1201.0,5859.0,1985.0,SINGLE_FAMILY,"12906 Quinn Trl, Austin, TX, 78727",Austin,TX,78727,30.43718,-97.741526,0.0,58.0,332.0,for_sale,2026-08-10T08:51:21.908331,2.0,1.0
8650071402,2997337103,FOR_SALE,424950,,3.0,2.0,1513.0,6669.0,1984.0,SINGLE_FAMILY,"5921 Avery Island Ave, Austin, TX, 78727",Austin,TX,78727,30.435326,-97.74593,,54.0,281.0,for_sale,2026-08-10T08:51:21.908331,2.0,1.0
8578997241,2996663749,FOR_SALE,199999,,2.0,2.0,1334.0,,2011.0,CONDOS,"1310 W Parmer Ln Apt 1902, Austin, TX, 78727",Austin,TX,78727,30.40966,-97.68223,290.0,65.0,150.0,for_sale,2026-08-10T08:51:21.908331,2.0,2.0
9194267263,2987342437,FOR_SALE,270000,,3.0,2.0,1488.0,3149.0,2021.0,TOWNHOMES,"12500 Lamppost Ln Unit 17, Austin, TX, 78727",Austin,TX,78727,30.416685,-97.694389,115.0,299.0,181.0,for_sale,2026-08-10T08:51:21.908331,1.0,3.0
7782503449,2994440017,FOR_SALE,525000,,3.0,2.0,1651.0,8494.0,1979.0,SINGLE_FAMILY,"12710 Poquoson Dr, Austin, TX, 78727",Austin,TX,78727,30.427846,-97.7152,0.0,108.0,318.0,for_sale,2026-08-10T08:51:21.908331,2.0,1.0
8195049691,2993521890,FOR_SALE,524900,,4.0,3.0,2730.0,8494.0,1999.0,SINGLE_FAMILY,"1734 Chasewood Dr, Austin, TX, 78727",Austin,TX,78727,30.423698,-97.683174,37.0,121.0,192.0,for_sale,2026-08-10T08:51:21.908331,2.0,2.0
7845760567,2999132221,FOR_SALE,599999,,4.0,2.0,3088.0,7449.0,1999.0,SINGLE_FAMILY,"1917 Chasewood Dr, Austin, TX, 78727",Austin,TX,78727,30.42626,-97.684432,37.0,9.0,194.0,for_sale,2026-08-10T08:51:21.908331,2.0,2.0
8932341842,2997495970,FOR_SALE,555000,,3.0,2.0,1594.0,9322.0,1974.0,SINGLE_FAMILY,"3808 Oak Creek Dr, Austin, TX, 78727",Austin,TX,78727,30.429127,-97.710317,1.0,51.0,348.0,for_sale,2026-08-10T08:51:21.908331,2.0,1.0
8261144952,2998307390,FOR_SALE,325000,,2.0,2.0,1502.0,3864.0,2001.0,CONDOS,"4508 Duval Rd Unit 6-602, Austin, TX, 78727",Austin,TX,78727,30.413817,-97.733947,425.0,31.0,216.0,for_sale,2026-08-10T08:51:21.908331,1.0,2.0
8337838262,2998518618,FOR_SALE,450000,,6.0,4.0,1936.0,10411.0,1982.0,MULTI_FAMILY,"12512 Esplanade St, Austin, TX, 78727",Austin,TX,78727,30.415576,-97.694516,0.0,25.0,232.0,for_sale,2026-08-10T08:51:21.908331,,1.0
7016705144,2994769923,FOR_SALE,310000,,3.0,2.0,1561.0,7518.0,1981.0,SINGLE_FAMILY,"12507 Esplanade St, Austin, TX, 78727",Austin,TX,78727,30.415645,-97.693615,0.0,100.0,199.0,for_sale,2026-08-10T08:51:21.908331,2.0,1.0
8141437635,2999053007,FOR_SALE,380000,,3.0,2.0,1119.0,4583.0,1999.0,CONDOS,"4501 Whispering Valley Dr Apt 24, Austin, TX, 78727",Austin,TX,78727,30.415538,-97.73081,470.0,10.0,340.0,for_sale,2026-08-10T08:51:21.908331,1.0,2.0
7107084470,2997011561,FOR_SALE,464900,,3.0,2.0,2195.0,6621.0,2003.0,SINGLE_FAMILY,"2413 Lou John St N, Austin, TX, 78727",Austin,TX,78727,30.430976,-97.691952,13.0,60.0,212.0,for_sale,2026-08-10T08:51:21.908331,2.0,1.0
8679783182,2996264985,FOR_SALE,635000,,4.0,2.0,1895.0,10420.0,1980.0,SINGLE_FAMILY,"3802 Hawkshead Dr, Austin, TX, 78727",Austin,TX,78727,30.414688,-97.721575,0.0,71.0,335.0,for_sale,2026-08-10T08:51:21.908331,2.0,1.0
8013445936,2994706930,PENDING,499000,,4.0,2.0,2095.0,8054.0,1993.0,SINGLE_FAMILY,"12713 Cinchring Ln, Austin, TX, 78727",Austin,TX,78727,30.41465,-97.683935,42.0,101.0,238.0,for_sale,2026-08-10T08:51:21.908331,2.0,1.0
8552589812,2997695091,PENDING,399000,,3.0,2.0,1370.0,8403.0,1984.0,SINGLE_FAMILY,"12701 Magnolia Mound Trl, Austin, TX, 78727",Austin,TX,78727,30.43672,-97.747446,0.0,45.0,291.0,for_sale,2026-08-10T08:51:21.908331,2.0,1.0
7298330689,2998648368,FOR_SALE,438000,,3.0,2.0,1359.0,8333.0,1985.0,SINGLE_FAMILY,"12903 Campos Dr, Austin, TX, 78727",Austin,TX,78727,30.437281,-97.739757,0.0,23.0,322.0,for_sale,2026-08-10T08:51:21.908331,2.0,1.0
7177258350,2996348405,PENDING,575000,,5.0,3.0,3165.0,7671.0,2003.0,SINGLE_FAMILY,"2400 Century Park Blvd, Austin, TX, 78727",Austin,TX,78727,30.432349,-97.690516,13.0,69.0,182.0,for_sale,2026-08-10T08:51:21.908331,2.0,2.0
8693213993,2998271704,FOR_SALE,380000,,3.0,2.0,1321.0,5009.0,1986.0,SINGLE_FAMILY,"12800 Meehan Dr, Austin, TX, 78727",Austin,TX,78727,30.417383,-97.687773,0.0,32.0,288.0,for_sale,2026-08-10T08:51:21.908331,2.0,2.0
7706886816,2993560443,FOR_SALE,315000,,2.0,2.0,1540.0,4535.0,2003.0,CONDOS,"2632 Century Park Blvd Unit 72, Austin, TX, 78727",Austin,TX,78727,30.433742,-97.693335,420.0,120.0,205.0,for_sale,2026-08-10T08:51:21.908331,2.0,2.0
8938213047,2991402825,FOR_SALE,499900,,3.0,2.0,1659.0,6490.0,2006.0,SINGLE_FAMILY,"12603 Palfrey Dr, Austin, TX, 78727",Austin,TX,78727,30.423827,-97.706284,4.0,181.0,301.0,for_sale,2026-08-10T08:51:21.908331,2.0,1.0
7217024106,2999015323,FOR_SALE,575000,,3.0,2.0,2388.0,8024.0,1984.0,SINGLE_FAMILY,"4519 Sidereal Dr, Austin, TX, 78727",Austin,TX,78727,30.427364,-97.721087,0.0,11.0,241.0,for_sale,2026-08-10T08:51:21.908331,2.0,2.0
9378317134,2994625152,FOR_SALE,265000,,3.0,2.0,1398.0,3149.0,2021.0,TOWNHOMES,"12500 Lamppost Ln Unit 16, Austin, TX, 78727",Austin,TX,78727,30.416685,-97.694389,115.0,102.0,190.0,for_sale,2026-08-10T08:51:21.908331,1.0,2.0
8698311109,2998281903,FOR_SALE,579999,,3.0,2.0,1783.0,14641.0,1992.0,SINGLE_FAMILY,"2316 North Shields Dr, Austin, TX, 78727",Austin,TX,78727,30.425708,-97.696021,0.0,32.0,325.0,for_sale,2026-08-10T08:51:21.908331,2.0,2.0
8978059786,2987912279,PENDING,599000,,3.0,2.0,2202.0,6970.0,1982.0,SINGLE_FAMILY,"3507 Lovage Dr, Austin, TX, 78727",Austin,TX,78727,30.426501,-97.707123,0.0,54.0,272.0,for_sale,2026-08-10T08:51:21.908331,2.0,2.0
8404484288,2998371197,PENDING,549900,,4.0,2.0,2023.0,7039.0,1999.0,SINGLE_FAMILY,"4228 Columbine Dr, Austin, TX, 78727",Austin,TX,78727,30.427863,-97.717548,20.0,30.0,272.0,for_sale,2026-08-10T08:51:21.908331,2.0,2.0
8572099680,2992411368,FOR_SALE,572400,,3.0,2.0,1711.0,8551.0,1980.0,SINGLE_FAMILY,"12935 Pegasus St, Austin, TX, 78727",Austin,TX,78727,30.427783,-97.706635,0.0,151.0,335.0,for_sale,2026-08-10T08:51:21.908331,2.0,2.0
7659226305,2992352357,FOR_SALE,719987,,4.0,2.0,2677.0,8303.0,2005.0,SINGLE_FAMILY,"12613 Palfrey Dr, Austin, TX, 78727",Austin,TX,78727,30.424482,-97.705896,4.0,151.0,269.0,for_sale,2026-08-10T08:51:21.908331,2.0,2.0
7266759618,2998099158,FOR_SALE,1300000,,4.0,3.0,2400.0,18295.0,2026.0,SINGLE_FAMILY,"12100 Mustang Chase, Austin, TX, 78727",Austin,TX,78727,30.421938,-97.737159,0.0,37.0,542.0,for_sale,2026-08-10T08:51:21.908331,2.0,1.0
8090366663,2998928026,FOR_SALE,520000,,4.0,2.0,2387.0,5750.0,2001.0,SINGLE_FAMILY,"1712 Lynnville Trl, Austin, TX, 78727",Austin,TX,78727,30.424423,-97.681797,38.0,13.0,218.0,for_sale,2026-08-10T08:51:21.908331,2.0,2.0
8002791698,2997166942,PENDING,430000,,3.0,2.0,1560.0,8786.0,1980.0,SINGLE_FAMILY,"12015 Carmel Park Ln, Austin, TX, 78727",Austin,TX,78727,30.415817,-97.726939,0.0,59.0,276.0,for_sale,2026-08-10T08:51:21.908331,2.0,2.0
7923871022,2994726189,FOR_SALE,659000,,3.0,2.0,2116.0,12441.0,1985.0,SINGLE_FAMILY,"12903 Silver Creek Dr, Austin, TX, 78727",Austin,TX,78727,30.429271,-97.71262,0.0,100.0,311.0,for_sale,2026-08-10T08:51:21.908331,2.0,2.0
7534163208,2997023442,PENDING,475000,,4.0,2.0,1897.0,8067.0,1979.0,SINGLE_FAMILY,"3801 Eton Ln, Austin, TX, 78727",Austin,TX,78727,30.413426,-97.722007,0.0,60.0,250.0,for_sale,2026-08-10T08:51:21.908331,2.0,1.0
8741532849,2994739463,FOR_SALE,524000,,5.0,3.0,2002.0,8751.0,1983.0,MULTI_FAMILY,"12002 Arrowwood Dr, Austin, TX, 78727",Austin,TX,78727,30.417983,-97.729007,0.0,100.0,262.0,for_sale,2026-08-10T08:51:21.908331,2.0,1.0
8968358136,2998763117,FOR_SALE,299000,,2.0,2.0,1223.0,4238.0,1995.0,CONDOS,"12212 Brigadoon Ln Apt 144, Austin, TX, 78727",Austin,TX,78727,30.419245,-97.720508,400.0,18.0,244.0,for_sale,2026-08-10T08:51:21.908331,2.0,2.0
8853964197,2994948249,FOR_SALE,599900,,4.0,2.0,1627.0,8433.0,1981.0,SINGLE_FAMILY,"3907 Skipton Dr, Austin, TX, 78727",Austin,TX,78727,30.416204,-97.722244,0.0,94.0,369.0,for_sale,2026-08-10T08:51:21.908331,2.0,1.0
7064457338,2993578836,FOR_SALE,359900,,3.0,2.0,1314.0,,1985.0,SINGLE_FAMILY,"13113 Billiem Dr, Austin, TX, 78727",Austin,TX,78727,30.422122,-97.6859,0.0,119.0,274.0,for_sale,2026-08-10T08:51:21.908331,2.0,1.0
8528840738,2995387989,FOR_SALE,479900,,3.0,3.0,1558.0,7283.0,1978.0,SINGLE_FAMILY,"2110 Magazine St, Austin, TX, 78727",Austin,TX,78727,30.427013,-97.691006,0.0,87.0,308.0,for_sale,2026-08-10T08:51:21.908331,1.0,1.0
8460886887,2982341024,FOR_SALE,539000,,4.0,3.0,2847.0,6639.0,2003.0,SINGLE_FAMILY,"2225 Lou John St, Austin, TX, 78727",Austin,TX,78727,30.4303,-97.690426,13.0,162.0,189.0,for_sale,2026-08-10T08:51:21.908331,2.0,2.0
7819301748,2999048709,FOR_SALE,475000,,4.0,2.0,2371.0,8102.0,1996.0,SINGLE_FAMILY,"13301 Slow Poke Dr, Austin, TX, 78727",Austin,TX,78727,30.42712,-97.69232,0.0,10.0,200.0,for_sale,2026-08-10T08:51:21.908331,2.0,2.0
8180512978,2996433911,PENDING,499500,,3.0,2.0,2015.0,8529.0,2000.0,SINGLE_FAMILY,"13625 Campesina Dr, Austin, TX, 78727",Austin,TX,78727,30.431343,-97.687202,38.0,68.0,248.0,for_sale,2026-08-10T08:51:21.908331,2.0,2.0
8381714797,2993594275,FOR_SALE,455000,,3.0,2.0,1301.0,7174.0,1984.0,SINGLE_FAMILY,"5143 Ganymede Dr, Austin, TX, 78727",Austin,TX,78727,30.431051,-97.726973,0.0,118.0,350.0,for_sale,2026-08-10T08:51:21.908331,2.0,1.0
7373164523,2995334570,FOR_SALE,330000,,2.0,2.0,1550.0,5184.0,2003.0,CONDOS,"1900 Scofield Ridge Pkwy Apt 5403, Austin, TX, 78727",Austin,TX,78727,30.428131,-97.684809,360.0,88.0,213.0,for_sale,2026-08-10T08:51:21.908331,2.0,2.0
7571633334,2993343933,FOR_SALE,398900,,3.0,2.0,1809.0,7004.0,1982.0,SINGLE_FAMILY,"2005 Elysian Flds, Austin, TX, 78727",Austin,TX,78727,30.423591,-97.689791,0.0,125.0,221.0,for_sale,2026-08-10T08:51:21.908331,,1.0
8117922825,2992206447,FOR_SALE,535000,,4.0,4.0,1777.0,29551.0,1983.0,MULTI_FAMILY,"4407 Limewood Ct, Austin, TX, 78727",Austin,TX,78727,30.416301,-97.729127,0.0,156.0,301.0,for_sale,2026-08-10T08:51:21.908331,2.0,1.0
7802077332,2998307474,FOR_SALE,589800,,4.0,2.0,1926.0,9923.0,1979.0,SINGLE_FAMILY,"12001 Trianon Ln, Austin, TX, 78727",Austin,TX,78727,30.412858,-97.723796,,31.0,306.0,for_sale,2026-08-10T08:51:21.908331,2.0,2.0
9135352017,2998914056,FOR_SALE,290000,,2.0,1.0,835.0,4530.0,1980.0,CONDOS,"12811 Copper Cliff Ave Unit B, Austin, TX, 78727",Austin,TX,78727,30.422658,-97.695287,104.0,14.0,347.0,for_sale,2026-08-10T08:51:21.908331,1.0,1.0
8929315933,2997442371,FOR_SALE,325000,,3.0,2.0,1495.0,4225.0,1995.0,CONDOS,"12212 Brigadoon Ln Apt 151, Austin, TX, 78727",Austin,TX,78727,30.419245,-97.720508,400.0,52.0,217.0,for_sale,2026-08-10T08:51:21.908331,1.0,2.0
8742665898,2990760442,PENDING,309000,,2.0,1.0,896.0,7078.0,1984.0,SINGLE_FAMILY,"12702 Acadian Trl, Austin, TX, 78727",Austin,TX,78727,30.435499,-97.74489,0.0,192.0,345.0,for_sale,2026-08-10T08:51:21.908331,1.0,1.0
7234799961,2998364750,PENDING,499900,,3.0,2.0,1678.0,6952.0,1998.0,SINGLE_FAMILY,"4400 Destinys Gate Dr, Austin, TX, 78727",Austin,TX,78727,30.429897,-97.716241,24.0,30.0,298.0,for_sale,2026-08-10T08:51:21.908331,2.0,1.0
8846965568,2997067749,SOLD,999000,,5.0,2.0,2363.0,25439.0,1972.0,SINGLE_FAMILY,"12426 Deer Track, Austin, TX, 78727",Austin,TX,78727,30.426289,-97.732053,0.0,53.0,,sold,2026-08-10T08:51:25.691348,2.0,2.0
8526635230,2998308606,SOLD,650000,,3.0,2.0,1971.0,10119.0,1979.0,SINGLE_FAMILY,"4103 Oak Creek Dr, Austin, TX, 78727",Austin,TX,78727,30.42994,-97.71312,0.0,24.0,,sold,2026-08-10T08:51:25.691348,2.0,1.0
7885311961,2997526191,SOLD,425000,,3.0,2.0,1622.0,9583.0,1977.0,SINGLE_FAMILY,"4805 Duval Rd, Austin, TX, 78727",Austin,TX,78727,30.414788,-97.736992,0.0,35.0,,sold,2026-08-10T08:51:25.691348,2.0,1.0
7936951368,2997218029,SOLD,589900,,4.0,3.0,1838.0,7762.0,1980.0,SINGLE_FAMILY,"12933 Pegasus St, Austin, TX, 78727",Austin,TX,78727,30.428037,-97.706666,0.0,38.0,,sold,2026-08-10T08:51:25.691348,2.0,1.0
7178813033,2997272455,SOLD,524995,,4.0,3.0,2598.0,6429.0,1994.0,SINGLE_FAMILY,"12700 Picket Rope Ln, Austin, TX, 78727",Austin,TX,78727,30.415307,-97.685095,42.0,36.0,,sold,2026-08-10T08:51:25.691348,2.0,2.0
7720281584,2993001966,SOLD,275000,,3.0,2.0,1112.0,4047.0,1986.0,SINGLE_FAMILY,"12807 Widge Dr, Austin, TX, 78727",Austin,TX,78727,30.418095,-97.686911,0.0,114.0,,sold,2026-08-10T08:51:25.691348,2.0,1.0
8533447193,2994653021,SOLD,610000,,4.0,2.0,1813.0,8307.0,1981.0,SINGLE_FAMILY,"12404 Adelphi Cv, Austin, TX, 78727",Austin,TX,78727,30.423496,-97.72129,0.0,77.0,,sold,2026-08-10T08:51:25.691348,2.0,2.0
8781913753,2994863105,SOLD,499000,,3.0,2.0,1664.0,8843.0,1979.0,SINGLE_FAMILY,"4506 Oak Creek Dr, Austin, TX, 78727",Austin,TX,78727,30.432055,-97.717077,,72.0,,sold,2026-08-10T08:51:25.691348,2.0,1.0
8518358491,2995709499,SOLD,725000,,3.0,2.0,2137.0,22978.0,2005.0,SINGLE_FAMILY,"5319 Bull Run, Austin, TX, 78727",Austin,TX,78727,30.420628,-97.741549,0.0,55.0,,sold,2026-08-10T08:51:25.691348,2.0,1.0
8292008857,2994414902,SOLD,379500,,3.0,2.0,1221.0,8407.0,1979.0,SINGLE_FAMILY,"2005 Scofield Ln, Austin, TX, 78727",Austin,TX,78727,30.419838,-97.691885,0.0,80.0,,sold,2026-08-10T08:51:25.691348,2.0,1.0
8144551343,2989263081,SOLD,485000,,3.0,2.0,1714.0,7126.0,1982.0,SINGLE_FAMILY,"3403 Palomar Ln, Austin, TX, 78727",Austin,TX,78727,30.424327,-97.708601,0.0,215.0,,sold,2026-08-10T08:51:25.691348,2.0,1.0
7166243894,2995806576,SOLD,540000,,4.0,2.0,2473.0,6612.0,2003.0,SINGLE_FAMILY,"2500 Century Park Blvd, Austin, TX, 78727",Austin,TX,78727,30.432682,-97.691193,13.0,47.0,,sold,2026-08-10T08:51:25.691348,2.0,2.0
8551823308,2996714370,SOLD,419000,,3.0,2.0,1410.0,8398.0,1984.0,SINGLE_FAMILY,"12609 Cantle Trl, Austin, TX, 78727",Austin,TX,78727,30.424083,-97.707895,0.0,30.0,,sold,2026-08-10T08:51:25.691348,2.0,2.0
7681231431,2994624255,SOLD,550000,,3.0,2.0,2358.0,11326.0,1979.0,SINGLE_FAMILY,"4107 Columbine Dr, Austin, TX, 78727",Austin,TX,78727,30.426363,-97.715646,2.0,68.0,,sold,2026-08-10T08:51:25.691348,2.0,2.0
7177112802,2996711984,SOLD,291700,,3.0,2.0,1442.0,7841.0,1984.0,SINGLE_FAMILY,"6412 Jennings Dr, Austin, TX, 78727",Austin,TX,78727,30.439731,-97.752486,0.0,29.0,,sold,2026-08-10T08:51:25.691348,2.0,2.0
8835241317,2993639691,SOLD,849900,,3.0,2.0,1798.0,22477.0,1960.0,SINGLE_FAMILY,"3707 McNeil Dr, Austin, TX, 78727",Austin,TX,78727,30.433303,-97.704695,0.0,82.0,,sold,2026-08-10T08:51:25.691348,4.0,1.0
7604595839,2996656010,SOLD,609900,,3.0,2.0,1823.0,9927.0,1978.0,SINGLE_FAMILY,"12017 Wycliff Ln, Austin, TX, 78727",Austin,TX,78727,30.416394,-97.727742,0.0,24.0,,sold,2026-08-10T08:51:25.691348,2.0,1.0
7806221889,2994664116,SOLD,429900,,3.0,3.0,1730.0,10685.0,2018.0,SINGLE_FAMILY,"13501 Metric Blvd Unit 25, Austin, TX, 78727",Austin,TX,78727,30.424245,-97.679124,125.0,60.0,,sold,2026-08-10T08:51:25.691348,1.0,3.0
8425048424,2994965303,SOLD,525000,,4.0,2.0,3028.0,8708.0,2004.0,SINGLE_FAMILY,"2308 Lou John St, Austin, TX, 78727",Austin,TX,78727,30.431039,-97.690921,13.0,53.0,,sold,2026-08-10T08:51:25.691348,2.0,2.0
7468345623,2995763920,SOLD,420000,,3.0,2.0,1579.0,9975.0,1985.0,SINGLE_FAMILY,"12932 Covington Trl, Austin, TX, 78727",Austin,TX,78727,30.435941,-97.737841,,38.0,,sold,2026-08-10T08:51:25.691348,2.0,1.0
7473382456,2997061960,SOLD,395000,,3.0,2.0,1724.0,8525.0,1979.0,SINGLE_FAMILY,"12006 Trianon Ln, Austin, TX, 78727",Austin,TX,78727,30.41358,-97.723964,0.0,14.0,,sold,2026-08-10T08:51:25.691348,2.0,1.0
8485015989,2994670717,SOLD,375000,,3.0,2.0,1420.0,6961.0,1982.0,SINGLE_FAMILY,"3609 Oak Creek Dr, Austin, TX, 78727",Austin,TX,78727,30.427323,-97.707868,0.0,54.0,,sold,2026-08-10T08:51:25.691348,2.0,1.0
8046177846,2992929414,SOLD,494900,,4.0,2.0,2173.0,9296.0,1999.0,SINGLE_FAMILY,"13320 Kinder Pass, Austin, TX, 78727",Austin,TX,78727,30.425628,-97.686299,38.0,90.0,,sold,2026-08-10T08:51:25.691348,2.0,1.0
8194023028,2995473381,SOLD,635000,,3.0,2.0,1690.0,7614.0,1982.0,SINGLE_FAMILY,"12704 Timberside Dr, Austin, TX, 78727",Austin,TX,78727,30.425734,-97.707374,0.0,33.0,,sold,2026-08-10T08:51:25.691348,2.0,1.0
8368102212,2994002748,SOLD,599900,,4.0,2.0,1752.0,8189.0,1981.0,SINGLE_FAMILY,"4302 Everest Ln, Austin, TX, 78727",Austin,TX,78727,30.41931,-97.725001,1.0,62.0,,sold,2026-08-10T08:51:25.691348,2.0,1.0
8012365224,2994719618,SOLD,539000,,4.0,3.0,2542.0,6665.0,1993.0,SINGLE_FAMILY,"12621 Cinchring Ln, Austin, TX, 78727",Austin,TX,78727,30.414039,-97.684916,42.0,41.0,,sold,2026-08-10T08:51:25.691348,2.0,2.0
8575087772,2992254272,SOLD,498000,,4.0,2.0,2299.0,5994.0,1997.0,SINGLE_FAMILY,"2218 Equestrian Trl, Austin, TX, 78727",Austin,TX,78727,30.429528,-97.691681,38.0,94.0,,sold,2026-08-10T08:51:25.691348,2.0,2.0
7559316832,2993344927,SOLD,295000,,2.0,2.0,1358.0,4535.0,2004.0,CONDOS,"2632 Century Park Blvd Unit 34, Austin, TX, 78727",Austin,TX,78727,30.433742,-97.693335,415.0,64.0,,sold,2026-08-10T08:51:25.691348,1.0,2.0
7023924740,2994087788,SOLD,310000,,2.0,2.0,1558.0,5184.0,2003.0,CONDOS,"1900 Scofield Ridge Pkwy Apt 3002, Austin, TX, 78727",Austin,TX,78727,30.428131,-97.684809,360.0,51.0,,sold,2026-08-10T08:51:25.691348,1.0,2.0
8838275235,2994493899,SOLD,599900,,3.0,2.0,1705.0,7736.0,1981.0,SINGLE_FAMILY,"3706 Skipton Dr, Austin, TX, 78727",Austin,TX,78727,30.415836,-97.720301,0.0,41.0,,sold,2026-08-10T08:51:25.691348,2.0,1.0
7970266081,2994753248,SOLD,396000,,3.0,2.0,1215.0,5702.0,1984.0,SINGLE_FAMILY,"5804 Avery Island Ave, Austin, TX, 78727",Austin,TX,78727,30.433781,-97.742583,0.0,34.0,,sold,2026-08-10T08:51:25.691348,1.0,1.0
8787496827,2995048602,SOLD,560000,,3.0,2.0,1731.0,8973.0,1979.0,SINGLE_FAMILY,"4306 Oak Creek Dr, Austin, TX, 78727",Austin,TX,78727,30.431179,-97.714965,0.0,26.0,,sold,2026-08-10T08:51:25.691348,2.0,1.0
7998725889,2994833683,SOLD,295000,,2.0,2.0,1186.0,4008.0,1986.0,SINGLE_FAMILY,"12908 Meehan Dr, Austin, TX, 78727",Austin,TX,78727,30.41868,-97.686611,0.0,30.0,,sold,2026-08-10T08:51:25.691348,2.0,1.0
8871643326,2994691089,SOLD,525000,,3.0,2.0,1573.0,6939.0,1982.0,SINGLE_FAMILY,"4810 Pelham Dr, Austin, TX, 78727",Austin,TX,78727,30.423377,-97.728995,0.0,33.0,,sold,2026-08-10T08:51:25.691348,2.0,1.0
8215277547,2993529682,SOLD,289000,,2.0,2.0,1353.0,5184.0,2004.0,CONDOS,"1900 Scofield Ridge Pkwy Apt 501, Austin, TX, 78727",Austin,TX,78727,30.428131,-97.684809,360.0,51.0,,sold,2026-08-10T08:51:25.691348,1.0,2.0
8422568754,2989992154,SOLD,585000,,4.0,2.0,2515.0,6665.0,2016.0,SINGLE_FAMILY,"13116 Wingate Way, Austin, TX, 78727",Austin,TX,78727,30.427603,-97.700142,62.0,143.0,,sold,2026-08-10T08:51:25.691348,2.0,2.0
8028816074,2993243564,SOLD,240000,,2.0,1.0,1089.0,4204.0,2009.0,CONDOS,"1310 W Parmer Ln Apt 601, Austin, TX, 78727",Austin,TX,78727,30.40966,-97.68223,291.0,54.0,,sold,2026-08-10T08:51:25.691348,1.0,2.0
8371243068,2993671308,SOLD,500000,,3.0,2.0,1678.0,5907.0,1998.0,SINGLE_FAMILY,"4500 Destinys Gate Dr, Austin, TX, 78727",Austin,TX,78727,30.43042,-97.717373,24.0,42.0,,sold,2026-08-10T08:51:25.691348,2.0,1.0
8590881715,2994004897,SOLD,549000,,3.0,2.0,1914.0,7536.0,1996.0,SINGLE_FAMILY,"13231 Armaga Springs Rd, Austin, TX, 78727",Austin,TX,78727,30.427068,-97.693097,38.0,39.0,,sold,2026-08-10T08:51:25.691348,2.0,1.0
8042797834,2982666680,SOLD,369000,,3.0,2.0,1321.0,6970.0,1978.0,SINGLE_FAMILY,"12103 Wycliff Ln, Austin, TX, 78727",Austin,TX,78727,30.417592,-97.727065,0.0,356.0,,sold,2026-08-10T08:51:25.691348,2.0,1.0
8733334341,2994003435,SOLD,625000,,4.0,2.0,1613.0,8303.0,1981.0,SINGLE_FAMILY,"4206 Everest Ln, Austin, TX, 78727",Austin,TX,78727,30.419022,-97.724424,0.0,39.0,,sold,2026-08-10T08:51:25.691348,2.0,1.0
7346821384,2993496505,SOLD,420000,,3.0,2.0,1508.0,8015.0,1978.0,SINGLE_FAMILY,"2020 Magazine St, Austin, TX, 78727",Austin,TX,78727,30.426402,-97.68972,0.0,41.0,,sold,2026-08-10T08:51:25.691348,2.0,1.0
7799365508,2994385028,SOLD,424995,,3.0,2.0,1489.0,6490.0,1983.0,SINGLE_FAMILY,"4614 Ganymede Dr, Austin, TX, 78727",Austin,TX,78727,30.427104,-97.723341,0.0,26.0,,sold,2026-08-10T08:51:25.691348,2.0,1.0
7932105756,2992650582,SOLD,480000,,3.0,2.0,1425.0,7714.0,1985.0,SINGLE_FAMILY,"12904 Garfield Ln, Austin, TX, 78727",Austin,TX,78727,30.43628,-97.737779,0.0,,,sold,2026-08-10T08:51:25.691348,2.0,1.0
7181137004,2993414125,SOLD,495000,,3.0,2.0,1510.0,8276.0,1984.0,SINGLE_FAMILY,"5001 Ganymede Dr, Austin, TX, 78727",Austin,TX,78727,30.428641,-97.727199,0.0,36.0,,sold,2026-08-10T08:51:25.691348,2.0,1.0
7714542629,2992469910,SOLD,475000,,3.0,2.0,1808.0,5750.0,1996.0,SINGLE_FAMILY,"12716 Withers Way, Austin, TX, 78727",Austin,TX,78727,30.416591,-97.687785,42.0,63.0,,sold,2026-08-10T08:51:25.691348,2.0,1.0
7846581457,2983601584,SOLD,499000,,3.0,2.0,2183.0,8263.0,1984.0,SINGLE_FAMILY,"4513 Sidereal Dr, Austin, TX, 78727",Austin,TX,78727,30.426891,-97.720854,0.0,321.0,,sold,2026-08-10T08:51:25.691348,2.0,2.0
8899948964,2993302447,SOLD,299999,,2.0,2.0,1687.0,5162.0,2004.0,CONDOS,"1900 Scofield Ridge Pkwy Apt 503, Austin, TX, 78727",Austin,TX,78727,30.428131,-97.684809,360.0,39.0,,sold,2026-08-10T08:51:25.691348,3.0,2.0
7990456671,2993156948,SOLD,630000,,4.0,2.0,2283.0,10489.0,1980.0,SINGLE_FAMILY,"12002 Carmel Park Ln, Austin, TX, 78727",Austin,TX,78727,30.414791,-97.727427,0.0,40.0,,sold,2026-08-10T08:51:25.691348,2.0,2.0
8460190054,2992620886,SOLD,385000,,3.0,2.0,1312.0,7684.0,1984.0,SINGLE_FAMILY,"5116 Ganymede Dr, Austin, TX, 78727",Austin,TX,78727,30.430583,-97.728463,0.0,55.0,,sold,2026-08-10T08:51:25.691348,2.0,1.0
7945218813,2992153095,SOLD,499000,,3.0,2.0,2150.0,6869.0,1982.0,SINGLE_FAMILY,"12319 Wycliff Ln, Austin, TX, 78727",Austin,TX,78727,30.422543,-97.72511,0.0,66.0,,sold,2026-08-10T08:51:25.691348,2.0,1.0
8963168480,2992957258,SOLD,359000,,3.0,2.0,1206.0,3602.0,1984.0,SINGLE_FAMILY,"5935 Kevin Kelly Pl, Austin, TX, 78727",Austin,TX,78727,30.438568,-97.742925,50.0,42.0,,sold,2026-08-10T08:51:25.691348,1.0,1.0
8524368274,2992907639,SOLD,315000,,2.0,2.0,1550.0,,2003.0,CONDOS,"1900 Scofield Ridge Pkwy Apt 6803, Austin, TX, 78727",Austin,TX,78727,30.428131,-97.684809,365.0,43.0,,sold,2026-08-10T08:51:25.691348,2.0,2.0
7921867129,2984893008,SOLD,339990,,3.0,2.0,1334.0,7440.0,2006.0,CONDOS,"4209 Johns Light Dr Unit 70, Austin, TX, 78727",Austin,TX,78727,30.441127,-97.705265,475.0,278.0,,sold,2026-08-10T08:51:25.691348,2.0,1.0
8297195640,2993168351,SOLD,350000,,3.0,2.0,1510.0,8668.0,1984.0,SINGLE_FAMILY,"12608 Andromeda Cv, Austin, TX, 78727",Austin,TX,78727,30.428948,-97.725152,0.0,35.0,,sold,2026-08-10T08:51:25.691348,2.0,1.0
7709088136,2989378635,SOLD,319000,,2.0,2.0,1550.0,5184.0,2003.0,CONDOS,"1900 Scofield Ridge Pkwy Apt 203, Austin, TX, 78727",Austin,TX,78727,30.428131,-97.684809,350.0,146.0,,sold,2026-08-10T08:51:25.691348,2.0,2.0
7690115247,2993483616,SOLD,315000,,2.0,2.0,1023.0,3877.0,1984.0,SINGLE_FAMILY,"5912 Richard Carlton Blvd, Austin, TX, 78727",Austin,TX,78727,30.440581,-97.74206,30.0,25.0,,sold,2026-08-10T08:51:25.691348,1.0,1.0
7708286505,2993130081,SOLD,369000,,3.0,2.0,1378.0,9017.0,1981.0,SINGLE_FAMILY,"3904 Burr Oak Ln, Austin, TX, 78727",Austin,TX,78727,30.427431,-97.712022,0.0,29.0,,sold,2026-08-10T08:51:25.691348,2.0,1.0
8738857068,2992147684,SOLD,380000,,4.0,2.0,1410.0,6630.0,1985.0,SINGLE_FAMILY,"1800 Krizan Ave, Austin, TX, 78727",Austin,TX,78727,30.421706,-97.685638,0.0,56.0,,sold,2026-08-10T08:51:25.691348,2.0,1.0
8708828423,2992977191,SOLD,498000,,4.0,2.0,1958.0,6861.0,1993.0,SINGLE_FAMILY,"12706 Cinchring Ln, Austin, TX, 78727",Austin,TX,78727,30.414852,-97.684453,42.0,35.0,,sold,2026-08-10T08:51:25.691348,2.0,1.0
8140319656,2992148384,SOLD,540000,,3.0,2.0,1895.0,9418.0,1979.0,SINGLE_FAMILY,"12022 Carmel Park Ln, Austin, TX, 78727",Austin,TX,78727,30.416917,-97.726988,0.0,55.0,,sold,2026-08-10T08:51:25.691348,2.0,1.0
7966179056,2992987039,SOLD,575000,,4.0,2.0,1699.0,6573.0,1980.0,SINGLE_FAMILY,"4603 Whispering Valley Dr, Austin, TX, 78727",Austin,TX,78727,30.416474,-97.731344,,31.0,,sold,2026-08-10T08:51:25.691348,2.0,1.0
7107037789,2988203229,SOLD,569000,,4.0,2.0,2553.0,8407.0,1995.0,SINGLE_FAMILY,"13004 Scofield Farms Dr, Austin, TX, 78727",Austin,TX,78727,30.417957,-97.682143,42.0,170.0,,sold,2026-08-10T08:51:25.691348,2.0,1.0
7905535139,2990759507,SOLD,550000,,4.0,2.0,2682.0,6970.0,2000.0,SINGLE_FAMILY,"1933 Chasewood Dr, Austin, TX, 78727",Austin,TX,78727,30.426862,-97.684662,37.0,84.0,,sold,2026-08-10T08:51:25.691348,2.0,2.0
8210657304,2993039185,SOLD,645000,,3.0,3.0,1941.0,8377.0,1982.0,SINGLE_FAMILY,"4411 Cumbria Ln, Austin, TX, 78727",Austin,TX,78727,30.423299,-97.723784,0.0,26.0,,sold,2026-08-10T08:51:25.691348,2.0,2.0
7491840682,2991993123,SOLD,414900,,3.0,2.0,1931.0,7440.0,2007.0,CONDOS,"14021 Ashton Woods Cir, Austin, TX, 78727",Austin,TX,78727,30.440825,-97.706542,430.0,54.0,,sold,2026-08-10T08:51:25.691348,2.0,2.0
7277232388,2988160499,SOLD,410000,,3.0,2.0,1696.0,5750.0,1998.0,SINGLE_FAMILY,"12935 Withers Way, Austin, TX, 78727",Austin,TX,78727,30.418837,-97.684631,42.0,167.0,,sold,2026-08-10T08:51:25.691348,2.0,1.0
7430768071,2992625317,SOLD,480000,,4.0,2.0,1748.0,7667.0,1983.0,SINGLE_FAMILY,"4910 Pelham Dr, Austin, TX, 78727",Austin,TX,78727,30.424854,-97.729108,0.0,37.0,,sold,2026-08-10T08:51:25.691348,2.0,2.0
7302653538,2992559180,SOLD,294000,,2.0,1.0,791.0,4748.0,1985.0,SINGLE_FAMILY,"5908 Richard Carlton Blvd, Austin, TX, 78727",Austin,TX,78727,30.440654,-97.741841,54.0,38.0,,sold,2026-08-10T08:51:25.691348,1.0,1.0
8962229128,2991257253,SOLD,524900,,3.0,2.0,2531.0,6573.0,1998.0,SINGLE_FAMILY,"13208 Calf Roping Trl, Austin, TX, 78727",Austin,TX,78727,30.427626,-97.694623,38.0,75.0,,sold,2026-08-10T08:51:25.691348,2.0,2.0
7268152979,2992227183,SOLD,550000,,3.0,2.0,1644.0,8982.0,1979.0,SINGLE_FAMILY,"4102 Tamarack Trl, Austin, TX, 78727",Austin,TX,78727,30.429457,-97.713422,0.0,46.0,,sold,2026-08-10T08:51:25.691348,2.0,1.0
7094150590,2992677434,SOLD,407000,,3.0,2.0,1237.0,5615.0,1984.0,SINGLE_FAMILY,"5812 Avery Island Ave, Austin, TX, 78727",Austin,TX,78727,30.434109,-97.743105,0.0,33.0,,sold,2026-08-10T08:51:25.691348,1.0,1.0
8647220116,2991761781,SOLD,385000,,3.0,2.0,1285.0,8481.0,1983.0,SINGLE_FAMILY,"13101 Dauphine St, Austin, TX, 78727",Austin,TX,78727,30.423371,-97.687704,0.0,58.0,,sold,2026-08-10T08:51:25.691348,2.0,1.0
7559590840,2989241096,SOLD,499000,,4.0,3.0,2598.0,7196.0,1993.0,SINGLE_FAMILY,"1605 Dapplegrey Ln, Austin, TX, 78727",Austin,TX,78727,30.413272,-97.685999,42.0,135.0,,sold,2026-08-10T08:51:25.691348,2.0,2.0
7480564969,2992190635,SOLD,349900,,3.0,2.0,1500.0,7440.0,2006.0,CONDOS,"13800 Ashton Woods Cir, Austin, TX, 78727",Austin,TX,78727,30.442329,-97.706178,475.0,40.0,,sold,2026-08-10T08:51:25.691348,2.0,1.0
8902380024,2992748071,SOLD,624900,,4.0,2.0,1664.0,11034.0,1978.0,SINGLE_FAMILY,"3814 Tamarack Trl, Austin, TX, 78727",Austin,TX,78727,30.427761,-97.710993,0.0,26.0,,sold,2026-08-10T08:51:25.691348,2.0,1.0
7141478337,2990404507,SOLD,509000,,3.0,2.0,1621.0,8952.0,1981.0,SINGLE_FAMILY,"4504 Tamarack Trl, Austin, TX, 78727",Austin,TX,78727,30.431313,-97.71731,0.0,85.0,,sold,2026-08-10T08:51:25.691348,2.0,1.0
7470235639,2991900580,SOLD,328000,,3.0,2.0,1172.0,10542.0,1979.0,SINGLE_FAMILY,"2004 Abbey Cir, Austin, TX, 78727",Austin,TX,78727,30.419691,-97.692574,0.0,43.0,,sold,2026-08-10T08:51:25.691348,2.0,1.0
8751348863,2987828978,SOLD,357000,,3.0,2.0,1307.0,7971.0,1984.0,SINGLE_FAMILY,"12705 Acadian Trl, Austin, TX, 78727",Austin,TX,78727,30.435395,-97.744356,0.0,32.0,,sold,2026-08-10T08:51:25.691348,2.0,1.0
7662631171,2992498054,SOLD,475000,,3.0,2.0,1481.0,7139.0,1982.0,SINGLE_FAMILY,"1902 Metairie Cir, Austin, TX, 78727",Austin,TX,78727,30.418556,-97.690734,0.0,26.0,,sold,2026-08-10T08:51:25.691348,2.0,1.0
8555061440,2990742193,SOLD,700000,,3.0,2.0,2119.0,14662.0,1973.0,SINGLE_FAMILY,"4701 Pony Chase, Austin, TX, 78727",Austin,TX,78727,30.421536,-97.730941,0.0,66.0,,sold,2026-08-10T08:51:25.691348,2.0,1.0
7864721381,2991937493,SOLD,575000,,3.0,2.0,1680.0,7449.0,1978.0,SINGLE_FAMILY,"4305 Yucatan Ln, Austin, TX, 78727",Austin,TX,78727,30.417771,-97.726563,0.0,38.0,,sold,2026-08-10T08:51:25.691348,2.0,1.0
7750454738,2989114954,SOLD,349900,,3.0,2.0,1366.0,6599.0,1982.0,SINGLE_FAMILY,"3603 Palomar Ln, Austin, TX, 78727",Austin,TX,78727,30.424942,-97.709952,0.0,121.0,,sold,2026-08-10T08:51:25.691348,2.0,1.0
7966141790,2986036515,SOLD,819000,,3.0,3.0,2016.0,51244.0,1969.0,SINGLE_FAMILY,"12005 Mustang Chase, Austin, TX, 78727",Austin,TX,78727,30.420349,-97.737158,0.0,210.0,,sold,2026-08-10T08:51:25.691348,,1.0
8501675575,2986289315,SOLD,259900,,2.0,1.0,1089.0,4204.0,2008.0,CONDOS,"1310 W Parmer Ln Apt 501, Austin, TX, 78727",Austin,TX,78727,30.409662,-97.682236,277.0,202.0,,sold,2026-08-10T08:51:25.691348,1.0,2.0
7333554709,2983837399,SOLD,449000,,3.0,2.0,2173.0,7610.0,1996.0,SINGLE_FAMILY,"2328 Rodeo Dr, Austin, TX, 78727",Austin,TX,78727,30.428611,-97.693461,37.0,273.0,,sold,2026-08-10T08:51:25.691348,2.0,1.0
7215147327,2986848571,SOLD,475000,,3.0,2.0,1758.0,11404.0,1995.0,SINGLE_FAMILY,"12727 Withers Way, Austin, TX, 78727",Austin,TX,78727,30.416071,-97.687268,42.0,182.0,,sold,2026-08-10T08:51:25.691348,2.0,1.0
8867834495,2992092579,SOLD,499980,,4.0,2.0,1766.0,,1974.0,SINGLE_FAMILY,"3808 Northfield Rd, Austin, TX, 78727",Austin,TX,78727,30.430542,-97.709631,0.0,23.0,,sold,2026-08-10T08:51:25.691348,2.0,1.0
7522665365,2999382164,FOR_SALE,1200000,,4.0,3.0,2728.0,14109.0,1967.0,SINGLE_FAMILY,"4016 Far West Blvd, Austin, TX, 78731",Austin,TX,78731,30.359452,-97.765362,0.0,3.0,440.0,for_sale,2026-08-10T08:51:38.705993,2.0,1.0
8196188672,2999240444,FOR_SALE,795000,,3.0,2.0,1999.0,10494.0,1978.0,SINGLE_FAMILY,"7509 Hart Ln, Austin, TX, 78731",Austin,TX,78731,30.360001,-97.752887,0.0,6.0,398.0,for_sale,2026-08-10T08:51:38.705993,2.0,1.0
7213715111,2998154565,FOR_SALE,12900000,,7.0,7.0,9859.0,15703.0,2025.0,SINGLE_FAMILY,"3701 Eastledge Dr, Austin, TX, 78731",Austin,TX,78731,30.317303,-97.768914,0.0,34.0,1308.0,for_sale,2026-08-10T08:51:38.705993,2.0,2.0
1952913449,2999127745,FOR_SALE,500000,,2.0,2.0,1270.0,11230.0,1983.0,SINGLE_FAMILY,"6702 Cat Creek Trl, Austin, TX, 78731",Austin,TX,78731,30.361833,-97.779374,114.0,9.0,394.0,for_sale,2026-08-10T08:51:38.705993,1.0,2.0
7697260861,2999349733,FOR_SALE,999000,,3.0,2.0,1739.0,8695.0,1964.0,SINGLE_FAMILY,"4803 Placid Pl, Austin, TX, 78731",Austin,TX,78731,30.324653,-97.752348,0.0,3.0,574.0,for_sale,2026-08-10T08:51:38.705993,1.0,1.0
7950792440,2999355735,FOR_SALE,1299000,,4.0,3.0,2677.0,8695.0,1984.0,SINGLE_FAMILY,"5801 Harrington Cv, Austin, TX, 78731",Austin,TX,78731,30.354958,-97.788348,29.0,3.0,485.0,for_sale,2026-08-10T08:51:38.705993,2.0,1.0
8945956690,2998005200,FOR_SALE,1500000,,5.0,4.0,3357.0,16448.0,1974.0,SINGLE_FAMILY,"5001 Sevan Cv, Austin, TX, 78731",Austin,TX,78731,30.369788,-97.77485,0.0,38.0,447.0,for_sale,2026-08-10T08:51:38.705993,3.0,1.0
7543545666,2999452779,FOR_SALE,1000000,,4.0,2.0,2686.0,11779.0,1973.0,SINGLE_FAMILY,"7644 Parkview Cir, Austin, TX, 78731",Austin,TX,78731,30.36976,-97.773737,0.0,1.0,372.0,for_sale,2026-08-10T08:51:38.705993,3.0,2.0
8490149243,2998609766,FOR_SALE,2395000,,5.0,4.0,4648.0,16814.0,1986.0,SINGLE_FAMILY,"6103 Twin Ledge Dr, Austin, TX, 78731",Austin,TX,78731,30.350375,-97.776466,74.0,23.0,515.0,for_sale,2026-08-10T08:51:38.705993,2.0,2.0
7724602691,2998404775,FOR_SALE,1199000,,5.0,4.0,4408.0,11199.0,1966.0,SINGLE_FAMILY,"4202 N Hills Dr, Austin, TX, 78731",Austin,TX,78731,30.360134,-97.768753,0.0,29.0,272.0,for_sale,2026-08-10T08:51:38.705993,,1.0
8521967510,2999117510,PENDING,2200000,,4.0,4.0,5244.0,12284.0,2006.0,SINGLE_FAMILY,"7324 Vista Mountain Dr, Austin, TX, 78731",Austin,TX,78731,30.371341,-97.780537,63.0,9.0,420.0,for_sale,2026-08-10T08:51:38.705993,2.0,3.0
7861603668,2999263671,FOR_SALE,1150000,,4.0,2.0,2785.0,10285.0,2015.0,SINGLE_FAMILY,"5209 Valley Oak Dr, Austin, TX, 78731",Austin,TX,78731,30.333646,-97.75709,0.0,5.0,413.0,for_sale,2026-08-10T08:51:38.705993,2.0,2.0
8984676004,2997294184,FOR_SALE,1375000,,4.0,2.0,2698.0,15947.0,1977.0,SINGLE_FAMILY,"5105 N Rim Dr, Austin, TX, 78731",Austin,TX,78731,30.37305,-97.77338,0.0,55.0,510.0,for_sale,2026-08-10T08:51:38.705993,2.0,2.0
7084112937,2999355321,FOR_SALE,955000,,5.0,3.0,2840.0,12545.0,1996.0,SINGLE_FAMILY,"6102 Bon Terra Dr, Austin, TX, 78731",Austin,TX,78731,30.347346,-97.766957,0.0,3.0,336.0,for_sale,2026-08-10T08:51:38.705993,2.0,2.0
8736570731,2998787545,FOR_SALE,2795000,,4.0,3.0,3783.0,16993.0,2018.0,SINGLE_FAMILY,"4504 Small Dr, Austin, TX, 78731",Austin,TX,78731,30.342601,-97.778073,0.0,18.0,739.0,for_sale,2026-08-10T08:51:38.705993,2.0,1.0
8195997787,2999125562,FOR_SALE,1499000,,4.0,3.0,2973.0,9583.0,1976.0,SINGLE_FAMILY,"5104 Beverly Hills Dr, Austin, TX, 78731",Austin,TX,78731,30.337177,-97.766882,0.0,9.0,504.0,for_sale,2026-08-10T08:51:38.705993,2.0,2.0
8485155607,2998776191,FOR_SALE,1549000,,5.0,4.0,3480.0,18539.0,1991.0,SINGLE_FAMILY,"6324 Bon Terra Dr, Austin, TX, 78731",Austin,TX,78731,30.35056,-97.770894,0.0,18.0,445.0,for_sale,2026-08-10T08:51:38.705993,2.0,2.0
8372393421,2999050817,FOR_SALE,750000,,4.0,3.0,2013.0,7257.0,1954.0,SINGLE_FAMILY,"5014 W Frances Pl, Austin, TX, 78731",Austin,TX,78731,30.329327,-97.754274,0.0,10.0,373.0,for_sale,2026-08-10T08:51:38.705993,,1.0
8175567124,2998456063,FOR_SALE,1400000,,3.0,2.0,2934.0,17276.0,1992.0,SINGLE_FAMILY,"6004 Mount Bonnell Rd, Austin, TX, 78731",Austin,TX,78731,30.348809,-97.781192,84.0,27.0,477.0,for_sale,2026-08-10T08:51:38.705993,2.0,2.0
8093574651,2991456699,FOR_SALE,514000,,3.0,2.0,2386.0,4060.0,1979.0,CONDOS,"7216 Chimney Cors, Austin, TX, 78731",Austin,TX,78731,30.358695,-97.760406,631.0,179.0,215.0,for_sale,2026-08-10T08:51:38.705993,2.0,2.0
7714868576,2998519613,FOR_SALE,4850000,,4.0,4.0,3858.0,18543.0,2001.0,SINGLE_FAMILY,"5307 Tortuga Trl, Austin, TX, 78731",Austin,TX,78731,30.333951,-97.778498,13.0,25.0,1257.0,for_sale,2026-08-10T08:51:38.705993,2.0,3.0
8839852847,2999168793,FOR_SALE,250000,,2.0,2.0,985.0,,1982.0,CONDOS,"3840 Far West Blvd Apt 103, Austin, TX, 78731",Austin,TX,78731,30.357098,-97.759893,516.0,8.0,254.0,for_sale,2026-08-10T08:51:38.705993,,1.0
7992477103,2995696290,PENDING,1595000,,4.0,3.0,4233.0,14471.0,1970.0,SINGLE_FAMILY,"7802 Shadyrock Dr, Austin, TX, 78731",Austin,TX,78731,30.367518,-97.758891,0.0,81.0,377.0,for_sale,2026-08-10T08:51:38.705993,2.0,2.0
8417697434,2991894661,FOR_SALE,950000,,4.0,2.0,2672.0,11138.0,1967.0,SINGLE_FAMILY,"7207 Mesa Dr, Austin, TX, 78731",Austin,TX,78731,30.361839,-97.764869,0.0,165.0,356.0,for_sale,2026-08-10T08:51:38.705993,2.0,1.0
7031844196,2998641354,FOR_SALE,1495000,,4.0,3.0,2566.0,14985.0,1962.0,SINGLE_FAMILY,"3405 Cascadera Dr, Austin, TX, 78731",Austin,TX,78731,30.318006,-97.769591,0.0,23.0,583.0,for_sale,2026-08-10T08:51:38.705993,2.0,1.0
8828139969,2998297384,FOR_SALE,999000,,3.0,2.0,2561.0,4617.0,1978.0,SINGLE_FAMILY,"6022 Mount Bonnell Holw, Austin, TX, 78731",Austin,TX,78731,30.349256,-97.778767,84.0,31.0,390.0,for_sale,2026-08-10T08:51:38.705993,2.0,2.0
7955681096,2993171655,FOR_SALE,1200000,,3.0,2.0,2416.0,13852.0,1973.0,SINGLE_FAMILY,"3907 Cresthill Dr, Austin, TX, 78731",Austin,TX,78731,30.342805,-97.767153,0.0,130.0,497.0,for_sale,2026-08-10T08:51:38.705993,,2.0
8409270776,2994892390,FOR_SALE,1095000,,4.0,3.0,2551.0,11308.0,1967.0,SINGLE_FAMILY,"5932 Highland Hills Dr, Austin, TX, 78731",Austin,TX,78731,30.345043,-97.757067,0.0,95.0,429.0,for_sale,2026-08-10T08:51:38.705993,2.0,3.0
8543035210,2998425462,PENDING,565000,,2.0,2.0,1530.0,5576.0,1980.0,TOWNHOMES,"3870 Williamsburg Cir, Austin, TX, 78731",Austin,TX,78731,30.366124,-97.752224,361.0,27.0,369.0,for_sale,2026-08-10T08:51:38.705993,1.0,1.0
8218946790,2996113518,FOR_SALE,2675000,,4.0,4.0,3489.0,24685.0,2022.0,SINGLE_FAMILY,"4703 Highland Ter, Austin, TX, 78731",Austin,TX,78731,30.326116,-97.75651,0.0,73.0,767.0,for_sale,2026-08-10T08:51:38.705993,2.0,1.0
7670082617,2998490944,FOR_SALE,3550000,,6.0,5.0,4350.0,13504.0,2026.0,SINGLE_FAMILY,"3805 Rockledge Dr, Austin, TX, 78731",Austin,TX,78731,30.353749,-97.761788,,26.0,816.0,for_sale,2026-08-10T08:51:38.705993,2.0,2.0
7527402695,2994428883,FOR_SALE,3500000,,4.0,3.0,4841.0,20343.0,2022.0,SINGLE_FAMILY,"4301 Balcones Dr, Austin, TX, 78731",Austin,TX,78731,30.324097,-97.768815,0.0,108.0,723.0,for_sale,2026-08-10T08:51:38.705993,,2.0
8254435340,2997421975,FOR_SALE,900000,,3.0,2.0,2447.0,7697.0,1992.0,SINGLE_FAMILY,"6616 Candle Ridge Cv, Austin, TX, 78731",Austin,TX,78731,30.360577,-97.777209,46.0,52.0,368.0,for_sale,2026-08-10T08:51:38.705993,2.0,2.0
7266249268,2998876918,FOR_SALE,985000,,3.0,2.0,2030.0,7253.0,1953.0,SINGLE_FAMILY,"4702 Chiappero Trl, Austin, TX, 78731",Austin,TX,78731,30.322165,-97.749372,0.0,16.0,485.0,for_sale,2026-08-10T08:51:38.705993,,1.0
9240261528,2999117509,FOR_SALE,209000,,1.0,1.0,878.0,858.0,2019.0,CONDOS,"4415 Jackson Ave Unit 4306, Austin, TX, 78731",Austin,TX,78731,30.316643,-97.752742,607.0,9.0,238.0,for_sale,2026-08-10T08:51:38.705993,,1.0
7224232880,2999127548,FOR_SALE,150000,,1.0,1.0,596.0,,1982.0,CONDOS,"3840 Far West Blvd Apt 225, Austin, TX, 78731",Austin,TX,78731,30.357098,-97.759893,333.0,9.0,252.0,for_sale,2026-08-10T08:51:38.705993,,1.0
8088253021,2998457323,PENDING,2799000,,4.0,3.0,4012.0,13355.0,2021.0,SINGLE_FAMILY,"5819 Westslope Dr, Austin, TX, 78731",Austin,TX,78731,30.344417,-97.783722,0.0,27.0,698.0,for_sale,2026-08-10T08:51:38.705993,2.0,2.0
7719273661,2992916192,FOR_SALE,1099000,,3.0,3.0,2795.0,10341.0,1965.0,SINGLE_FAMILY,"4105 Far West Blvd, Austin, TX, 78731",Austin,TX,78731,30.3598,-97.767456,0.0,137.0,393.0,for_sale,2026-08-10T08:51:38.705993,2.0,1.0
8365064442,2994519530,FOR_SALE,475000,,2.0,2.0,1439.0,,1981.0,TOWNHOMES,"5724 N Scout Island Cir, Austin, TX, 78731",Austin,TX,78731,30.355319,-97.792423,285.0,106.0,330.0,for_sale,2026-08-10T08:51:38.705993,2.0,1.0
8084588546,2997220963,FOR_SALE,1450000,,4.0,2.0,1865.0,8032.0,1949.0,SINGLE_FAMILY,"4004 Ridgelea Dr, Austin, TX, 78731",Austin,TX,78731,30.312865,-97.750766,0.0,58.0,777.0,for_sale,2026-08-10T08:51:38.705993,2.0,1.0
7941155083,2998954832,FOR_SALE,1699000,,5.0,4.0,3073.0,12066.0,1975.0,SINGLE_FAMILY,"7507 Hart Ln, Austin, TX, 78731",Austin,TX,78731,30.359771,-97.753035,0.0,12.0,553.0,for_sale,2026-08-10T08:51:38.705993,2.0,1.0
7461162039,2998765514,FOR_SALE,2249700,,4.0,3.0,3251.0,14767.0,2007.0,SINGLE_FAMILY,"3302 Big Bend Dr, Austin, TX, 78731",Austin,TX,78731,30.329571,-97.760964,0.0,18.0,692.0,for_sale,2026-08-10T08:51:38.705993,2.0,1.0
8076814486,2996906817,FOR_SALE,349990,,3.0,2.0,1005.0,4574.0,1985.0,CONDOS,"4305 Bonnell Vista Cv Unit A6, Austin, TX, 78731",Austin,TX,78731,30.34015,-97.775146,477.0,60.0,348.0,for_sale,2026-08-10T08:51:38.705993,,1.0
7796461394,2995748456,FOR_SALE,2200000,,4.0,3.0,2938.0,7536.0,2025.0,SINGLE_FAMILY,"4504 Chiappero Trl, Austin, TX, 78731",Austin,TX,78731,30.320286,-97.750864,0.0,80.0,749.0,for_sale,2026-08-10T08:51:38.705993,1.0,2.0
7684645896,2989713002,PENDING,227000,,2.0,1.0,892.0,3515.0,1960.0,CONDOS,"5330 Balcones Dr Apt A, Austin, TX, 78731",Austin,TX,78731,30.336229,-97.759674,418.0,229.0,254.0,for_sale,2026-08-10T08:51:38.705993,,2.0
8065036338,2999212676,FOR_SALE,1375000,,3.0,2.0,2124.0,11008.0,1985.0,SINGLE_FAMILY,"3911 Dry Creek Dr, Austin, TX, 78731",Austin,TX,78731,30.344747,-97.767033,0.0,6.0,647.0,for_sale,2026-08-10T08:51:38.705993,2.0,2.0
7273143987,2999052996,FOR_SALE,3199900,,5.0,4.0,4015.0,9688.0,2026.0,SINGLE_FAMILY,"4216 Deepwoods Dr, Austin, TX, 78731",Austin,TX,78731,30.366022,-97.767683,0.0,10.0,797.0,for_sale,2026-08-10T08:51:38.705993,2.0,2.0
8412378156,2992348920,FOR_SALE,167777,,3.0,2.0,1156.0,1494.0,1968.0,CONDOS,"6501 E Hill Dr Apt 121, Austin, TX, 78731",Austin,TX,78731,30.345895,-97.752784,531.0,152.0,145.0,for_sale,2026-08-10T08:51:38.705993,,1.0
7280066525,2995771082,FOR_SALE,1785000,,4.0,3.0,3048.0,14514.0,1949.0,SINGLE_FAMILY,"4705 Fairview Dr, Austin, TX, 78731",Austin,TX,78731,30.328041,-97.759751,0.0,80.0,586.0,for_sale,2026-08-10T08:51:38.705993,,1.0
8654771987,2997198989,PENDING,2175000,,5.0,4.0,3961.0,14288.0,1970.0,SINGLE_FAMILY,"3927 Knollwood Dr, Austin, TX, 78731",Austin,TX,78731,30.353861,-97.765916,0.0,58.0,549.0,for_sale,2026-08-10T08:51:38.705993,2.0,2.0
7964398483,2996884904,FOR_SALE,239000,,3.0,2.0,1265.0,2113.0,1968.0,CONDOS,"3431 N Hills Dr Apt 321, Austin, TX, 78731",Austin,TX,78731,30.347915,-97.752314,446.0,60.0,189.0,for_sale,2026-08-10T08:51:38.705993,,1.0
7107814076,2997643850,FOR_SALE,1595000,,4.0,3.0,3307.0,13434.0,1995.0,SINGLE_FAMILY,"6213 Edwards Mountain Cv, Austin, TX, 78731",Austin,TX,78731,30.348543,-97.768316,25.0,46.0,482.0,for_sale,2026-08-10T08:51:38.705993,2.0,2.0
7749805840,2997951222,FOR_SALE,6500000,,5.0,4.0,8526.0,69740.0,1996.0,SINGLE_FAMILY,"4400 Island Ave, Austin, TX, 78731",Austin,TX,78731,30.330559,-97.777065,250.0,39.0,762.0,for_sale,2026-08-10T08:51:38.705993,3.0,2.0
9048093554,2997070390,FOR_SALE,499000,,3.0,2.0,1751.0,4060.0,1979.0,CONDOS,"7162 Chimney Cors Unit 7204, Austin, TX, 78731",Austin,TX,78731,30.358774,-97.761137,600.0,59.0,285.0,for_sale,2026-08-10T08:51:38.705993,2.0,2.0
8048701444,2999392573,FOR_SALE,835000,,3.0,2.0,1161.0,7057.0,1950.0,SINGLE_FAMILY,"1807 W 38th St, Austin, TX, 78731",Austin,TX,78731,30.310802,-97.7524,0.0,3.0,719.0,for_sale,2026-08-10T08:51:38.705993,,1.0
7895241332,2997491914,FOR_SALE,575000,,2.0,2.0,1680.0,2993.0,1969.0,TOWNHOMES,"3966 Far West Blvd, Austin, TX, 78731",Austin,TX,78731,30.357966,-97.762087,550.0,51.0,342.0,for_sale,2026-08-10T08:51:38.705993,2.0,2.0
8097073677,2994997211,FOR_SALE,1047000,,5.0,3.0,2704.0,42240.0,1977.0,SINGLE_FAMILY,"5500 Blueridge Ct, Austin, TX, 78731",Austin,TX,78731,30.362318,-97.784909,0.0,93.0,387.0,for_sale,2026-08-10T08:51:38.705993,,2.0
7061576304,2994737887,FOR_SALE,559000,,3.0,1.0,1536.0,5837.0,1949.0,SINGLE_FAMILY,"4514 Highland Ter, Austin, TX, 78731",Austin,TX,78731,30.321799,-97.755365,0.0,100.0,364.0,for_sale,2026-08-10T08:51:38.705993,,1.0
8527825111,2996117025,FOR_SALE,1150000,,3.0,3.0,2536.0,8451.0,1984.0,SINGLE_FAMILY,"4801 Fern Holw, Austin, TX, 78731",Austin,TX,78731,30.346828,-97.781111,63.0,73.0,453.0,for_sale,2026-08-10T08:51:38.705993,2.0,2.0
9061969646,2999186269,FOR_SALE,850000,,3.0,3.0,2629.0,2570.0,2021.0,TOWNHOMES,"4604 Longevity Dr, Austin, TX, 78731",Austin,TX,78731,30.319788,-97.753052,435.0,7.0,323.0,for_sale,2026-08-10T08:51:38.705993,2.0,3.0
8367586114,2998163868,FOR_SALE,1770000,,4.0,3.0,2671.0,9988.0,2026.0,SINGLE_FAMILY,"3007 Village Dr, Austin, TX, 78731",Austin,TX,78731,30.325279,-97.754922,0.0,34.0,663.0,for_sale,2026-08-10T08:51:38.705993,1.0,1.0
8475373740,2997466296,FOR_SALE,3495000,,6.0,4.0,4224.0,14375.0,2026.0,SINGLE_FAMILY,"5403 Ridge Oak Dr, Austin, TX, 78731",Austin,TX,78731,30.336889,-97.760406,0.0,51.0,827.0,for_sale,2026-08-10T08:51:38.705993,2.0,2.0
7470292195,2998849194,FOR_SALE,520000,,3.0,1.0,1320.0,9043.0,1953.0,SINGLE_FAMILY,"4809 Westfield Dr, Austin, TX, 78731",Austin,TX,78731,30.326522,-97.754718,0.0,16.0,394.0,for_sale,2026-08-10T08:51:38.705993,,1.0
7594902689,2994492613,FOR_SALE,839000,,3.0,3.0,2102.0,6695.0,1985.0,SINGLE_FAMILY,"4605 Beechwood Holw, Austin, TX, 78731",Austin,TX,78731,30.3451,-97.779093,63.0,107.0,399.0,for_sale,2026-08-10T08:51:38.705993,2.0,2.0
9765327147,2991197556,FOR_SALE,1325000,,3.0,2.0,3491.0,2570.0,2023.0,CONDOS,"4209 Elevator Dr, Austin, TX, 78731",Austin,TX,78731,30.315319,-97.752281,456.0,186.0,380.0,for_sale,2026-08-10T08:51:38.705993,2.0,3.0
8176945629,2998338812,PENDING,265000,,2.0,2.0,1167.0,5101.0,1984.0,CONDOS,"3845 Ranch Road 2222 Apt 26, Austin, TX, 78731",Austin,TX,78731,30.341959,-97.762856,413.0,31.0,227.0,for_sale,2026-08-10T08:51:38.705993,2.0,2.0
7451172412,2990741754,FOR_SALE,675000,,3.0,2.0,1938.0,10149.0,1954.0,SINGLE_FAMILY,"4804 Westfield Dr, Austin, TX, 78731",Austin,TX,78731,30.325735,-97.755293,0.0,192.0,348.0,for_sale,2026-08-10T08:51:38.705993,1.0,1.0
7934782606,2998295872,PENDING,1249000,,4.0,3.0,2791.0,11591.0,1974.0,SINGLE_FAMILY,"7509 Stonecliff Cir, Austin, TX, 78731",Austin,TX,78731,30.360059,-97.755222,0.0,31.0,448.0,for_sale,2026-08-10T08:51:38.705993,2.0,1.0
7640572941,2999446462,FOR_SALE,895000,,6.0,4.0,2175.0,6991.0,1935.0,SINGLE_FAMILY,"1907 W 37th St Unit A, Austin, TX, 78731",Austin,TX,78731,30.310328,-97.754743,0.0,1.0,411.0,for_sale,2026-08-10T08:51:38.705993,2.0,2.0
7810211823,2988733344,FOR_SALE,499000,,2.0,2.0,1922.0,11766.0,1981.0,CONDOS,"4116 Creek Ledge Unit 108, Austin, TX, 78731",Austin,TX,78731,30.340423,-97.772609,592.0,263.0,260.0,for_sale,2026-08-10T08:51:38.705993,2.0,2.0
7394761833,2994794284,FOR_SALE,1633000,,4.0,2.0,4265.0,6599.0,1977.0,SINGLE_FAMILY,"4508 Knap Holw, Austin, TX, 78731",Austin,TX,78731,30.34832,-97.778265,81.0,98.0,383.0,for_sale,2026-08-10T08:51:38.705993,2.0,2.0
8088253021,2996123106,FOR_SALE,2880000,,4.0,3.0,4012.0,13355.0,2021.0,SINGLE_FAMILY,"5819 Westslope Dr, Austin, TX, 78731",Austin,TX,78731,30.344417,-97.783722,0.0,73.0,718.0,for_sale,2026-08-10T08:51:38.705993,2.0,2.0
8564383000,2991515908,FOR_SALE,215000,,2.0,2.0,967.0,2309.0,1973.0,CONDOS,"6910 Hart Ln Apt 203, Austin, TX, 78731",Austin,TX,78731,30.352847,-97.759199,427.0,178.0,222.0,for_sale,2026-08-10T08:51:38.705993,,1.0
7470292195,2997667502,FOR_SALE,550000,,3.0,1.0,1320.0,9043.0,1953.0,SINGLE_FAMILY,"4809 Westfield Dr, Austin, TX, 78731",Austin,TX,78731,30.326522,-97.754718,0.0,45.0,417.0,for_sale,2026-08-10T08:51:38.705993,,1.0
9047937915,2994092604,FOR_SALE,1150000,,3.0,3.0,2844.0,2570.0,2020.0,SINGLE_FAMILY,"4202 Wayfarer Way, Austin, TX, 78731",Austin,TX,78731,30.315552,-97.751991,289.0,114.0,404.0,for_sale,2026-08-10T08:51:38.705993,2.0,2.0
7926060266,2997220847,PENDING,995000,,4.0,2.0,2421.0,19763.0,1968.0,SINGLE_FAMILY,"6904 Stahl Cv, Austin, TX, 78731",Austin,TX,78731,30.360197,-97.772614,0.0,58.0,411.0,for_sale,2026-08-10T08:51:38.705993,2.0,1.0
7531425308,2996522263,FOR_SALE,1999999,,4.0,3.0,3751.0,12467.0,2007.0,SINGLE_FAMILY,"3511 Arrowhead Dr, Austin, TX, 78731",Austin,TX,78731,30.338557,-97.762695,0.0,67.0,533.0,for_sale,2026-08-10T08:51:38.705993,2.0,1.0
9046930094,2998536549,FOR_SALE,965000,,4.0,3.0,2044.0,7044.0,1997.0,SINGLE_FAMILY,"1811 W 39th St Unit A /B, Austin, TX, 78731",Austin,TX,78731,30.311556,-97.751983,0.0,25.0,472.0,for_sale,2026-08-10T08:51:38.705993,,2.0
8250734639,2997657531,FOR_SALE,649900,,3.0,1.0,1278.0,7518.0,1955.0,SINGLE_FAMILY,"4907 W Market Dr, Austin, TX, 78731",Austin,TX,78731,30.325877,-97.751157,0.0,45.0,509.0,for_sale,2026-08-10T08:51:38.705993,1.0,1.0
8202817455,2995759618,FOR_SALE,1975000,,5.0,4.0,3920.0,24237.0,1985.0,SINGLE_FAMILY,"5801 Valley Cir, Austin, TX, 78731",Austin,TX,78731,30.342973,-97.7804,0.0,80.0,504.0,for_sale,2026-08-10T08:51:38.705993,,2.0
7941743634,2998810675,FOR_SALE,225000,,1.0,1.0,567.0,2579.0,1985.0,CONDOS,"4303 Creek Ledge Apt 1, Austin, TX, 78731",Austin,TX,78731,30.34015,-97.775146,269.0,17.0,397.0,for_sale,2026-08-10T08:51:38.705993,,1.0
7925745172,2997901618,FOR_SALE,250000,,2.0,2.0,992.0,3920.0,1960.0,CONDOS,"5326 Balcones Dr Apt D, Austin, TX, 78731",Austin,TX,78731,30.336229,-97.759674,465.0,40.0,252.0,for_sale,2026-08-10T08:51:38.705993,,1.0
9357514601,2998535176,FOR_SALE,1275000,,5.0,2.0,3132.0,8799.0,1999.0,SINGLE_FAMILY,"1809 W 39th St Unit A /B, Austin, TX, 78731",Austin,TX,78731,30.311422,-97.751854,0.0,25.0,407.0,for_sale,2026-08-10T08:51:38.705993,2.0,2.0
8748290427,2995698251,FOR_SALE,1390000,,3.0,2.0,3133.0,7013.0,1984.0,SINGLE_FAMILY,"5805 Tom Wooten Dr, Austin, TX, 78731",Austin,TX,78731,30.354563,-97.787467,29.0,81.0,444.0,for_sale,2026-08-10T08:51:38.705993,2.0,2.0
8091445480,2995144621,FOR_SALE,1340000,,3.0,3.0,1806.0,7170.0,1940.0,SINGLE_FAMILY,"1908 W 37th St, Austin, TX, 78731",Austin,TX,78731,30.310887,-97.754719,0.0,90.0,742.0,for_sale,2026-08-10T08:51:38.705993,,1.0
7167520933,2991215947,FOR_SALE,289999,,2.0,1.0,1158.0,2452.0,1979.0,CONDOS,"7122 Wood Hollow Dr Apt 29, Austin, TX, 78731",Austin,TX,78731,30.355047,-97.752988,450.0,186.0,250.0,for_sale,2026-08-10T08:51:38.705993,,2.0
9223641965,2991203615,PENDING,550000,,2.0,2.0,1220.0,858.0,2019.0,CONDOS,"4325 Jackson Ave Unit 2202, Austin, TX, 78731",Austin,TX,78731,30.316265,-97.753773,565.0,186.0,451.0,for_sale,2026-08-10T08:51:38.705993,1.0,1.0
7756250739,2993434315,PENDING,595000,,3.0,2.0,2328.0,13913.0,1985.0,CONDOS,"5603 Oakwood Cv Apt 212, Austin, TX, 78731",Austin,TX,78731,30.339782,-97.766751,500.0,123.0,256.0,for_sale,2026-08-10T08:51:38.705993,2.0,2.0
7415585791,2997708437,FOR_SALE,999000,,4.0,2.0,2109.0,7841.0,1954.0,SINGLE_FAMILY,"2811 W Fresco Dr, Austin, TX, 78731",Austin,TX,78731,30.327122,-97.751164,0.0,44.0,474.0,for_sale,2026-08-10T08:51:38.705993,,1.0
8911035353,2994365997,FOR_SALE,300000,,2.0,1.0,1043.0,4792.0,1971.0,CONDOS,"3613 Las Colinas Dr Apt C, Austin, TX, 78731",Austin,TX,78731,30.339854,-97.762955,352.0,110.0,288.0,for_sale,2026-08-10T08:51:38.705993,,2.0
8183914695,2992807443,FOR_SALE,265000,,2.0,1.0,961.0,2788.0,1982.0,CONDOS,"6821 Old Quarry Ln, Austin, TX, 78731",Austin,TX,78731,30.351174,-97.757235,325.0,141.0,276.0,for_sale,2026-08-10T08:51:38.705993,,2.0
7182203715,2991522904,FOR_SALE,300000,,2.0,1.0,1158.0,2452.0,1979.0,CONDOS,"7122 Wood Hollow Dr Apt 47, Austin, TX, 78731",Austin,TX,78731,30.355047,-97.752988,450.0,178.0,259.0,for_sale,2026-08-10T08:51:38.705993,,2.0
9273557513,2997606282,FOR_SALE,869000,,4.0,3.0,2178.0,,2019.0,CONDOS,"4412 Authentic Dr Unit 206, Austin, TX, 78731",Austin,TX,78731,30.316281,-97.751943,447.0,46.0,399.0,for_sale,2026-08-10T08:51:38.705993,2.0,3.0
8691485758,2997207953,PENDING,2500000,,5.0,5.0,3864.0,19166.0,1989.0,SINGLE_FAMILY,"5806 Westslope Cv, Austin, TX, 78731",Austin,TX,78731,30.34522,-97.783841,120.0,58.0,647.0,for_sale,2026-08-10T08:51:38.705993,2.0,2.0
8159170109,2994638939,PENDING,2750000,,3.0,2.0,3752.0,221720.0,1999.0,SINGLE_FAMILY,"6309 Northgrove Rd, Austin, TX, 78731",Austin,TX,78731,30.352177,-97.77426,0.0,102.0,733.0,for_sale,2026-08-10T08:51:38.705993,2.0,2.0
8721602079,2990732518,FOR_SALE,499000,,4.0,3.0,2236.0,2875.0,1968.0,CONDOS,"6501 E Hill Dr Apt 125, Austin, TX, 78731",Austin,TX,78731,30.345901,-97.752792,1075.0,193.0,223.0,for_sale,2026-08-10T08:51:38.705993,,2.0
8839992984,2994998744,PENDING,2150000,,5.0,4.0,3593.0,7863.0,2023.0,SINGLE_FAMILY,"1909 W 40th St, Austin, TX, 78731",Austin,TX,78731,30.313121,-97.754063,0.0,93.0,598.0,for_sale,2026-08-10T08:51:38.705993,2.0,2.0
9343777538,2992102104,FOR_SALE,875000,,4.0,3.0,2144.0,,2020.0,CONDOS,"3905 Vantage Dr, Austin, TX, 78731",Austin,TX,78731,30.31389,-97.752754,440.0,159.0,408.0,for_sale,2026-08-10T08:51:38.705993,2.0,3.0
8625158064,2993332731,PENDING,1575000,,4.0,3.0,3698.0,15682.0,1991.0,SINGLE_FAMILY,"4307 Waterford Pl, Austin, TX, 78731",Austin,TX,78731,30.334056,-97.774506,50.0,125.0,426.0,for_sale,2026-08-10T08:51:38.705993,2.0,2.0
8275087490,2997996958,FOR_SALE,2249000,,5.0,3.0,3557.0,17224.0,2022.0,SINGLE_FAMILY,"3610 Hillbrook Dr, Austin, TX, 78731",Austin,TX,78731,30.345087,-97.760919,0.0,38.0,632.0,for_sale,2026-08-10T08:51:38.705993,2.0,2.0
7372450906,2996313866,SOLD,1295000,,3.0,2.0,2479.0,9283.0,1955.0,SINGLE_FAMILY,"1902 W 41st St, Austin, TX, 78731",Austin,TX,78731,30.314544,-97.754153,0.0,66.0,,sold,2026-08-10T08:51:42.440678,,2.0
7786277825,2997427751,SOLD,1750000,,4.0,3.0,3065.0,17015.0,1963.0,SINGLE_FAMILY,"6905 Mesa Dr, Austin, TX, 78731",Austin,TX,78731,30.358421,-97.766951,0.0,49.0,,sold,2026-08-10T08:51:42.440678,2.0,1.0
8715228718,2995749780,SOLD,570000,,2.0,2.0,1426.0,3851.0,1985.0,TOWNHOMES,"3815 Williamsburg Cir, Austin, TX, 78731",Austin,TX,78731,30.366951,-97.754429,357.0,77.0,,sold,2026-08-10T08:51:42.440678,2.0,1.0
9272986415,2994441726,SOLD,1490000,,4.0,3.0,3192.0,2570.0,2021.0,CONDOS,"4205 Elevator Dr, Austin, TX, 78731",Austin,TX,78731,30.315191,-97.752373,442.0,105.0,,sold,2026-08-10T08:51:42.440678,2.0,2.0
9260365204,2994384462,SOLD,855000,,4.0,3.0,2178.0,2570.0,2019.0,CONDOS,"3900 Vantage Dr Unit 135, Austin, TX, 78731",Austin,TX,78731,30.314042,-97.752992,439.0,105.0,,sold,2026-08-10T08:51:42.440678,2.0,3.0
7282919036,2997348609,SOLD,1699000,,3.0,2.0,3881.0,16130.0,1956.0,SINGLE_FAMILY,"3304 Cherry Tree Cir, Austin, TX, 78731",Austin,TX,78731,30.324228,-97.768062,0.0,50.0,,sold,2026-08-10T08:51:42.440678,2.0,1.0
7863727826,2994396921,SOLD,975000,,3.0,2.0,1708.0,12554.0,1947.0,SINGLE_FAMILY,"1817 W 36th St, Austin, TX, 78731",Austin,TX,78731,30.309129,-97.753878,0.0,103.0,,sold,2026-08-10T08:51:42.440678,1.0,1.0
7507274531,2995712428,SOLD,1250000,,5.0,3.0,4214.0,20573.0,1977.0,SINGLE_FAMILY,"3813 Hidden Holw, Austin, TX, 78731",Austin,TX,78731,30.362275,-97.756659,0.0,75.0,,sold,2026-08-10T08:51:42.440678,2.0,2.0
7193644359,2993215408,SOLD,875000,,4.0,2.0,2558.0,16156.0,1964.0,SINGLE_FAMILY,"4101 Far West Blvd, Austin, TX, 78731",Austin,TX,78731,30.359498,-97.767026,0.0,122.0,,sold,2026-08-10T08:51:42.440678,2.0,2.0
8776754789,2996685066,SOLD,1195000,,3.0,2.0,2235.0,5293.0,1996.0,SINGLE_FAMILY,"3909 Arbor Glen Way, Austin, TX, 78731",Austin,TX,78731,30.366612,-97.75619,225.0,54.0,,sold,2026-08-10T08:51:42.440678,2.0,2.0
9070038338,2993510216,SOLD,985000,,3.0,3.0,2584.0,2570.0,2021.0,CONDOS,"4506 Progress St, Austin, TX, 78731",Austin,TX,78731,30.319683,-97.752396,435.0,110.0,,sold,2026-08-10T08:51:42.440678,2.0,3.0
8971275825,2997510240,SOLD,2350000,,4.0,3.0,2786.0,8703.0,2019.0,SINGLE_FAMILY,"4103 Ridgelea Dr, Austin, TX, 78731",Austin,TX,78731,30.313389,-97.749528,0.0,39.0,,sold,2026-08-10T08:51:42.440678,1.0,1.0
7172327473,2990725591,SOLD,209000,,1.0,1.0,828.0,858.0,2019.0,CONDOS,"4501 Jackson Ave Unit 5206, Austin, TX, 78731",Austin,TX,78731,30.316856,-97.752216,607.0,181.0,,sold,2026-08-10T08:51:42.440678,1.0,1.0
8994786447,2997639335,SOLD,965000,,4.0,2.0,3311.0,10359.0,1966.0,SINGLE_FAMILY,"4202 Farhills Dr, Austin, TX, 78731",Austin,TX,78731,30.35944,-97.769236,0.0,33.0,,sold,2026-08-10T08:51:42.440678,,1.0
7994132732,2998199365,SOLD,1190000,,3.0,2.0,3252.0,9766.0,1997.0,SINGLE_FAMILY,"6000 Little Bull Cv, Austin, TX, 78731",Austin,TX,78731,30.355313,-97.786541,29.0,19.0,,sold,2026-08-10T08:51:42.440678,2.0,2.0
7458960994,2997618756,SOLD,1070000,,5.0,2.0,3434.0,11352.0,1983.0,SINGLE_FAMILY,"5504 Cedro Trl, Austin, TX, 78731",Austin,TX,78731,30.360191,-97.785914,0.0,32.0,,sold,2026-08-10T08:51:42.440678,2.0,2.0
7105205460,2995471588,SOLD,1399999,,4.0,2.0,2982.0,16135.0,1989.0,SINGLE_FAMILY,"5910 Doone Valley Ct, Austin, TX, 78731",Austin,TX,78731,30.345931,-97.776956,0.0,72.0,,sold,2026-08-10T08:51:42.440678,2.0,2.0
9233531461,2998310244,SOLD,1150000,,4.0,4.0,3150.0,2570.0,2020.0,CONDOS,"3900 Emory Peak Pass, Austin, TX, 78731",Austin,TX,78731,30.314426,-97.753153,436.0,14.0,,sold,2026-08-10T08:51:42.440678,2.0,2.0
8023797767,2988757134,SOLD,598000,,3.0,2.0,1795.0,15725.0,1985.0,CONDOS,"5512 Oakwood Cv Apt 161, Austin, TX, 78731",Austin,TX,78731,30.338904,-97.766485,500.0,245.0,,sold,2026-08-10T08:51:42.440678,2.0,2.0
8677218586,2995200781,SOLD,799900,,3.0,2.0,1776.0,11317.0,1951.0,SINGLE_FAMILY,"4927 Strass Dr, Austin, TX, 78731",Austin,TX,78731,30.324312,-97.746182,0.0,72.0,,sold,2026-08-10T08:51:42.440678,,1.0
8912111510,2997249594,SOLD,1265000,,4.0,2.0,2367.0,10298.0,1966.0,SINGLE_FAMILY,"4107 Circletree Loop, Austin, TX, 78731",Austin,TX,78731,30.360906,-97.767151,0.0,40.0,,sold,2026-08-10T08:51:42.440678,2.0,1.0
8564643862,2992744129,SOLD,1199000,,4.0,2.0,2982.0,10062.0,1976.0,SINGLE_FAMILY,"6501 Sumac Dr, Austin, TX, 78731",Austin,TX,78731,30.351724,-97.762789,0.0,125.0,,sold,2026-08-10T08:51:42.440678,,2.0
8460068810,2997356988,SOLD,1395000,,4.0,3.0,3245.0,22521.0,1981.0,SINGLE_FAMILY,"5604 Blueridge Ct, Austin, TX, 78731",Austin,TX,78731,30.362138,-97.786487,0.0,29.0,,sold,2026-08-10T08:51:42.440678,2.0,2.0
8351389950,2997390951,SOLD,1275000,,3.0,2.0,2075.0,14998.0,1974.0,SINGLE_FAMILY,"6106 Mountainclimb Dr, Austin, TX, 78731",Austin,TX,78731,30.347404,-97.764327,0.0,29.0,,sold,2026-08-10T08:51:42.440678,2.0,1.0
8735135549,2996884062,SOLD,314000,,2.0,2.0,754.0,2452.0,1979.0,CONDOS,"7122 Wood Hollow Dr Apt 8, Austin, TX, 78731",Austin,TX,78731,30.355047,-97.752988,450.0,36.0,,sold,2026-08-10T08:51:42.440678,1.0,1.0
8471669890,2995169087,SOLD,2150000,,4.0,3.0,4464.0,18395.0,1952.0,SINGLE_FAMILY,"4809 Crestway Dr, Austin, TX, 78731",Austin,TX,78731,30.332577,-97.763505,0.0,66.0,,sold,2026-08-10T08:51:42.440678,2.0,2.0
8374383037,2996574642,SOLD,1750000,,4.0,3.0,3145.0,15817.0,1976.0,SINGLE_FAMILY,"6105 Highlandale Dr, Austin, TX, 78731",Austin,TX,78731,30.346688,-97.762544,0.0,42.0,,sold,2026-08-10T08:51:42.440678,2.0,3.0
8575791973,2997530899,SOLD,1900000,,4.0,3.0,2870.0,13286.0,1981.0,SINGLE_FAMILY,"4104 Tablerock Dr, Austin, TX, 78731",Austin,TX,78731,30.366877,-97.761905,0.0,23.0,,sold,2026-08-10T08:51:42.440678,2.0,1.0
7948171046,2994681800,SOLD,1075000,,3.0,2.0,2090.0,11866.0,1950.0,SINGLE_FAMILY,"2621 W 49th St, Austin, TX, 78731",Austin,TX,78731,30.322965,-97.74795,0.0,76.0,,sold,2026-08-10T08:51:42.440678,,1.0
7232142523,2997227751,SOLD,639900,,3.0,2.0,1383.0,7148.0,1953.0,SINGLE_FAMILY,"5010 W Frances Pl, Austin, TX, 78731",Austin,TX,78731,30.328945,-97.754283,0.0,33.0,,sold,2026-08-10T08:51:42.440678,1.0,1.0
8284727996,2987252266,SOLD,1199000,,3.0,3.0,3006.0,17860.0,2003.0,SINGLE_FAMILY,"5612 Bonnell Vista St, Austin, TX, 78731",Austin,TX,78731,30.340797,-97.775794,0.0,278.0,,sold,2026-08-10T08:51:42.440678,2.0,1.0
8085756202,2996545157,SOLD,600000,,3.0,2.0,1829.0,4783.0,1969.0,CONDOS,"5902 Mountainclimb Dr Unit A2, Austin, TX, 78731",Austin,TX,78731,30.344333,-97.765249,227.0,41.0,,sold,2026-08-10T08:51:42.440678,,2.0
8302869693,2994386786,SOLD,615000,,4.0,2.0,1615.0,8276.0,1953.0,SINGLE_FAMILY,"2800 W 50th St, Austin, TX, 78731",Austin,TX,78731,30.326187,-97.750222,0.0,81.0,,sold,2026-08-10T08:51:42.440678,,1.0
8764009837,2996580349,SOLD,550000,,2.0,2.0,1166.0,3446.0,1985.0,TOWNHOMES,"3857 Williamsburg Cir, Austin, TX, 78731",Austin,TX,78731,30.365546,-97.753551,327.0,35.0,,sold,2026-08-10T08:51:42.440678,2.0,1.0
8413288681,2996263912,SOLD,1123000,,3.0,2.0,2024.0,14418.0,1966.0,SINGLE_FAMILY,"6000 Mountainclimb Dr, Austin, TX, 78731",Austin,TX,78731,30.345389,-97.764879,0.0,39.0,,sold,2026-08-10T08:51:42.440678,2.0,1.0
9219540825,2993477684,SOLD,262500,,2.0,2.0,1167.0,5101.0,1984.0,CONDOS,"3845 Ranch Road 2222 Apt 19, Austin, TX, 78731",Austin,TX,78731,30.341894,-97.763428,415.0,90.0,,sold,2026-08-10T08:51:42.440678,2.0,3.0
8081835879,2995985101,SOLD,935000,,,,,13303.0,,LAND,"1807 W 39th St, Austin, TX, 78731",Austin,TX,78731,30.311115,-97.750903,0.0,42.0,,sold,2026-08-10T08:51:42.440678,,
8276093670,2995081738,SOLD,1299000,,4.0,4.0,3689.0,13608.0,1984.0,SINGLE_FAMILY,"5900 Westslope Dr, Austin, TX, 78731",Austin,TX,78731,30.345741,-97.783528,60.0,59.0,,sold,2026-08-10T08:51:42.440678,2.0,2.0
8955869581,2995029667,SOLD,299000,,2.0,2.0,1167.0,5101.0,1984.0,CONDOS,"3845 Ranch Road 2222 Apt 33, Austin, TX, 78731",Austin,TX,78731,30.341789,-97.764419,415.0,54.0,,sold,2026-08-10T08:51:42.440678,2.0,3.0
7231417503,2997219373,SOLD,600000,,3.0,2.0,1488.0,10934.0,1951.0,SINGLE_FAMILY,"2802 Perry Ln, Austin, TX, 78731",Austin,TX,78731,30.323561,-97.752524,0.0,17.0,,sold,2026-08-10T08:51:42.440678,,1.0
7209326503,2994740252,SOLD,1675000,,5.0,3.0,3131.0,11509.0,1975.0,SINGLE_FAMILY,"7208 Montana Norte, Austin, TX, 78731",Austin,TX,78731,30.359718,-97.760492,0.0,59.0,,sold,2026-08-10T08:51:42.440678,2.0,1.0
7542903218,2996209894,SOLD,1199000,,4.0,2.0,3119.0,8228.0,1994.0,SINGLE_FAMILY,"5413 Mountain Cedar Cv, Austin, TX, 78731",Austin,TX,78731,30.337245,-97.780039,14.0,31.0,,sold,2026-08-10T08:51:42.440678,2.0,2.0
8128390550,2991927651,SOLD,3399000,,4.0,4.0,3911.0,14501.0,1961.0,SINGLE_FAMILY,"3402 Monte Vista Dr, Austin, TX, 78731",Austin,TX,78731,30.324473,-97.771225,0.0,123.0,,sold,2026-08-10T08:51:42.440678,2.0,2.0
8309379861,2994938422,SOLD,1300000,,4.0,2.0,2456.0,14854.0,1976.0,SINGLE_FAMILY,"5103 Lea Cv, Austin, TX, 78731",Austin,TX,78731,30.372352,-97.773951,0.0,53.0,,sold,2026-08-10T08:51:42.440678,2.0,2.0
8634213688,2996061660,SOLD,585000,,3.0,2.0,1890.0,6421.0,1998.0,CONDOS,"6701 Cat Creek Trl Unit 5, Austin, TX, 78731",Austin,TX,78731,30.362119,-97.778891,300.0,33.0,,sold,2026-08-10T08:51:42.440678,1.0,2.0
8098093339,2992409413,SOLD,2499999,,4.0,3.0,3456.0,16901.0,1960.0,SINGLE_FAMILY,"3302 Cherry Tree Cir, Austin, TX, 78731",Austin,TX,78731,30.324388,-97.76769,0.0,110.0,,sold,2026-08-10T08:51:42.440678,,2.0
7419771773,2991655115,SOLD,169800,,1.0,1.0,753.0,5990.0,1994.0,CONDOS,"6804 N Capital of Texas Hwy Apt 622, Austin, TX, 78731",Austin,TX,78731,30.36959,-97.788917,205.0,131.0,,sold,2026-08-10T08:51:42.440678,1.0,1.0
8546276307,2993107387,SOLD,560000,,2.0,2.0,1272.0,11430.0,1950.0,SINGLE_FAMILY,"5203 Valley Oak Dr, Austin, TX, 78731",Austin,TX,78731,30.33333,-97.756483,0.0,89.0,,sold,2026-08-10T08:51:42.440678,1.0,1.0
8445360135,2992088460,SOLD,2299000,,5.0,4.0,3495.0,10947.0,2025.0,SINGLE_FAMILY,"5012 Highland Ct, Austin, TX, 78731",Austin,TX,78731,30.329743,-97.756755,0.0,114.0,,sold,2026-08-10T08:51:42.440678,2.0,2.0
7284314843,2995372308,SOLD,3499000,,4.0,3.0,4473.0,18173.0,1951.0,SINGLE_FAMILY,"4906 Balcones Dr, Austin, TX, 78731",Austin,TX,78731,30.332463,-97.762252,0.0,42.0,,sold,2026-08-10T08:51:42.440678,4.0,2.0
7236697895,2995482762,SOLD,1200000,,4.0,3.0,2340.0,13029.0,1969.0,SINGLE_FAMILY,"4011 Greystone Dr, Austin, TX, 78731",Austin,TX,78731,30.362902,-97.761774,0.0,40.0,,sold,2026-08-10T08:51:42.440678,2.0,1.0
8408157353,2991721899,SOLD,1479500,,5.0,3.0,3269.0,13273.0,1966.0,SINGLE_FAMILY,"7202 Running Rope Cir, Austin, TX, 78731",Austin,TX,78731,30.361425,-97.764683,0.0,126.0,,sold,2026-08-10T08:51:42.440678,2.0,2.0
7989002443,2993042235,SOLD,969000,,5.0,3.0,3010.0,9496.0,1968.0,SINGLE_FAMILY,"4001 Greystone Dr, Austin, TX, 78731",Austin,TX,78731,30.362349,-97.760634,0.0,88.0,,sold,2026-08-10T08:51:42.440678,,1.0
9462536771,2993439910,SOLD,575000,,2.0,2.0,1375.0,,2020.0,CONDOS,"4415 Jackson Ave Unit 4301, Austin, TX, 78731",Austin,TX,78731,30.316643,-97.752742,607.0,76.0,,sold,2026-08-10T08:51:42.440678,,1.0
9918530334,2996111983,SOLD,550000,,3.0,2.0,2592.0,18208.0,1958.0,SINGLE_FAMILY,"5202 Balcones Dr, Austin, TX, 78731",Austin,TX,78731,30.334509,-97.759804,0.0,26.0,,sold,2026-08-10T08:51:42.440678,,1.0
8739291145,2995451529,SOLD,2000000,,4.0,2.0,3004.0,21135.0,1959.0,SINGLE_FAMILY,"5800 Lookout Mountain Dr, Austin, TX, 78731",Austin,TX,78731,30.34264,-97.77968,0.0,34.0,,sold,2026-08-10T08:51:42.440678,,1.0
7458811930,2995385457,SOLD,2100000,,6.0,3.0,4061.0,25862.0,1977.0,SINGLE_FAMILY,"6320 Sprucewood Dr, Austin, TX, 78731",Austin,TX,78731,30.360546,-97.78723,0.0,34.0,,sold,2026-08-10T08:51:42.440678,2.0,2.0
9290938510,2993421233,SOLD,1195000,,3.0,2.0,3010.0,2570.0,2019.0,CONDOS,"4018 Diligence Dr, Austin, TX, 78731",Austin,TX,78731,30.314117,-97.753311,442.0,70.0,,sold,2026-08-10T08:51:42.440678,2.0,2.0
8622797809,2992180819,SOLD,1750000,,4.0,3.0,3443.0,16379.0,1995.0,SINGLE_FAMILY,"6209 Ledge Mountain Dr, Austin, TX, 78731",Austin,TX,78731,30.350578,-97.773811,0.0,103.0,,sold,2026-08-10T08:51:42.440678,2.0,2.0
8677032256,2990307736,SOLD,1125000,,3.0,2.0,1731.0,8817.0,1953.0,SINGLE_FAMILY,"4515 Bull Creek Rd, Austin, TX, 78731",Austin,TX,78731,30.321701,-97.752449,0.0,152.0,,sold,2026-08-10T08:51:42.440678,2.0,1.0
8440515563,2994665159,SOLD,1535000,,4.0,2.0,2550.0,10411.0,1954.0,SINGLE_FAMILY,"4801 Westfield Dr, Austin, TX, 78731",Austin,TX,78731,30.325608,-97.754704,0.0,46.0,,sold,2026-08-10T08:51:42.440678,2.0,1.0
7650816124,2991747018,SOLD,2199000,,5.0,4.0,4256.0,18304.0,1969.0,SINGLE_FAMILY,"6806 Rockledge Cv, Austin, TX, 78731",Austin,TX,78731,30.355813,-97.764653,0.0,115.0,,sold,2026-08-10T08:51:42.440678,3.0,2.0
8586263703,2995070701,SOLD,1285000,,4.0,2.0,2403.0,12027.0,1971.0,SINGLE_FAMILY,"7706 Shadyrock Dr, Austin, TX, 78731",Austin,TX,78731,30.366416,-97.759922,0.0,36.0,,sold,2026-08-10T08:51:42.440678,2.0,1.0
8047256936,2993252160,SOLD,629900,,3.0,2.0,1350.0,714.0,1985.0,SINGLE_FAMILY,"5701 Westslope Dr Apt 16, Austin, TX, 78731",Austin,TX,78731,30.341644,-97.778801,550.0,72.0,,sold,2026-08-10T08:51:42.440678,2.0,2.0
8632946646,2984455538,SOLD,1125000,,4.0,2.0,2478.0,11217.0,1979.0,SINGLE_FAMILY,"7604 Chimney Cors, Austin, TX, 78731",Austin,TX,78731,30.363885,-97.756158,0.0,113.0,,sold,2026-08-10T08:51:42.440678,2.0,2.0
8260621487,2994940223,SOLD,1485000,,5.0,3.0,3853.0,15333.0,1983.0,SINGLE_FAMILY,"4900 Backtrail Dr, Austin, TX, 78731",Austin,TX,78731,30.359815,-97.781097,0.0,35.0,,sold,2026-08-10T08:51:42.440678,3.0,2.0
7087056946,2995403988,SOLD,1000000,,3.0,3.0,2676.0,20908.0,1984.0,SINGLE_FAMILY,"6204 Bon Terra Dr, Austin, TX, 78731",Austin,TX,78731,30.348944,-97.766796,0.0,28.0,,sold,2026-08-10T08:51:42.440678,2.0,2.0
8349277132,2995761976,SOLD,2699900,,4.0,3.0,3840.0,22307.0,2012.0,SINGLE_FAMILY,"5002 Finley Dr, Austin, TX, 78731",Austin,TX,78731,30.326493,-97.748638,0.0,21.0,,sold,2026-08-10T08:51:42.440678,3.0,1.0
7136042584,2994535882,SOLD,1250000,,4.0,3.0,2601.0,6682.0,1996.0,SINGLE_FAMILY,"3924 Arbor Glen Way, Austin, TX, 78731",Austin,TX,78731,30.367103,-97.756644,225.0,46.0,,sold,2026-08-10T08:51:42.440678,2.0,2.0
7966071477,2995442680,SOLD,585000,,2.0,2.0,1456.0,3703.0,1995.0,TOWNHOMES,"5608 Parade Rdg, Austin, TX, 78731",Austin,TX,78731,30.353081,-97.79147,96.0,27.0,,sold,2026-08-10T08:51:42.440678,2.0,1.0
8598500414,2994307419,SOLD,1150000,,4.0,3.0,3276.0,23013.0,1991.0,SINGLE_FAMILY,"5902 Down Valley Ct, Austin, TX, 78731",Austin,TX,78731,30.346602,-97.778972,0.0,51.0,,sold,2026-08-10T08:51:42.440678,2.0,2.0
7990555201,2994613532,SOLD,1300000,,4.0,2.0,3385.0,15790.0,1963.0,SINGLE_FAMILY,"4011 N Hills Dr, Austin, TX, 78731",Austin,TX,78731,30.357807,-97.765495,0.0,41.0,,sold,2026-08-10T08:51:42.440678,2.0,1.0
7733345666,2995439999,SOLD,1848000,,5.0,3.0,3932.0,14061.0,1976.0,SINGLE_FAMILY,"4600 Cat Mountain Dr, Austin, TX, 78731",Austin,TX,78731,30.353158,-97.77827,0.0,25.0,,sold,2026-08-10T08:51:42.440678,2.0,2.0
7275932115,2995056569,SOLD,850000,,4.0,2.0,2337.0,11652.0,1973.0,SINGLE_FAMILY,"4802 Greystone Dr, Austin, TX, 78731",Austin,TX,78731,30.369172,-97.77351,0.0,30.0,,sold,2026-08-10T08:51:42.440678,,1.0
9845126403,2993536749,SOLD,1050000,,3.0,3.0,2741.0,2570.0,2020.0,CONDOS,"4701 Unity Cir, Austin, TX, 78731",Austin,TX,78731,30.315796,-97.750328,447.0,54.0,,sold,2026-08-10T08:51:42.440678,2.0,3.0
7303564368,2991920499,SOLD,1365000,,3.0,2.0,2012.0,13491.0,1959.0,SINGLE_FAMILY,"3415 Shinoak Dr, Austin, TX, 78731",Austin,TX,78731,30.325694,-97.770741,0.0,97.0,,sold,2026-08-10T08:51:42.440678,2.0,1.0
7887825409,2991703565,SOLD,267000,,2.0,2.0,985.0,1742.0,1982.0,CONDOS,"3840 Far West Blvd Apt 206, Austin, TX, 78731",Austin,TX,78731,30.357098,-97.759893,453.0,103.0,,sold,2026-08-10T08:51:42.440678,1.0,1.0
7025546252,2992692715,SOLD,1295000,,3.0,2.0,1973.0,15107.0,1957.0,SINGLE_FAMILY,"3400 Foothill Pkwy, Austin, TX, 78731",Austin,TX,78731,30.31575,-97.769488,0.0,76.0,,sold,2026-08-10T08:51:42.440678,,1.0
8445896379,2991608880,SOLD,4250000,,4.0,3.0,3934.0,24563.0,1979.0,SINGLE_FAMILY,"4622 Lake View Dr, Austin, TX, 78731",Austin,TX,78731,30.332756,-97.766227,0.0,106.0,,sold,2026-08-10T08:51:42.440678,2.0,2.0
7819268151,2994469487,SOLD,1350000,,3.0,2.0,2250.0,27691.0,1959.0,SINGLE_FAMILY,"2619 Pembrook Trl, Austin, TX, 78731",Austin,TX,78731,30.321086,-97.748481,0.0,37.0,,sold,2026-08-10T08:51:42.440678,2.0,1.0
7068634792,2994004894,SOLD,629000,,3.0,1.0,1202.0,7954.0,1953.0,SINGLE_FAMILY,"4600 Chiappero Trl, Austin, TX, 78731",Austin,TX,78731,30.320761,-97.750556,0.0,42.0,,sold,2026-08-10T08:51:42.440678,,1.0
9666866704,2992763114,SOLD,2200000,,5.0,5.0,3908.0,,2021.0,SINGLE_FAMILY,"4011 Independent Way, Austin, TX, 78731",Austin,TX,78731,30.31418,-97.751488,279.0,69.0,,sold,2026-08-10T08:51:42.440678,2.0,2.0
7807717115,2990300372,SOLD,565000,,,,,9409.0,,LAND,"5110 Valley Oak Dr, Austin, TX, 78731",Austin,TX,78731,30.332603,-97.7569,0.0,133.0,,sold,2026-08-10T08:51:42.440678,,
7980935513,2991379589,SOLD,995000,,3.0,2.0,1836.0,8799.0,1950.0,SINGLE_FAMILY,"4517 Bull Creek Rd, Austin, TX, 78731",Austin,TX,78731,30.321884,-97.752337,0.0,109.0,,sold,2026-08-10T08:51:42.440678,1.0,1.0
8142093045,2992114654,SOLD,975000,,3.0,2.0,2160.0,18792.0,1963.0,SINGLE_FAMILY,"5602 Blueridge Ct, Austin, TX, 78731",Austin,TX,78731,30.362197,-97.786056,0.0,85.0,,sold,2026-08-10T08:51:42.440678,,1.0
9216169159,2992443289,SOLD,1375000,,4.0,4.0,3788.0,2570.0,2022.0,CONDOS,"4216 Elevator Dr Unit 43, Austin, TX, 78731",Austin,TX,78731,30.315378,-97.752759,450.0,77.0,,sold,2026-08-10T08:51:42.440678,2.0,3.0
9676297143,2991503796,SOLD,925000,,3.0,3.0,2931.0,2570.0,2021.0,CONDOS,"4009 Emory Peak Pass, Austin, TX, 78731",Austin,TX,78731,30.314381,-97.752266,432.0,104.0,,sold,2026-08-10T08:51:42.440678,2.0,3.0
8624263681,2992479632,SOLD,2070000,,4.0,3.0,3193.0,14593.0,2002.0,SINGLE_FAMILY,"5008 Westview Dr, Austin, TX, 78731",Austin,TX,78731,30.335676,-97.766714,0.0,75.0,,sold,2026-08-10T08:51:42.440678,2.0,2.0
9683031762,2990651538,SOLD,785000,,3.0,3.0,1971.0,2178.0,2021.0,CONDOS,"4105 McKinley Fields Dr Unit 88, Austin, TX, 78731",Austin,TX,78731,30.3149,-97.7528,438.0,120.0,,sold,2026-08-10T08:51:42.440678,2.0,3.0
9327087806,2990604425,FOR_SALE,32000,,3.0,3.0,2660.0,10890.0,2001.0,SINGLE_FAMILY,"8212 Barton Club Dr Unit 11-5, Austin, TX, 78735",Austin,TX,78735,30.292486,-97.859772,491.0,198.0,12.0,for_sale,2026-08-10T08:51:46.377476,1.0,2.0
9504206891,2995035764,FOR_SALE,4250000,,4.0,4.0,4027.0,36364.0,2026.0,SINGLE_FAMILY,"4300 Amarra Dr Unit 6, Austin, TX, 78735",Austin,TX,78735,30.273035,-97.879536,517.0,93.0,1055.0,for_sale,2026-08-10T08:51:46.377476,2.0,2.0
8560817851,2998639163,FOR_SALE,5100000,,4.0,4.0,5248.0,69260.0,2014.0,SINGLE_FAMILY,"8708 Acuarela Ct, Austin, TX, 78735",Austin,TX,78735,30.271897,-97.881306,267.0,23.0,972.0,for_sale,2026-08-10T08:51:46.377476,3.0,1.0
7921327675,2999075502,FOR_SALE,695000,,3.0,2.0,1960.0,8999.0,1976.0,SINGLE_FAMILY,"4615 Trail West Dr, Austin, TX, 78735",Austin,TX,78735,30.246611,-97.827891,80.0,10.0,355.0,for_sale,2026-08-10T08:51:46.377476,2.0,1.0
8464391659,2997724844,FOR_SALE,2999500,,4.0,4.0,4925.0,66542.0,1993.0,SINGLE_FAMILY,"3735 Lost Creek Blvd, Austin, TX, 78735",Austin,TX,78735,30.283452,-97.874811,50.0,44.0,609.0,for_sale,2026-08-10T08:51:46.377476,2.0,2.0
7297121884,2998508349,FOR_SALE,874700,,3.0,2.0,2319.0,3607.0,1999.0,SINGLE_FAMILY,"3816 Gaines Ct, Austin, TX, 78735",Austin,TX,78735,30.242002,-97.818913,300.0,25.0,377.0,for_sale,2026-08-10T08:51:46.377476,2.0,2.0
8197851822,2999154352,FOR_SALE,2100000,,4.0,4.0,3772.0,21693.0,1998.0,SINGLE_FAMILY,"2305 Barton Creek Blvd Unit 36, Austin, TX, 78735",Austin,TX,78735,30.289722,-97.861903,410.0,9.0,557.0,for_sale,2026-08-10T08:51:46.377476,2.0,2.0
7832041595,2999346042,FOR_SALE,298000,,2.0,2.0,1359.0,4016.0,1999.0,CONDOS,"7701 Rialto Blvd Apt 1323, Austin, TX, 78735",Austin,TX,78735,30.253291,-97.875113,362.0,3.0,219.0,for_sale,2026-08-10T08:51:46.377476,1.0,1.0
7981498324,2991751249,FOR_SALE,635000,,3.0,2.0,2135.0,22102.0,2005.0,CONDOS,"7800 Southwest Pkwy Unit 412, Austin, TX, 78735",Austin,TX,78735,30.257285,-97.876843,702.0,170.0,297.0,for_sale,2026-08-10T08:51:46.377476,2.0,2.0
7491385941,2998013808,FOR_SALE,835000,,4.0,2.0,2113.0,7667.0,1973.0,SINGLE_FAMILY,"4805 Canyonbend Cir, Austin, TX, 78735",Austin,TX,78735,30.242242,-97.825831,80.0,38.0,395.0,for_sale,2026-08-10T08:51:46.377476,2.0,1.0
7221212413,2998970465,PENDING,689900,,3.0,2.0,1723.0,,1975.0,SINGLE_FAMILY,"4836 Trail Crest Cir, Austin, TX, 78735",Austin,TX,78735,30.248496,-97.827811,80.0,12.0,400.0,for_sale,2026-08-10T08:51:46.377476,2.0,1.0
8481523690,2994741758,FOR_SALE,2995000,,4.0,4.0,4830.0,55922.0,2013.0,SINGLE_FAMILY,"3809 Verano Dr, Austin, TX, 78735",Austin,TX,78735,30.283803,-97.884783,208.0,100.0,620.0,for_sale,2026-08-10T08:51:46.377476,3.0,1.0
8481262828,2997673086,PENDING,4900000,,5.0,5.0,6135.0,60631.0,2017.0,SINGLE_FAMILY,"4001 Verano Dr, Austin, TX, 78735",Austin,TX,78735,30.280263,-97.884215,207.0,45.0,799.0,for_sale,2026-08-10T08:51:46.377476,4.0,1.0
8999702402,2993133606,FOR_SALE,2799000,,5.0,5.0,5710.0,34883.0,2000.0,SINGLE_FAMILY,"8513 Chalk Knoll Dr, Austin, TX, 78735",Austin,TX,78735,30.289051,-97.866322,217.0,131.0,490.0,for_sale,2026-08-10T08:51:46.377476,3.0,2.0
8986971971,2998521502,PENDING,1999000,,4.0,3.0,3716.0,23261.0,2001.0,SINGLE_FAMILY,"2300 Barton Creek Blvd Apt 27, Austin, TX, 78735",Austin,TX,78735,30.29028,-97.864335,237.0,25.0,538.0,for_sale,2026-08-10T08:51:46.377476,2.0,2.0
9386164082,2990545551,FOR_SALE,32000,,3.0,3.0,2660.0,10890.0,2001.0,SINGLE_FAMILY,"8212 Barton Club Dr Unit 9-10, Austin, TX, 78735",Austin,TX,78735,30.292486,-97.859772,491.0,199.0,12.0,for_sale,2026-08-10T08:51:46.377476,1.0,2.0
7459049253,2985639771,FOR_SALE,1999999,,4.0,3.0,3769.0,21710.0,1998.0,SINGLE_FAMILY,"2305 Barton Creek Blvd Unit 29, Austin, TX, 78735",Austin,TX,78735,30.289722,-97.861903,420.0,352.0,531.0,for_sale,2026-08-10T08:51:46.377476,2.0,2.0
7865100858,2986881203,FOR_SALE,7995000,,5.0,6.0,7643.0,31712.0,2016.0,SINGLE_FAMILY,"4416 Amarra Dr, Austin, TX, 78735",Austin,TX,78735,30.270982,-97.880386,333.0,313.0,1046.0,for_sale,2026-08-10T08:51:46.377476,4.0,2.0
8181412282,2993508562,FOR_SALE,2695000,,4.0,4.0,4147.0,23261.0,2000.0,SINGLE_FAMILY,"2300 Barton Creek Blvd Apt 8, Austin, TX, 78735",Austin,TX,78735,30.29028,-97.864335,237.0,121.0,650.0,for_sale,2026-08-10T08:51:46.377476,2.0,2.0
9943024624,2997486847,FOR_SALE,3750000,,3.0,3.0,3383.0,18731.0,2024.0,CONDOS,"4320 Amarra Dr Unit 1, Austin, TX, 78735",Austin,TX,78735,30.271926,-97.87994,800.0,51.0,1108.0,for_sale,2026-08-10T08:51:46.377476,2.0,2.0
8996633113,2996607599,FOR_SALE,1395000,,2.0,3.0,2334.0,21710.0,1997.0,CONDOS,"2305 Barton Creek Blvd Unit 40, Austin, TX, 78735",Austin,TX,78735,30.289722,-97.861903,420.0,66.0,598.0,for_sale,2026-08-10T08:51:46.377476,2.0,1.0
9850754090,2990964564,FOR_SALE,79995,,4.0,2.0,2432.0,6500.0,2003.0,MOBILE,"6003 Oleander Trl, Austin, TX, 78735",Austin,TX,78735,30.251472,-97.882935,0.0,188.0,33.0,for_sale,2026-08-10T08:51:46.377476,,1.0
7072441939,2998685296,FOR_SALE,3995000,,4.0,4.0,4150.0,11021.0,2014.0,SINGLE_FAMILY,"8317 Carranzo Dr, Austin, TX, 78735",Austin,TX,78735,30.272813,-97.875337,267.0,20.0,963.0,for_sale,2026-08-10T08:51:46.377476,3.0,2.0
8767663028,2998354251,PENDING,735000,,4.0,2.0,2990.0,9688.0,2005.0,SINGLE_FAMILY,"5808 Terravista Dr, Austin, TX, 78735",Austin,TX,78735,30.247211,-97.871785,28.0,30.0,246.0,for_sale,2026-08-10T08:51:46.377476,2.0,1.0
8116774948,2985672269,FOR_SALE,2150000,,4.0,4.0,3772.0,21710.0,1998.0,CONDOS,"2305 Barton Creek Blvd Unit 20, Austin, TX, 78735",Austin,TX,78735,30.289722,-97.861903,420.0,350.0,570.0,for_sale,2026-08-10T08:51:46.377476,2.0,2.0
9919678120,2997449704,FOR_SALE,650000,,3.0,2.0,2079.0,53762.0,1960.0,SINGLE_FAMILY,"7511 Old Bee Caves Rd Unit 2, Austin, TX, 78735",Austin,TX,78735,30.242062,-97.87959,,52.0,313.0,for_sale,2026-08-10T08:51:46.377476,,1.0
7192747651,2994733214,FOR_SALE,544000,,2.0,2.0,1887.0,14641.0,2015.0,CONDOS,"8200 Southwest Pkwy Unit 302, Austin, TX, 78735",Austin,TX,78735,30.257886,-97.881523,670.0,100.0,288.0,for_sale,2026-08-10T08:51:46.377476,2.0,2.0
7719799052,2990432836,FOR_SALE,5499000,,6.0,6.0,8772.0,61485.0,1985.0,SINGLE_FAMILY,"3304 Barton Creek Blvd, Austin, TX, 78735",Austin,TX,78735,30.284413,-97.87621,51.0,202.0,627.0,for_sale,2026-08-10T08:51:46.377476,3.0,2.0
7191357838,2998860560,PENDING,837500,,3.0,2.0,1759.0,8146.0,1982.0,SINGLE_FAMILY,"5006 Trail West Dr, Austin, TX, 78735",Austin,TX,78735,30.2507,-97.831983,47.0,16.0,476.0,for_sale,2026-08-10T08:51:46.377476,2.0,1.0
8306586778,2994322403,FOR_SALE,355000,,2.0,2.0,1456.0,4312.0,1999.0,CONDOS,"7701 Rialto Blvd Apt 124, Austin, TX, 78735",Austin,TX,78735,30.253291,-97.875113,388.0,111.0,244.0,for_sale,2026-08-10T08:51:46.377476,1.0,1.0
8891433467,2993344763,FOR_SALE,5000000,,6.0,7.0,9406.0,108377.0,2001.0,SINGLE_FAMILY,"3575 Lost Creek Blvd, Austin, TX, 78735",Austin,TX,78735,30.272733,-97.8607,160.0,125.0,532.0,for_sale,2026-08-10T08:51:46.377476,3.0,2.0
8811025424,2990142515,FOR_SALE,575000,,3.0,2.0,2135.0,24555.0,2008.0,CONDOS,"7800 Southwest Pkwy Unit 2020, Austin, TX, 78735",Austin,TX,78735,30.257285,-97.876843,808.0,212.0,269.0,for_sale,2026-08-10T08:51:46.377476,2.0,2.0
7148974019,2998487073,PENDING,985000,,5.0,3.0,3807.0,8403.0,2002.0,SINGLE_FAMILY,"5721 Medicine Creek Dr, Austin, TX, 78735",Austin,TX,78735,30.255167,-97.883838,172.0,26.0,259.0,for_sale,2026-08-10T08:51:46.377476,2.0,2.0
8733809903,2998409607,FOR_SALE,2999000,,4.0,3.0,3916.0,58858.0,1984.0,SINGLE_FAMILY,"3210 Lacevine Ln, Austin, TX, 78735",Austin,TX,78735,30.285181,-97.879681,50.0,29.0,766.0,for_sale,2026-08-10T08:51:46.377476,2.0,2.0
8961105156,2999071577,FOR_SALE,500000,,2.0,2.0,1421.0,6186.0,1982.0,SINGLE_FAMILY,"4404 Travis Country Cir Apt D2, Austin, TX, 78735",Austin,TX,78735,30.246841,-97.82649,400.0,10.0,352.0,for_sale,2026-08-10T08:51:46.377476,1.0,2.0
8535362399,2997200475,PENDING,570000,,3.0,2.0,1925.0,12463.0,2011.0,SINGLE_FAMILY,"7309 Lookout Bluff Ter Unit D5, Austin, TX, 78735",Austin,TX,78735,30.24321,-97.875392,132.0,58.0,296.0,for_sale,2026-08-10T08:51:46.377476,2.0,1.0
7015341834,2994333376,FOR_SALE,947000,,5.0,4.0,3540.0,9749.0,2008.0,SINGLE_FAMILY,"5801 Leckrone Cv, Austin, TX, 78735",Austin,TX,78735,30.251401,-97.879514,25.0,111.0,268.0,for_sale,2026-08-10T08:51:46.377476,2.0,2.0
8133360891,2993473837,PENDING,885000,,4.0,4.0,3907.0,10084.0,2005.0,SINGLE_FAMILY,"5604 Terravista Dr, Austin, TX, 78735",Austin,TX,78735,30.248311,-97.870432,28.0,122.0,227.0,for_sale,2026-08-10T08:51:46.377476,2.0,2.0
7037147669,2998745450,FOR_SALE,298000,,2.0,2.0,1359.0,4016.0,1999.0,CONDOS,"7701 Rialto Blvd Apt 1326, Austin, TX, 78735",Austin,TX,78735,30.253291,-97.875113,330.0,19.0,219.0,for_sale,2026-08-10T08:51:46.377476,1.0,2.0
7237447769,2994459329,FOR_SALE,3290000,,5.0,5.0,5891.0,47480.0,1993.0,SINGLE_FAMILY,"7609 Sandia Loop, Austin, TX, 78735",Austin,TX,78735,30.275714,-97.858885,58.0,108.0,558.0,for_sale,2026-08-10T08:51:46.377476,3.0,2.0
7892781963,2998528601,FOR_SALE,695000,,3.0,2.0,1646.0,7148.0,1975.0,SINGLE_FAMILY,"4708 Cap Rock Dr, Austin, TX, 78735",Austin,TX,78735,30.250485,-97.827315,75.0,25.0,422.0,for_sale,2026-08-10T08:51:46.377476,2.0,1.0
8379162524,2993018244,FOR_SALE,752500,,4.0,2.0,2109.0,8294.0,1998.0,SINGLE_FAMILY,"5405 Apache Creek Cv, Austin, TX, 78735",Austin,TX,78735,30.247557,-97.840754,108.0,135.0,357.0,for_sale,2026-08-10T08:51:46.377476,2.0,1.0
8414909306,2995353182,FOR_SALE,3350000,,6.0,4.0,5931.0,30492.0,1995.0,SINGLE_FAMILY,"8616 Mendocino Dr, Austin, TX, 78735",Austin,TX,78735,30.285963,-97.870286,181.0,88.0,565.0,for_sale,2026-08-10T08:51:46.377476,4.0,2.0
7434112743,2995750055,FOR_SALE,635000,,3.0,2.0,1568.0,7379.0,1973.0,SINGLE_FAMILY,"4806 Canyonbend Cir, Austin, TX, 78735",Austin,TX,78735,30.242339,-97.825249,80.0,80.0,405.0,for_sale,2026-08-10T08:51:46.377476,2.0,1.0
8609323251,2992883886,FOR_SALE,3220000,,4.0,4.0,3582.0,23261.0,2000.0,SINGLE_FAMILY,"2300 Barton Creek Blvd Apt 4, Austin, TX, 78735",Austin,TX,78735,30.29028,-97.864335,208.0,138.0,899.0,for_sale,2026-08-10T08:51:46.377476,3.0,2.0
8259913434,2992934754,FOR_SALE,3275000,,4.0,4.0,4147.0,23261.0,1999.0,SINGLE_FAMILY,"2300 Barton Creek Blvd Apt 15, Austin, TX, 78735",Austin,TX,78735,30.29028,-97.864335,150.0,137.0,790.0,for_sale,2026-08-10T08:51:46.377476,3.0,2.0
7551298723,2998385458,FOR_SALE,375000,,3.0,2.0,1404.0,8015.0,2004.0,CONDOS,"8909 Mountain Shadows Cv Apt B, Austin, TX, 78735",Austin,TX,78735,30.256031,-97.893509,185.0,30.0,267.0,for_sale,2026-08-10T08:51:46.377476,1.0,2.0
7152882202,2996677309,FOR_SALE,3899000,,4.0,4.0,4136.0,43116.0,2022.0,SINGLE_FAMILY,"4401 Amarra Dr Unit 17, Austin, TX, 78735",Austin,TX,78735,30.273697,-97.883014,1350.0,65.0,943.0,for_sale,2026-08-10T08:51:46.377476,2.0,2.0
7215931745,2998154389,PENDING,469500,,3.0,2.0,1928.0,12458.0,2012.0,CONDOS,"7424 Sunset Heights Cir Unit F26, Austin, TX, 78735",Austin,TX,78735,30.244743,-97.873878,130.0,34.0,244.0,for_sale,2026-08-10T08:51:46.377476,2.0,2.0
7380344405,2993255425,FOR_SALE,699000,,3.0,2.0,2376.0,17607.0,2015.0,CONDOS,"8200 Southwest Pkwy Unit 321, Austin, TX, 78735",Austin,TX,78735,30.257886,-97.881523,760.0,128.0,294.0,for_sale,2026-08-10T08:51:46.377476,2.0,2.0
7184998262,2997574964,FOR_SALE,490000,,2.0,2.0,1172.0,6203.0,1982.0,TOWNHOMES,"4404 Travis Country Cir Apt G4, Austin, TX, 78735",Austin,TX,78735,30.246841,-97.82649,400.0,47.0,418.0,for_sale,2026-08-10T08:51:46.377476,2.0,2.0
9566665179,2994445357,FOR_SALE,545000,,4.0,2.0,2574.0,12463.0,2011.0,CONDOS,"6227 Aviara Dr Unit E3, Austin, TX, 78735",Austin,TX,78735,30.244088,-97.875155,130.0,108.0,212.0,for_sale,2026-08-10T08:51:46.377476,2.0,2.0
8105601983,2992845568,PENDING,1845000,,4.0,3.0,3603.0,54798.0,1983.0,SINGLE_FAMILY,"8800 Golden Rain Cv, Austin, TX, 78735",Austin,TX,78735,30.284776,-97.873176,51.0,139.0,512.0,for_sale,2026-08-10T08:51:46.377476,2.0,2.0
7026102060,2997426353,FOR_SALE,828000,,2.0,2.0,3003.0,21218.0,2015.0,CONDOS,"8200 Southwest Pkwy Unit 403, Austin, TX, 78735",Austin,TX,78735,30.257886,-97.881523,934.0,52.0,276.0,for_sale,2026-08-10T08:51:46.377476,2.0,2.0
7827085225,2998334963,FOR_SALE,395000,,2.0,2.0,1564.0,7253.0,2003.0,CONDOS,"8813 Mountain Shadows Cv Unit 8813A, Austin, TX, 78735",Austin,TX,78735,30.253821,-97.895877,208.0,31.0,253.0,for_sale,2026-08-10T08:51:46.377476,1.0,2.0
8558420419,2998029040,PENDING,894900,,4.0,4.0,4160.0,8960.0,2007.0,SINGLE_FAMILY,"7908 Journeyville Dr, Austin, TX, 78735",Austin,TX,78735,30.249681,-97.876624,25.0,38.0,215.0,for_sale,2026-08-10T08:51:46.377476,2.0,2.0
8560817851,2996198140,FOR_SALE,5100000,,4.0,4.0,5248.0,69125.0,2015.0,SINGLE_FAMILY,"8708 Acuarela Ct, Austin, TX, 78735",Austin,TX,78735,30.271897,-97.881306,267.0,72.0,972.0,for_sale,2026-08-10T08:51:46.377476,3.0,1.0
8916500148,2997456961,FOR_SALE,559900,,3.0,2.0,2091.0,17302.0,1965.0,SINGLE_FAMILY,"6201 Oakclaire Dr, Austin, TX, 78735",Austin,TX,78735,30.237005,-97.853652,0.0,52.0,268.0,for_sale,2026-08-10T08:51:46.377476,2.0,1.0
8492196057,2997445296,PENDING,1199000,,4.0,3.0,2727.0,9074.0,1964.0,SINGLE_FAMILY,"3210 Cupid Dr, Austin, TX, 78735",Austin,TX,78735,30.238284,-97.806935,0.0,52.0,440.0,for_sale,2026-08-10T08:51:46.377476,2.0,2.0
8117922213,2997516347,FOR_SALE,2599000,,3.0,3.0,3622.0,11195.0,2012.0,SINGLE_FAMILY,"8225 Carranzo Dr, Austin, TX, 78735",Austin,TX,78735,30.273275,-97.874607,267.0,50.0,718.0,for_sale,2026-08-10T08:51:46.377476,3.0,1.0
7053633400,2994734689,FOR_SALE,669500,,4.0,3.0,1620.0,9749.0,1961.0,SINGLE_FAMILY,"4505 Dudley Dr, Austin, TX, 78735",Austin,TX,78735,30.235768,-97.806939,0.0,100.0,413.0,for_sale,2026-08-10T08:51:46.377476,,1.0
9024500400,2997839258,FOR_SALE,665000,,3.0,2.0,1791.0,4356.0,2021.0,SINGLE_FAMILY,"7913 Floracita Ln, Austin, TX, 78735",Austin,TX,78735,30.253567,-97.880371,200.0,41.0,371.0,for_sale,2026-08-10T08:51:46.377476,2.0,3.0
7039435076,2995045018,FOR_SALE,698000,,3.0,3.0,1854.0,9409.0,1960.0,SINGLE_FAMILY,"3221 John Campbells Trl, Austin, TX, 78735",Austin,TX,78735,30.235558,-97.809864,0.0,93.0,376.0,for_sale,2026-08-10T08:51:46.377476,,1.0
9356524043,2995771659,FOR_SALE,1099000,,4.0,3.0,2332.0,,2026.0,SINGLE_FAMILY,"7809 Old Bee Caves Rd Unit 21, Austin, TX, 78735",Austin,TX,78735,30.245724,-97.883347,275.0,80.0,471.0,for_sale,2026-08-10T08:51:46.377476,2.0,3.0
8592390878,2995248539,FOR_SALE,799000,,3.0,2.0,2661.0,11117.0,2005.0,SINGLE_FAMILY,"8617 Cobblestone, Austin, TX, 78735",Austin,TX,78735,30.256599,-97.887365,47.0,89.0,300.0,for_sale,2026-08-10T08:51:46.377476,3.0,2.0
8594474806,2994853127,FOR_SALE,525000,,4.0,4.0,2256.0,16470.0,1984.0,MULTI_FAMILY,"6102 Parkwood Dr, Austin, TX, 78735",Austin,TX,78735,30.238976,-97.855758,0.0,96.0,233.0,for_sale,2026-08-10T08:51:46.377476,2.0,2.0
7796275765,2989355284,FOR_SALE,269900,,,,,9291.0,,LAND,"4505 Dudmar Dr, Austin, TX, 78735",Austin,TX,78735,30.235578,-97.806594,0.0,242.0,,for_sale,2026-08-10T08:51:46.377476,,
8754204675,2991595665,FOR_SALE,925000,,,,,43094.0,,LAND,"4416 Stearns Ln, Austin, TX, 78735",Austin,TX,78735,30.238211,-97.80898,0.0,175.0,,for_sale,2026-08-10T08:51:46.377476,,
9403125269,2992002552,FOR_SALE,730000,,3.0,2.0,2034.0,9256.0,2021.0,SINGLE_FAMILY,"5214 Pink Poppy Pass, Austin, TX, 78735",Austin,TX,78735,30.24745,-97.882775,301.0,162.0,359.0,for_sale,2026-08-10T08:51:46.377476,2.0,2.0
9987631575,2995582579,PENDING,900000,,,,,87120.0,,LAND,"4605 Boston Ln, Austin, TX, 78735",Austin,TX,78735,30.238729,-97.83165,0.0,83.0,,for_sale,2026-08-10T08:51:46.377476,,
8231049448,2995812331,SOLD,720000,,5.0,4.0,3343.0,7797.0,2007.0,SINGLE_FAMILY,"7433 Bonniebrook Dr, Austin, TX, 78735",Austin,TX,78735,30.249028,-97.872848,28.0,72.0,,sold,2026-08-10T08:51:50.173847,2.0,2.0
8306363183,2995465811,SOLD,439999,,2.0,2.0,1723.0,5097.0,1999.0,CONDOS,"7701 Rialto Blvd Apt 91, Austin, TX, 78735",Austin,TX,78735,30.253291,-97.875113,459.0,73.0,,sold,2026-08-10T08:51:50.173847,2.0,3.0
8409695038,2981120856,SOLD,2699000,,,,,215448.0,,LAND,"7855 Escala Dr, Austin, TX, 78735",Austin,TX,78735,30.272154,-97.868214,350.0,454.0,,sold,2026-08-10T08:51:50.173847,,
7544400640,2971293664,SOLD,4500000,,5.0,2.0,,1085210.0,,SINGLE_FAMILY,"8737 W Highway 71, Austin, TX, 78735",Austin,TX,78735,30.25025,-97.895364,0.0,694.0,,sold,2026-08-10T08:51:50.173847,,1.0
7501452301,2996208570,SOLD,450000,,3.0,2.0,2064.0,16000.0,1983.0,SINGLE_FAMILY,"5804 Parkwood Dr, Austin, TX, 78735",Austin,TX,78735,30.241475,-97.852974,0.0,53.0,,sold,2026-08-10T08:51:50.173847,,1.0
7787835291,2993126996,SOLD,1599999,,2.0,2.0,2548.0,21710.0,1997.0,CONDOS,"2305 Barton Creek Blvd Unit 39, Austin, TX, 78735",Austin,TX,78735,30.289722,-97.861903,410.0,112.0,,sold,2026-08-10T08:51:50.173847,3.0,1.0
8772693931,2996447822,SOLD,990000,,4.0,4.0,4109.0,10088.0,2007.0,SINGLE_FAMILY,"5821 Kempson Dr, Austin, TX, 78735",Austin,TX,78735,30.248732,-97.875457,28.0,48.0,,sold,2026-08-10T08:51:50.173847,2.0,2.0
7438875416,2992515526,SOLD,699000,,4.0,3.0,2522.0,8398.0,2003.0,SINGLE_FAMILY,"8024 Cobblestone, Austin, TX, 78735",Austin,TX,78735,30.25455,-97.883625,47.0,125.0,,sold,2026-08-10T08:51:50.173847,2.0,1.0
8602649435,2995817694,SOLD,730000,,3.0,2.0,1867.0,7022.0,1999.0,SINGLE_FAMILY,"5313 Moon Shadow Dr, Austin, TX, 78735",Austin,TX,78735,30.256126,-97.836139,80.0,53.0,,sold,2026-08-10T08:51:50.173847,2.0,1.0
7448795524,2997673336,SOLD,920000,,3.0,2.0,2553.0,5593.0,1996.0,SINGLE_FAMILY,"3902 Gaines Court Gaines Ct, Austin, TX, 78735",Austin,TX,78735,30.242477,-97.819633,300.0,18.0,,sold,2026-08-10T08:51:50.173847,2.0,2.0
9369654540,2988902669,SOLD,3850000,,3.0,3.0,3510.0,17860.0,2026.0,SINGLE_FAMILY,"4304 Amarra Dr Unit 5, Austin, TX, 78735",Austin,TX,78735,30.272879,-97.8797,517.0,230.0,,sold,2026-08-10T08:51:50.173847,2.0,2.0
8636660157,2991966018,SOLD,825000,,4.0,4.0,3430.0,7767.0,2006.0,SINGLE_FAMILY,"7621 Menler Dr, Austin, TX, 78735",Austin,TX,78735,30.250142,-97.873508,28.0,132.0,,sold,2026-08-10T08:51:50.173847,2.0,2.0
7123161163,2996806639,SOLD,1345000,,4.0,3.0,2439.0,12001.0,1982.0,SINGLE_FAMILY,"4175 Travis Country Cir, Austin, TX, 78735",Austin,TX,78735,30.25165,-97.826058,108.0,30.0,,sold,2026-08-10T08:51:50.173847,2.0,1.0
8134874243,2991710003,SOLD,7500000,,5.0,5.0,9615.0,120313.0,2023.0,SINGLE_FAMILY,"4901 Mirador Dr, Austin, TX, 78735",Austin,TX,78735,30.259832,-97.869623,175.0,139.0,,sold,2026-08-10T08:51:50.173847,4.0,2.0
8480159158,2991715348,SOLD,750000,,3.0,2.0,1934.0,15037.0,2000.0,CONDOS,"5000 Mission Oaks Blvd Unit 57, Austin, TX, 78735",Austin,TX,78735,30.243322,-97.836953,250.0,139.0,,sold,2026-08-10T08:51:50.173847,2.0,1.0
7580637874,2996291421,SOLD,859000,,3.0,2.0,2581.0,4900.0,1999.0,SINGLE_FAMILY,"3903 Gaines Ct, Austin, TX, 78735",Austin,TX,78735,30.241828,-97.819925,331.0,36.0,,sold,2026-08-10T08:51:50.173847,2.0,2.0
8999018134,2993677574,SOLD,2100000,,3.0,3.0,3688.0,21710.0,1997.0,CONDOS,"2305 Barton Creek Blvd Unit 25, Austin, TX, 78735",Austin,TX,78735,30.289722,-97.861903,420.0,77.0,,sold,2026-08-10T08:51:50.173847,2.0,2.0
8793772271,2993150516,SOLD,438000,,3.0,2.0,1472.0,12463.0,2010.0,SINGLE_FAMILY,"7312 Morning Sunrise Cv, Austin, TX, 78735",Austin,TX,78735,30.241964,-97.875504,130.0,91.0,,sold,2026-08-10T08:51:50.173847,2.0,1.0
7341294622,2993011702,SOLD,685000,,3.0,2.0,2451.0,24450.0,2008.0,CONDOS,"7800 Southwest Pkwy Unit 1612, Austin, TX, 78735",Austin,TX,78735,30.257285,-97.876843,796.0,94.0,,sold,2026-08-10T08:51:50.173847,2.0,2.0
7982866158,2995546758,SOLD,725000,,4.0,2.0,2018.0,9348.0,1978.0,SINGLE_FAMILY,"4835 Trail Crest Cir, Austin, TX, 78735",Austin,TX,78735,30.24858,-97.826938,80.0,38.0,,sold,2026-08-10T08:51:50.173847,2.0,1.0
7362576624,2991947810,SOLD,599000,,3.0,2.0,2119.0,13129.0,2006.0,CONDOS,"7901 Southwest Pkwy Unit 4, Austin, TX, 78735",Austin,TX,78735,30.255764,-97.879209,440.0,117.0,,sold,2026-08-10T08:51:50.173847,2.0,2.0
7103472303,2995397195,SOLD,750000,,3.0,2.0,2721.0,8398.0,2005.0,SINGLE_FAMILY,"5720 Sunset Rdg, Austin, TX, 78735",Austin,TX,78735,30.256177,-97.886278,47.0,39.0,,sold,2026-08-10T08:51:50.173847,3.0,2.0
7238764672,2994907826,SOLD,550000,,3.0,2.0,1524.0,7148.0,1977.0,SINGLE_FAMILY,"4701 Cap Rock Dr, Austin, TX, 78735",Austin,TX,78735,30.249687,-97.826724,82.0,42.0,,sold,2026-08-10T08:51:50.173847,2.0,1.0
8128538727,2994044721,SOLD,1350000,,5.0,3.0,3003.0,10672.0,1998.0,SINGLE_FAMILY,"5740 Republic of Texas Blvd, Austin, TX, 78735",Austin,TX,78735,30.251379,-97.838641,80.0,55.0,,sold,2026-08-10T08:51:50.173847,2.0,2.0
8847645434,2990533013,SOLD,269000,,2.0,2.0,1456.0,4312.0,1999.0,CONDOS,"7701 Rialto Blvd Apt 1328, Austin, TX, 78735",Austin,TX,78735,30.253291,-97.875113,400.0,,,sold,2026-08-10T08:51:50.173847,1.0,1.0
7724725982,2992966439,SOLD,915000,,4.0,3.0,3358.0,7423.0,2006.0,SINGLE_FAMILY,"7604 Menler Dr, Austin, TX, 78735",Austin,TX,78735,30.25006,-97.872684,28.0,67.0,,sold,2026-08-10T08:51:50.173847,2.0,2.0
7799508427,2994091872,SOLD,439999,,2.0,2.0,1723.0,5092.0,1999.0,CONDOS,"7701 Rialto Blvd Apt 45, Austin, TX, 78735",Austin,TX,78735,30.253291,-97.875113,459.0,40.0,,sold,2026-08-10T08:51:50.173847,2.0,3.0
7153105798,2993992193,SOLD,4100000,,4.0,4.0,3991.0,,2024.0,SINGLE_FAMILY,"4401 Amarra Dr Unit 14, Austin, TX, 78735",Austin,TX,78735,30.273697,-97.883014,917.0,42.0,,sold,2026-08-10T08:51:50.173847,2.0,2.0
7523248322,2992515991,SOLD,875000,,4.0,2.0,2288.0,8943.0,1979.0,SINGLE_FAMILY,"4601 Creek Rdg, Austin, TX, 78735",Austin,TX,78735,30.245574,-97.829778,80.0,74.0,,sold,2026-08-10T08:51:50.173847,2.0,2.0
8008186883,2992254814,SOLD,625000,,3.0,2.0,1492.0,7144.0,1976.0,SINGLE_FAMILY,"4705 Fieldstone Dr, Austin, TX, 78735",Austin,TX,78735,30.249238,-97.827574,108.0,80.0,,sold,2026-08-10T08:51:50.173847,2.0,1.0
8334107999,2992133733,SOLD,685000,,3.0,2.0,1699.0,7701.0,1978.0,SINGLE_FAMILY,"4713 Trail Crest Cir, Austin, TX, 78735",Austin,TX,78735,30.251084,-97.827932,80.0,82.0,,sold,2026-08-10T08:51:50.173847,2.0,1.0
7060229136,2991496223,SOLD,2750000,,5.0,5.0,4587.0,42253.0,1999.0,SINGLE_FAMILY,"7738 Sandia Loop, Austin, TX, 78735",Austin,TX,78735,30.273737,-97.861384,153.0,96.0,,sold,2026-08-10T08:51:50.173847,3.0,2.0
8545487914,2987888383,SOLD,299900,,2.0,2.0,1239.0,3659.0,1999.0,CONDOS,"7701 Rialto Blvd Apt 1412, Austin, TX, 78735",Austin,TX,78735,30.253291,-97.875113,351.0,200.0,,sold,2026-08-10T08:51:50.173847,1.0,1.0
7469888048,2994053309,SOLD,839000,,4.0,2.0,1919.0,13861.0,1973.0,SINGLE_FAMILY,"4805 Travis Country Cir, Austin, TX, 78735",Austin,TX,78735,30.242378,-97.826826,85.0,32.0,,sold,2026-08-10T08:51:50.173847,2.0,1.0
7964398850,2990744034,SOLD,899999,,4.0,4.0,3907.0,12776.0,2008.0,SINGLE_FAMILY,"7809 Tusman Dr, Austin, TX, 78735",Austin,TX,78735,30.250518,-97.87869,28.0,109.0,,sold,2026-08-10T08:51:50.173847,2.0,2.0
7305780544,2990578466,SOLD,3590000,,4.0,4.0,4673.0,47136.0,2013.0,SINGLE_FAMILY,"4220 Verano Dr, Austin, TX, 78735",Austin,TX,78735,30.277431,-97.8864,270.0,111.0,,sold,2026-08-10T08:51:50.173847,3.0,1.0
9119638840,2990578195,SOLD,32000,,3.0,3.0,2660.0,10890.0,2001.0,SINGLE_FAMILY,"8212 Barton Club 33 Int 1 Dr Unit Home, Austin, TX, 78735",Austin,TX,78735,30.292486,-97.859772,495.0,111.0,,sold,2026-08-10T08:51:50.173847,2.0,2.0
9967794847,2990751926,SOLD,32000,,3.0,3.0,2660.0,10890.0,2001.0,SINGLE_FAMILY,"8212 Barton Club Dr Unit 33-11, Austin, TX, 78735",Austin,TX,78735,30.292486,-97.859772,491.0,105.0,,sold,2026-08-10T08:51:50.173847,1.0,2.0
9156708095,2990598976,SOLD,32000,,3.0,3.0,2660.0,10890.0,2001.0,SINGLE_FAMILY,"8212 Barton Club Dr Unit 12-2, Austin, TX, 78735",Austin,TX,78735,30.292486,-97.859772,491.0,111.0,,sold,2026-08-10T08:51:50.173847,1.0,2.0
8642627631,2993462840,SOLD,1299000,,5.0,4.0,3445.0,10807.0,2008.0,SINGLE_FAMILY,"5805 Leckrone Cv, Austin, TX, 78735",Austin,TX,78735,30.251321,-97.879187,28.0,35.0,,sold,2026-08-10T08:51:50.173847,3.0,2.0
9127964357,2985596170,SOLD,644999,,3.0,2.0,1804.0,4356.0,2020.0,SINGLE_FAMILY,"7924 Yellow Thistle Trl Unit 39, Austin, TX, 78735",Austin,TX,78735,30.253302,-97.881096,189.0,264.0,,sold,2026-08-10T08:51:50.173847,2.0,2.0
8584393558,2992980687,SOLD,1750000,,5.0,5.0,4250.0,10585.0,2006.0,SINGLE_FAMILY,"1932 Wimberly Ln, Austin, TX, 78735",Austin,TX,78735,30.293858,-97.87635,180.0,48.0,,sold,2026-08-10T08:51:50.173847,3.0,2.0
8626486250,2991884225,SOLD,599990,,3.0,2.0,2260.0,19798.0,1967.0,SINGLE_FAMILY,"6105 Oakclaire Dr, Austin, TX, 78735",Austin,TX,78735,30.237714,-97.85352,0.0,76.0,,sold,2026-08-10T08:51:50.173847,,1.0
8332288785,2993648020,SOLD,551000,,3.0,2.0,1592.0,7701.0,1973.0,SINGLE_FAMILY,"4514 Cliffstone Cv, Austin, TX, 78735",Austin,TX,78735,30.244851,-97.823258,80.0,27.0,,sold,2026-08-10T08:51:50.173847,2.0,1.0
8580033443,2987075663,SOLD,2149000,,5.0,3.0,5656.0,11317.0,2006.0,SINGLE_FAMILY,"9308 Travertine Cv, Austin, TX, 78735",Austin,TX,78735,30.295161,-97.877513,125.0,213.0,,sold,2026-08-10T08:51:50.173847,3.0,2.0
8143690222,2992885033,SOLD,850000,,3.0,2.0,2417.0,12754.0,1996.0,SINGLE_FAMILY,"4305 Painted Pony Cv, Austin, TX, 78735",Austin,TX,78735,30.253081,-97.833394,80.0,42.0,,sold,2026-08-10T08:51:50.173847,2.0,1.0
7306637661,2991328611,SOLD,3650000,,5.0,4.0,5397.0,44784.0,2013.0,SINGLE_FAMILY,"9508 Veletta Pl, Austin, TX, 78735",Austin,TX,78735,30.285447,-97.887744,213.0,86.0,,sold,2026-08-10T08:51:50.173847,4.0,1.0
9154778712,2990386712,SOLD,869000,,3.0,3.0,2446.0,9256.0,2021.0,SINGLE_FAMILY,"7921 Floracita Ln Unit 26, Austin, TX, 78735",Austin,TX,78735,30.253832,-97.880775,200.0,103.0,,sold,2026-08-10T08:51:50.173847,2.0,3.0
8825442300,2992969250,SOLD,1150000,,5.0,3.0,3392.0,9431.0,1999.0,SINGLE_FAMILY,"4601 Foster Ranch Rd, Austin, TX, 78735",Austin,TX,78735,30.252212,-97.846536,108.0,35.0,,sold,2026-08-10T08:51:50.173847,2.0,2.0
7598329047,2989280611,SOLD,4295000,,4.0,4.0,4661.0,33541.0,1996.0,SINGLE_FAMILY,"2904 Maravillas Loop, Austin, TX, 78735",Austin,TX,78735,30.286387,-97.869979,132.0,142.0,,sold,2026-08-10T08:51:50.173847,3.0,1.0
8024377942,2984439167,SOLD,749000,,3.0,2.0,2451.0,23522.0,2005.0,CONDOS,"7800 Southwest Pkwy Unit 1010, Austin, TX, 78735",Austin,TX,78735,30.257285,-97.876843,791.0,285.0,,sold,2026-08-10T08:51:50.173847,2.0,2.0
8161913268,2992816484,SOLD,899000,,3.0,2.0,2856.0,10402.0,1999.0,SINGLE_FAMILY,"5749 N Republic of Texas Blvd, Austin, TX, 78735",Austin,TX,78735,30.252155,-97.838895,83.0,38.0,,sold,2026-08-10T08:51:50.173847,2.0,1.0
7073075460,2990093408,SOLD,3995000,,4.0,4.0,3995.0,14026.0,2021.0,SINGLE_FAMILY,"8408 Carranzo Dr, Austin, TX, 78735",Austin,TX,78735,30.272378,-97.876566,267.0,110.0,,sold,2026-08-10T08:51:50.173847,3.0,1.0
8054615356,2993291754,SOLD,5600000,,6.0,5.0,7550.0,25700.0,1995.0,SINGLE_FAMILY,"8609 Navidad Dr, Austin, TX, 78735",Austin,TX,78735,30.286273,-97.869246,295.0,23.0,,sold,2026-08-10T08:51:50.173847,3.0,2.0
7377884853,2988240057,SOLD,1100000,,3.0,3.0,3316.0,32518.0,2015.0,CONDOS,"8200 Southwest Pkwy Unit 604, Austin, TX, 78735",Austin,TX,78735,30.257886,-97.881523,1035.0,165.0,,sold,2026-08-10T08:51:50.173847,2.0,2.0
8885234022,2992857322,SOLD,525000,,3.0,2.0,1760.0,24881.0,1960.0,SINGLE_FAMILY,"5601 Oak Blvd, Austin, TX, 78735",Austin,TX,78735,30.238262,-97.848187,0.0,29.0,,sold,2026-08-10T08:51:50.173847,2.0,1.0
7072851864,2992488449,SOLD,2800000,,3.0,3.0,3824.0,11195.0,2015.0,SINGLE_FAMILY,"8221 Carranzo Dr, Austin, TX, 78735",Austin,TX,78735,30.273348,-97.874407,267.0,37.0,,sold,2026-08-10T08:51:50.173847,3.0,1.0
7368107391,2990379733,SOLD,725000,,4.0,2.0,2469.0,8995.0,2002.0,SINGLE_FAMILY,"5408 Fort Benton Dr, Austin, TX, 78735",Austin,TX,78735,30.257391,-97.883,47.0,88.0,,sold,2026-08-10T08:51:50.173847,2.0,1.0
7202202227,2990163042,SOLD,599999,,4.0,1.0,2067.0,7148.0,1976.0,SINGLE_FAMILY,"4711 Fieldstone Dr, Austin, TX, 78735",Austin,TX,78735,30.2495,-97.828109,80.0,93.0,,sold,2026-08-10T08:51:50.173847,2.0,2.0
8920055606,2991867169,SOLD,849900,,3.0,2.0,1899.0,15037.0,2001.0,CONDOS,"5000 Mission Oaks Blvd Unit 47, Austin, TX, 78735",Austin,TX,78735,30.243322,-97.836953,295.0,44.0,,sold,2026-08-10T08:51:50.173847,2.0,1.0
8532319769,2992079919,SOLD,949000,,3.0,2.0,2189.0,9148.0,1998.0,SINGLE_FAMILY,"5700 Travis Green Ln, Austin, TX, 78735",Austin,TX,78735,30.252851,-97.844425,80.0,28.0,,sold,2026-08-10T08:51:50.173847,2.0,1.0
7275966232,2991799370,SOLD,1195000,,4.0,3.0,3120.0,8999.0,1998.0,SINGLE_FAMILY,"5905 Republic of Texas Blvd, Austin, TX, 78735",Austin,TX,78735,30.255264,-97.834071,80.0,36.0,,sold,2026-08-10T08:51:50.173847,2.0,2.0
9337919822,2990039487,SOLD,750000,,3.0,2.0,1922.0,9256.0,2021.0,SINGLE_FAMILY,"7905 Floracita Ln, Austin, TX, 78735",Austin,TX,78735,30.253283,-97.879895,200.0,81.0,,sold,2026-08-10T08:51:50.173847,2.0,2.0
9193611496,2992023658,SOLD,27500,,3.0,3.0,2603.0,10890.0,2000.0,SINGLE_FAMILY,"8212 Barton Club Dr Unit 12-9, Austin, TX, 78735",Austin,TX,78735,30.292486,-97.859772,617.0,25.0,,sold,2026-08-10T08:51:50.173847,1.0,2.0
9548077812,2985153064,SOLD,509900,,3.0,2.0,2276.0,12463.0,2011.0,SINGLE_FAMILY,"6203 Aviara Dr, Austin, TX, 78735",Austin,TX,78735,30.243923,-97.874062,130.0,229.0,,sold,2026-08-10T08:51:50.173847,2.0,2.0
8608795261,2991533344,SOLD,1150000,,4.0,2.0,2025.0,11718.0,1973.0,SINGLE_FAMILY,"4701 Travis Country Cir, Austin, TX, 78735",Austin,TX,78735,30.243304,-97.824439,80.0,40.0,,sold,2026-08-10T08:51:50.173847,2.0,1.0
8044558443,2992151036,SOLD,785000,,3.0,2.0,2568.0,7710.0,1978.0,SINGLE_FAMILY,"4602 Red Stone Ct, Austin, TX, 78735",Austin,TX,78735,30.247478,-97.828183,80.0,20.0,,sold,2026-08-10T08:51:50.173847,1.0,1.0
7445796028,2986719944,SOLD,2475000,,3.0,2.0,3444.0,,1999.0,CONDOS,"1200 Barton Creek Blvd Apt 45, Austin, TX, 78735",Austin,TX,78735,30.300664,-97.855481,433.0,176.0,,sold,2026-08-10T08:51:50.173847,2.0,2.0
8031305066,2990206931,SOLD,2350000,,4.0,4.0,3913.0,24394.0,1995.0,SINGLE_FAMILY,"2901 Maravillas Loop, Austin, TX, 78735",Austin,TX,78735,30.286189,-97.8709,153.0,66.0,,sold,2026-08-10T08:51:50.173847,3.0,2.0
8132021731,2990465926,SOLD,2395000,,3.0,3.0,3219.0,11282.0,2012.0,SINGLE_FAMILY,"8217 Carranzo Dr, Austin, TX, 78735",Austin,TX,78735,30.273413,-97.874211,267.0,48.0,,sold,2026-08-10T08:51:50.173847,2.0,1.0
7127185885,2987961009,SOLD,849500,,3.0,2.0,1693.0,8799.0,1976.0,SINGLE_FAMILY,"4618 Trail Crest Cir, Austin, TX, 78735",Austin,TX,78735,30.250645,-97.825936,75.0,125.0,,sold,2026-08-10T08:51:50.173847,2.0,1.0
8772805728,2991745770,SOLD,657000,,3.0,2.0,2451.0,7793.0,2006.0,SINGLE_FAMILY,"7917 Menler Dr, Austin, TX, 78735",Austin,TX,78735,30.250978,-97.877261,28.0,13.0,,sold,2026-08-10T08:51:50.173847,2.0,1.0
8958961250,2988692510,SOLD,414000,,3.0,2.0,1536.0,9361.0,1967.0,SINGLE_FAMILY,"3212 Whites Dr, Austin, TX, 78735",Austin,TX,78735,30.23648,-97.808726,0.0,,,sold,2026-08-10T08:51:50.173847,,1.0
8304674722,2983247490,SOLD,950000,,4.0,3.0,2530.0,10350.0,1973.0,SINGLE_FAMILY,"4604 Fawnwood Cv, Austin, TX, 78735",Austin,TX,78735,30.244608,-97.824956,75.0,256.0,,sold,2026-08-10T08:51:50.173847,2.0,2.0
7070653174,2987610226,SOLD,4995000,,4.0,4.0,4694.0,147146.0,2017.0,SINGLE_FAMILY,"4701 Peralta Ln, Austin, TX, 78735",Austin,TX,78735,30.264471,-97.873842,267.0,127.0,,sold,2026-08-10T08:51:50.173847,3.0,1.0
8000157555,2990542237,SOLD,685000,,3.0,2.0,1568.0,7144.0,1978.0,SINGLE_FAMILY,"4702 Cap Rock Dr, Austin, TX, 78735",Austin,TX,78735,30.250201,-97.826791,75.0,35.0,,sold,2026-08-10T08:51:50.173847,2.0,1.0
8603279901,2990368231,SOLD,830000,,3.0,2.0,2165.0,3611.0,2000.0,SINGLE_FAMILY,"3823 Gaines Ct, Austin, TX, 78735",Austin,TX,78735,30.241867,-97.819449,300.0,41.0,,sold,2026-08-10T08:51:50.173847,2.0,2.0
8481001966,2990113803,SOLD,3300000,,4.0,4.0,5002.0,42815.0,2014.0,SINGLE_FAMILY,"4217 Verano Dr, Austin, TX, 78735",Austin,TX,78735,30.277699,-97.884897,162.0,49.0,,sold,2026-08-10T08:51:50.173847,3.0,1.0
8167956372,2990400636,SOLD,500000,,3.0,2.0,1912.0,8032.0,2003.0,CONDOS,"8921 Mountain Shadows Cv Apt B, Austin, TX, 78735",Austin,TX,78735,30.253977,-97.895857,185.0,39.0,,sold,2026-08-10T08:51:50.173847,2.0,2.0
8688565500,2986921196,SOLD,675000,,2.0,2.0,1816.0,,2015.0,CONDOS,"8200 Southwest Pkwy Unit 306, Austin, TX, 78735",Austin,TX,78735,30.257886,-97.881523,646.0,145.0,,sold,2026-08-10T08:51:50.173847,2.0,1.0
8295862809,2989578975,SOLD,825000,,3.0,2.0,1565.0,,1973.0,SINGLE_FAMILY,"4609 Cliffstone Cv, Austin, TX, 78735",Austin,TX,78735,30.243595,-97.823494,75.0,56.0,,sold,2026-08-10T08:51:50.173847,2.0,1.0
7152676646,2980433672,SOLD,750000,,3.0,2.0,2756.0,15037.0,2000.0,SINGLE_FAMILY,"5000 Mission Oaks Blvd Unit 46, Austin, TX, 78735",Austin,TX,78735,30.243322,-97.836953,320.0,305.0,,sold,2026-08-10T08:51:50.173847,2.0,2.0
7217616662,2985206901,SOLD,799900,,4.0,2.0,2976.0,15037.0,2000.0,CONDOS,"5000 Mission Oaks Blvd Unit 61, Austin, TX, 78735",Austin,TX,78735,30.243322,-97.836953,242.0,183.0,,sold,2026-08-10T08:51:50.173847,2.0,2.0
